Using specified PP/TP/DP: PP=2, TP=8, DP=1
=================================================
 Mode: profile
 Model: meta-llama/Llama-3.3-70B-Instruct
 World Size: 16 (2 nodes x 8 GPUs)
 PP/TP/DP combinations:
   PP=2, TP=8, DP=1
=================================================
=================================================
RUN_ID            : Llama-3.3-70B-Instruct-8-1-2-8-1
Mode              : profile
Batch/Micro       : 8 / 1
PP/TP/DP          : 2 / 8 / 1
RDZV              : 192.168.100.107:29501
=================================================
Waiting for master rendezvous...
W0127 07:36:58.190000 60 site-packages/torch/distributed/run.py:793] 
W0127 07:36:58.190000 60 site-packages/torch/distributed/run.py:793] *****************************************
W0127 07:36:58.190000 60 site-packages/torch/distributed/run.py:793] Setting OMP_NUM_THREADS environment variable for each process to be 1 in default, to avoid your system being overloaded, please further tune the variable for optimal performance in your application as needed. 
W0127 07:36:58.190000 60 site-packages/torch/distributed/run.py:793] *****************************************
[2026-01-27 07:37:02]  rank:11, world_size:16, init_method:tcp://192.168.100.107:29501[2026-01-27 07:37:02]  rank:8, world_size:16, init_method:tcp://192.168.100.107:29501[2026-01-27 07:37:02]  rank:15, world_size:16, init_method:tcp://192.168.100.107:29501


[2026-01-27 07:37:02]  rank:14, world_size:16, init_method:tcp://192.168.100.107:29501
[2026-01-27 07:37:02]  rank:10, world_size:16, init_method:tcp://192.168.100.107:29501
[2026-01-27 07:37:02]  rank:13, world_size:16, init_method:tcp://192.168.100.107:29501
[2026-01-27 07:37:02]  rank:12, world_size:16, init_method:tcp://192.168.100.107:29501[2026-01-27 07:37:02]  rank:9, world_size:16, init_method:tcp://192.168.100.107:29501

[2026-01-27 07:37:05] [rank:8] torch=2.5.0+cu124, transformers=4.46.2 ✓
[2026-01-27 07:37:05] [rank:9] torch=2.5.0+cu124, transformers=4.46.2 ✓
[2026-01-27 07:37:05] [rank:11] torch=2.5.0+cu124, transformers=4.46.2 ✓
[2026-01-27 07:37:05] [rank:10] torch=2.5.0+cu124, transformers=4.46.2 ✓
[2026-01-27 07:37:05] [rank:14] torch=2.5.0+cu124, transformers=4.46.2 ✓
[2026-01-27 07:37:05] [rank:12] torch=2.5.0+cu124, transformers=4.46.2 ✓
[2026-01-27 07:37:05] [rank:13] torch=2.5.0+cu124, transformers=4.46.2 ✓
[2026-01-27 07:37:05] [rank:15] torch=2.5.0+cu124, transformers=4.46.2 ✓
[2026-01-27 07:37:05] [local_rank:7] Waiting for rank 0...
[2026-01-27 07:37:05] [local_rank:2] Waiting for rank 0...
[2026-01-27 07:37:05] [local_rank:1] Waiting for rank 0...
[2026-01-27 07:37:05] ===> Model loading...
[2026-01-27 07:37:05] > Model: meta-llama/Llama-3.3-70B-Instruct (70B architecture)
[2026-01-27 07:37:05] > Config: hidden_size=8192, intermediate_size=28672, num_attention_heads=64, num_key_value_heads=8
[2026-01-27 07:37:05] > Using 8 layers (full model: 80 layers)
[2026-01-27 07:37:05] > Tokenizer vocab_size: 128000, Using: 128256
[2026-01-27 07:37:05] [local_rank:3] Waiting for rank 0...
[2026-01-27 07:37:05] [local_rank:6] Waiting for rank 0...
[2026-01-27 07:37:05] [local_rank:5] Waiting for rank 0...
[2026-01-27 07:37:05] [local_rank:4] Waiting for rank 0...
[2026-01-27 07:38:24] > [PROFILE MODE] 8-layer Llama 70B model
[2026-01-27 07:38:24] > Total parameters: 8,946,589,696
[2026-01-27 07:38:24] > PP=2, TP=8, DP=1
[2026-01-27 07:38:24] > GBS=8, MBS=1, #MB=8
[2026-01-27 07:38:24] [rank:8] Available GPUs per server: 8
[2026-01-27 07:38:24] [rank:8] GPU mode is used.
[2026-01-27 07:38:24] [rank:8] Communication already initialized
[2026-01-27 07:38:24] [rank:8] before init_device_mesh
[2026-01-27 07:38:24] [rank:8] after init_device_mesh
[2026-01-27 07:38:24] [rank:8] pp group:DeviceMesh('cuda', [0, 8], mesh_dim_names=('pp',))
[2026-01-27 07:38:24] [rank:8] tp group:DeviceMesh('cuda', [8, 9, 10, 11, 12, 13, 14, 15], mesh_dim_names=('tp',))
[2026-01-27 07:38:24] [rank:8] dp group:DeviceMesh('cuda', [8], mesh_dim_names=('dp',))
[2026-01-27 07:38:24] [rank:8] Using GPU ... cuda:0
[2026-01-27 07:38:24] [rank:8] model class name: LlamaForCausalLM
[2026-01-27 07:38:24] [rank:8] split method: llama-tp-split
 ### Rank:8, name:submod_1, move submod_1 to cuda:0
[2026-01-27 07:38:26] [rank:8] clean_module_memory
[2026-01-27 07:38:26] [rank:8] PARALLEL MODE PROCESSING
[2026-01-27 07:38:48] [local_rank:5] Rank 0 finished[2026-01-27 07:38:48] [local_rank:4] Rank 0 finished

[2026-01-27 07:38:48] [local_rank:1] Rank 0 finished
[2026-01-27 07:38:48] [local_rank:5] Waiting for rank 1...[2026-01-27 07:38:48] [local_rank:4] Waiting for rank 1...

[2026-01-27 07:38:48] [local_rank:2] Rank 0 finished
[2026-01-27 07:38:48] [local_rank:2] Waiting for rank 1...[2026-01-27 07:38:48] [local_rank:7] Rank 0 finished

[2026-01-27 07:38:48] [local_rank:3] Rank 0 finished[2026-01-27 07:38:48] [local_rank:7] Waiting for rank 1...

[2026-01-27 07:38:48] [local_rank:6] Rank 0 finished
[2026-01-27 07:38:48] [local_rank:3] Waiting for rank 1...
[2026-01-27 07:38:48] [local_rank:6] Waiting for rank 1...
[2026-01-27 07:40:06] [rank:9] GPU mode is used.
[2026-01-27 07:40:06] [rank:9] Communication already initialized
[2026-01-27 07:40:06] [rank:9] before init_device_mesh
[2026-01-27 07:40:06] [rank:9] after init_device_mesh
[2026-01-27 07:40:06] [rank:9] pp group:DeviceMesh('cuda', [1, 9], mesh_dim_names=('pp',))
[2026-01-27 07:40:06] [rank:9] tp group:DeviceMesh('cuda', [8, 9, 10, 11, 12, 13, 14, 15], mesh_dim_names=('tp',))
[2026-01-27 07:40:06] [rank:9] dp group:DeviceMesh('cuda', [9], mesh_dim_names=('dp',))
[2026-01-27 07:40:06] [rank:9] Using GPU ... cuda:1
[2026-01-27 07:40:06] [rank:9] model class name: LlamaForCausalLM
[2026-01-27 07:40:06] [rank:9] split method: llama-tp-split
 ### Rank:9, name:submod_1, move submod_1 to cuda:1
[2026-01-27 07:40:08] [rank:9] clean_module_memory
[2026-01-27 07:40:08] [rank:9] PARALLEL MODE PROCESSING
[2026-01-27 07:40:28] [local_rank:6] Rank 1 finished
[2026-01-27 07:40:28] [local_rank:6] Waiting for rank 2...
[2026-01-27 07:40:28] [local_rank:2] Rank 1 finished
[2026-01-27 07:40:28] [local_rank:4] Rank 1 finished
[2026-01-27 07:40:28] [local_rank:7] Rank 1 finished
[2026-01-27 07:40:28] [local_rank:4] Waiting for rank 2...
[2026-01-27 07:40:28] [local_rank:3] Rank 1 finished
[2026-01-27 07:40:28] [local_rank:7] Waiting for rank 2...
[2026-01-27 07:40:28] [local_rank:3] Waiting for rank 2...
[2026-01-27 07:40:28] [local_rank:5] Rank 1 finished
[2026-01-27 07:40:28] [local_rank:5] Waiting for rank 2...
[2026-01-27 07:41:46] [rank:10] GPU mode is used.
[2026-01-27 07:41:46] [rank:10] Communication already initialized
[2026-01-27 07:41:46] [rank:10] before init_device_mesh
[2026-01-27 07:41:46] [rank:10] after init_device_mesh
[2026-01-27 07:41:46] [rank:10] pp group:DeviceMesh('cuda', [2, 10], mesh_dim_names=('pp',))
[2026-01-27 07:41:46] [rank:10] tp group:DeviceMesh('cuda', [8, 9, 10, 11, 12, 13, 14, 15], mesh_dim_names=('tp',))
[2026-01-27 07:41:46] [rank:10] dp group:DeviceMesh('cuda', [10], mesh_dim_names=('dp',))
[2026-01-27 07:41:46] [rank:10] Using GPU ... cuda:2
[2026-01-27 07:41:46] [rank:10] model class name: LlamaForCausalLM
[2026-01-27 07:41:46] [rank:10] split method: llama-tp-split
 ### Rank:10, name:submod_1, move submod_1 to cuda:2
[2026-01-27 07:41:48] [rank:10] clean_module_memory
[2026-01-27 07:41:48] [rank:10] PARALLEL MODE PROCESSING
[2026-01-27 07:42:11] [local_rank:4] Rank 2 finished
[2026-01-27 07:42:11] [local_rank:4] Waiting for rank 3...
[2026-01-27 07:42:11] [local_rank:5] Rank 2 finished[2026-01-27 07:42:11] [local_rank:6] Rank 2 finished

[2026-01-27 07:42:11] [local_rank:6] Waiting for rank 3...[2026-01-27 07:42:11] [local_rank:5] Waiting for rank 3...

[2026-01-27 07:42:11] [local_rank:7] Rank 2 finished
[2026-01-27 07:42:11] [local_rank:7] Waiting for rank 3...
[2026-01-27 07:42:11] [local_rank:3] Rank 2 finished
[2026-01-27 07:43:28] [rank:11] GPU mode is used.
[2026-01-27 07:43:28] [rank:11] Communication already initialized
[2026-01-27 07:43:28] [rank:11] before init_device_mesh
[2026-01-27 07:43:28] [rank:11] after init_device_mesh
[2026-01-27 07:43:28] [rank:11] pp group:DeviceMesh('cuda', [3, 11], mesh_dim_names=('pp',))
[2026-01-27 07:43:28] [rank:11] tp group:DeviceMesh('cuda', [8, 9, 10, 11, 12, 13, 14, 15], mesh_dim_names=('tp',))
[2026-01-27 07:43:28] [rank:11] dp group:DeviceMesh('cuda', [11], mesh_dim_names=('dp',))
[2026-01-27 07:43:29] [rank:11] Using GPU ... cuda:3
[2026-01-27 07:43:29] [rank:11] model class name: LlamaForCausalLM
[2026-01-27 07:43:29] [rank:11] split method: llama-tp-split
 ### Rank:11, name:submod_1, move submod_1 to cuda:3
[2026-01-27 07:43:30] [rank:11] clean_module_memory
[2026-01-27 07:43:30] [rank:11] PARALLEL MODE PROCESSING
[2026-01-27 07:43:55] [local_rank:7] Rank 3 finished
[2026-01-27 07:43:55] [local_rank:7] Waiting for rank 4...
[2026-01-27 07:43:55] [local_rank:4] Rank 3 finished
[2026-01-27 07:43:55] [local_rank:5] Rank 3 finished
[2026-01-27 07:43:55] [local_rank:5] Waiting for rank 4...
[2026-01-27 07:43:55] [local_rank:6] Rank 3 finished
[2026-01-27 07:43:55] [local_rank:6] Waiting for rank 4...
[2026-01-27 07:45:13] [rank:12] GPU mode is used.
[2026-01-27 07:45:13] [rank:12] Communication already initialized
[2026-01-27 07:45:13] [rank:12] before init_device_mesh
[2026-01-27 07:45:13] [rank:12] after init_device_mesh
[2026-01-27 07:45:13] [rank:12] pp group:DeviceMesh('cuda', [4, 12], mesh_dim_names=('pp',))
[2026-01-27 07:45:13] [rank:12] tp group:DeviceMesh('cuda', [8, 9, 10, 11, 12, 13, 14, 15], mesh_dim_names=('tp',))
[2026-01-27 07:45:13] [rank:12] dp group:DeviceMesh('cuda', [12], mesh_dim_names=('dp',))
[2026-01-27 07:45:13] [rank:12] Using GPU ... cuda:4
[2026-01-27 07:45:13] [rank:12] model class name: LlamaForCausalLM
[2026-01-27 07:45:13] [rank:12] split method: llama-tp-split
 ### Rank:12, name:submod_1, move submod_1 to cuda:4
[2026-01-27 07:45:15] [rank:12] clean_module_memory
[2026-01-27 07:45:15] [rank:12] PARALLEL MODE PROCESSING
[2026-01-27 07:45:36] [local_rank:5] Rank 4 finished
[2026-01-27 07:45:36] [local_rank:7] Rank 4 finished
[2026-01-27 07:45:36] [local_rank:7] Waiting for rank 5...
[2026-01-27 07:45:36] [local_rank:6] Rank 4 finished
[2026-01-27 07:45:36] [local_rank:6] Waiting for rank 5...
[2026-01-27 07:46:54] [rank:13] GPU mode is used.
[2026-01-27 07:46:54] [rank:13] Communication already initialized
[2026-01-27 07:46:54] [rank:13] before init_device_mesh
[2026-01-27 07:46:54] [rank:13] after init_device_mesh
[2026-01-27 07:46:54] [rank:13] pp group:DeviceMesh('cuda', [5, 13], mesh_dim_names=('pp',))
[2026-01-27 07:46:54] [rank:13] tp group:DeviceMesh('cuda', [8, 9, 10, 11, 12, 13, 14, 15], mesh_dim_names=('tp',))
[2026-01-27 07:46:54] [rank:13] dp group:DeviceMesh('cuda', [13], mesh_dim_names=('dp',))
[2026-01-27 07:46:54] [rank:13] Using GPU ... cuda:5
[2026-01-27 07:46:54] [rank:13] model class name: LlamaForCausalLM
[2026-01-27 07:46:54] [rank:13] split method: llama-tp-split
 ### Rank:13, name:submod_1, move submod_1 to cuda:5
[2026-01-27 07:46:56] [rank:13] clean_module_memory
[2026-01-27 07:46:56] [rank:13] PARALLEL MODE PROCESSING
[2026-01-27 07:47:18] [local_rank:7] Rank 5 finished
[2026-01-27 07:47:18] [local_rank:7] Waiting for rank 6...
[2026-01-27 07:47:18] [local_rank:6] Rank 5 finished
[2026-01-27 07:48:39] [rank:14] GPU mode is used.
[2026-01-27 07:48:39] [rank:14] Communication already initialized
[2026-01-27 07:48:39] [rank:14] before init_device_mesh
[2026-01-27 07:48:39] [rank:14] after init_device_mesh
[2026-01-27 07:48:39] [rank:14] pp group:DeviceMesh('cuda', [6, 14], mesh_dim_names=('pp',))
[2026-01-27 07:48:39] [rank:14] tp group:DeviceMesh('cuda', [8, 9, 10, 11, 12, 13, 14, 15], mesh_dim_names=('tp',))
[2026-01-27 07:48:39] [rank:14] dp group:DeviceMesh('cuda', [14], mesh_dim_names=('dp',))
[2026-01-27 07:48:39] [rank:14] Using GPU ... cuda:6
[2026-01-27 07:48:39] [rank:14] model class name: LlamaForCausalLM
[2026-01-27 07:48:39] [rank:14] split method: llama-tp-split
 ### Rank:14, name:submod_1, move submod_1 to cuda:6
[2026-01-27 07:48:42] [rank:14] clean_module_memory
[2026-01-27 07:48:42] [rank:14] PARALLEL MODE PROCESSING
[2026-01-27 07:48:52] [local_rank:7] Rank 6 finished
[2026-01-27 07:50:10] [rank:15] GPU mode is used.
[2026-01-27 07:50:10] [rank:15] Communication already initialized
[2026-01-27 07:50:10] [rank:15] before init_device_mesh
[2026-01-27 07:50:10] [rank:15] after init_device_mesh
[2026-01-27 07:50:10] [rank:15] pp group:DeviceMesh('cuda', [7, 15], mesh_dim_names=('pp',))
[2026-01-27 07:50:10] [rank:15] tp group:DeviceMesh('cuda', [8, 9, 10, 11, 12, 13, 14, 15], mesh_dim_names=('tp',))
[2026-01-27 07:50:10] [rank:15] dp group:DeviceMesh('cuda', [15], mesh_dim_names=('dp',))
[2026-01-27 07:50:10] [rank:15] Using GPU ... cuda:7
[2026-01-27 07:50:10] [rank:15] model class name: LlamaForCausalLM
[2026-01-27 07:50:10] [rank:15] split method: llama-tp-split
 ### Rank:15, name:submod_1, move submod_1 to cuda:7
[2026-01-27 07:50:12] [rank:15] clean_module_memory
[2026-01-27 07:50:12] [rank:15] PARALLEL MODE PROCESSING
 >> rank:11 -----------------------------------------------
rank: 11, #### last layer id:7
 >> rank:11 -----------------------------------------------
>>>> self.tpl.tp_mesh.size(): 8
 >> rank:15 -----------------------------------------------
rank: 15, #### last layer id:7
 >> rank:15 -----------------------------------------------
>model_layers_5_self_attn_q_proj ==> node.args[3]:64
>>>> self.tpl.tp_mesh.size(): 8
> >model_layers_5_self_attn_q_proj ==> node.args[3]:8
>model_layers_5_self_attn_q_proj ==> node.args[3]:64
>>model_layers_5_self_attn_k_proj ===> node.args[3]:8
>> >> model_layers_5_self_attn_k_proj ===> node.args[3]:1
> >model_layers_5_self_attn_q_proj ==> node.args[3]:8 >> rank:12 ----------------------------------------------->>>model_layers_5_self_attn_v_proj ===> node.args[3]:8


rank: 12, #### last layer id:7>>model_layers_5_self_attn_k_proj ===> node.args[3]:8

 >> rank:12 -----------------------------------------------
>>> >>>model_layers_5_self_attn_v_proj ===> node.args[3]:1 >> rank:9 -----------------------------------------------
>> >> model_layers_5_self_attn_k_proj ===> node.args[3]:1

rank: 9, #### last layer id:7
 >> rank:9 ----------------------------------------------->>>> self.tpl.tp_mesh.size(): 8>>>model_layers_5_self_attn_v_proj ===> node.args[3]:8


>model_layers_6_self_attn_q_proj ==> node.args[3]:64
 >> rank:14 -----------------------------------------------
>>> >>>model_layers_5_self_attn_v_proj ===> node.args[3]:1
rank: 14, #### last layer id:7
 >> rank:14 -----------------------------------------------
> >model_layers_6_self_attn_q_proj ==> node.args[3]:8
>>model_layers_6_self_attn_k_proj ===> node.args[3]:8
>>>> self.tpl.tp_mesh.size(): 8
>model_layers_5_self_attn_q_proj ==> node.args[3]:64
>>>> self.tpl.tp_mesh.size(): 8
>model_layers_6_self_attn_q_proj ==> node.args[3]:64
>> >> model_layers_6_self_attn_k_proj ===> node.args[3]:1
>>>model_layers_6_self_attn_v_proj ===> node.args[3]:8
> >model_layers_6_self_attn_q_proj ==> node.args[3]:8
>>model_layers_6_self_attn_k_proj ===> node.args[3]:8>>> >>>model_layers_6_self_attn_v_proj ===> node.args[3]:1

>model_layers_5_self_attn_q_proj ==> node.args[3]:64
>> >> model_layers_6_self_attn_k_proj ===> node.args[3]:1> >model_layers_5_self_attn_q_proj ==> node.args[3]:8

>>>model_layers_6_self_attn_v_proj ===> node.args[3]:8
>>model_layers_5_self_attn_k_proj ===> node.args[3]:8
>model_layers_7_self_attn_q_proj ==> node.args[3]:64
>>> >>>model_layers_6_self_attn_v_proj ===> node.args[3]:1
>model_layers_5_self_attn_q_proj ==> node.args[3]:64> >model_layers_5_self_attn_q_proj ==> node.args[3]:8>> >> model_layers_5_self_attn_k_proj ===> node.args[3]:1> >model_layers_7_self_attn_q_proj ==> node.args[3]:8



>>model_layers_7_self_attn_k_proj ===> node.args[3]:8>>>model_layers_5_self_attn_v_proj ===> node.args[3]:8>>model_layers_5_self_attn_k_proj ===> node.args[3]:8


>model_layers_7_self_attn_q_proj ==> node.args[3]:64
>> >> model_layers_7_self_attn_k_proj ===> node.args[3]:1
>>> >>>model_layers_5_self_attn_v_proj ===> node.args[3]:1
>>>model_layers_7_self_attn_v_proj ===> node.args[3]:8>> >> model_layers_5_self_attn_k_proj ===> node.args[3]:1

> >model_layers_7_self_attn_q_proj ==> node.args[3]:8
>>>model_layers_5_self_attn_v_proj ===> node.args[3]:8
>>model_layers_7_self_attn_k_proj ===> node.args[3]:8
>>> >>>model_layers_7_self_attn_v_proj ===> node.args[3]:1
>model_layers_6_self_attn_q_proj ==> node.args[3]:64>>> >>>model_layers_5_self_attn_v_proj ===> node.args[3]:1

>> >> model_layers_7_self_attn_k_proj ===> node.args[3]:1
>>>model_layers_7_self_attn_v_proj ===> node.args[3]:8> >model_layers_5_self_attn_q_proj ==> node.args[3]:8

> >model_layers_6_self_attn_q_proj ==> node.args[3]:8
 >> rank:8 ----------------------------------------------->>model_layers_5_self_attn_k_proj ===> node.args[3]:8>>model_layers_6_self_attn_k_proj ===> node.args[3]:8

>>> >>>model_layers_7_self_attn_v_proj ===> node.args[3]:1

rank: 8, #### last layer id:7>model_layers_6_self_attn_q_proj ==> node.args[3]:64

 >> rank:8 -----------------------------------------------
>> >> model_layers_6_self_attn_k_proj ===> node.args[3]:1
>> >> model_layers_5_self_attn_k_proj ===> node.args[3]:1
 >> rank:13 ----------------------------------------------- >> rank:10 ----------------------------------------------->>>model_layers_6_self_attn_v_proj ===> node.args[3]:8> >model_layers_6_self_attn_q_proj ==> node.args[3]:8



>>>model_layers_5_self_attn_v_proj ===> node.args[3]:8
rank: 10, #### last layer id:7rank: 13, #### last layer id:7>>model_layers_6_self_attn_k_proj ===> node.args[3]:8


>>> >>>model_layers_6_self_attn_v_proj ===> node.args[3]:1 >> rank:13 ----------------------------------------------- >> rank:10 -----------------------------------------------
>>> >>>model_layers_5_self_attn_v_proj ===> node.args[3]:1


>>>> self.tpl.tp_mesh.size(): 8>> >> model_layers_6_self_attn_k_proj ===> node.args[3]:1

>>>model_layers_6_self_attn_v_proj ===> node.args[3]:8
>model_layers_7_self_attn_q_proj ==> node.args[3]:64
>>> >>>model_layers_6_self_attn_v_proj ===> node.args[3]:1
>>>> self.tpl.tp_mesh.size(): 8>>>> self.tpl.tp_mesh.size(): 8

>model_layers_6_self_attn_q_proj ==> node.args[3]:64
> >model_layers_7_self_attn_q_proj ==> node.args[3]:8
>>model_layers_7_self_attn_k_proj ===> node.args[3]:8
> >model_layers_6_self_attn_q_proj ==> node.args[3]:8
>model_layers_7_self_attn_q_proj ==> node.args[3]:64
>> >> model_layers_7_self_attn_k_proj ===> node.args[3]:1
>>model_layers_6_self_attn_k_proj ===> node.args[3]:8
>>>model_layers_7_self_attn_v_proj ===> node.args[3]:8
> >model_layers_7_self_attn_q_proj ==> node.args[3]:8
>model_layers_5_self_attn_q_proj ==> node.args[3]:64>> >> model_layers_6_self_attn_k_proj ===> node.args[3]:1
>>> >>>model_layers_7_self_attn_v_proj ===> node.args[3]:1>>model_layers_7_self_attn_k_proj ===> node.args[3]:8


>>>model_layers_6_self_attn_v_proj ===> node.args[3]:8
>> >> model_layers_7_self_attn_k_proj ===> node.args[3]:1>>> >>>model_layers_6_self_attn_v_proj ===> node.args[3]:1>model_layers_5_self_attn_q_proj ==> node.args[3]:64>model_layers_5_self_attn_q_proj ==> node.args[3]:64



>>>model_layers_7_self_attn_v_proj ===> node.args[3]:8
>>> >>>model_layers_7_self_attn_v_proj ===> node.args[3]:1
> >model_layers_5_self_attn_q_proj ==> node.args[3]:8
>>model_layers_5_self_attn_k_proj ===> node.args[3]:8
>model_layers_7_self_attn_q_proj ==> node.args[3]:64>> >> model_layers_5_self_attn_k_proj ===> node.args[3]:1

>>>model_layers_5_self_attn_v_proj ===> node.args[3]:8
> >model_layers_5_self_attn_q_proj ==> node.args[3]:8
> >model_layers_7_self_attn_q_proj ==> node.args[3]:8
>>> >>>model_layers_5_self_attn_v_proj ===> node.args[3]:1>>model_layers_5_self_attn_k_proj ===> node.args[3]:8>>model_layers_7_self_attn_k_proj ===> node.args[3]:8
> >model_layers_5_self_attn_q_proj ==> node.args[3]:8


>>model_layers_5_self_attn_k_proj ===> node.args[3]:8
>> >> model_layers_7_self_attn_k_proj ===> node.args[3]:1
>>>model_layers_7_self_attn_v_proj ===> node.args[3]:8>> >> model_layers_5_self_attn_k_proj ===> node.args[3]:1
>model_layers_6_self_attn_q_proj ==> node.args[3]:64

>> >> model_layers_5_self_attn_k_proj ===> node.args[3]:1
>>>model_layers_5_self_attn_v_proj ===> node.args[3]:8
>>>model_layers_5_self_attn_v_proj ===> node.args[3]:8>>> >>>model_layers_7_self_attn_v_proj ===> node.args[3]:1

> >model_layers_6_self_attn_q_proj ==> node.args[3]:8
>>model_layers_6_self_attn_k_proj ===> node.args[3]:8
>>> >>>model_layers_5_self_attn_v_proj ===> node.args[3]:1
>>> >>>model_layers_5_self_attn_v_proj ===> node.args[3]:1
>> >> model_layers_6_self_attn_k_proj ===> node.args[3]:1
>>>model_layers_6_self_attn_v_proj ===> node.args[3]:8
>>> >>>model_layers_6_self_attn_v_proj ===> node.args[3]:1
>model_layers_6_self_attn_q_proj ==> node.args[3]:64>model_layers_6_self_attn_q_proj ==> node.args[3]:64

>model_layers_7_self_attn_q_proj ==> node.args[3]:64
> >model_layers_6_self_attn_q_proj ==> node.args[3]:8
>>model_layers_6_self_attn_k_proj ===> node.args[3]:8> >model_layers_7_self_attn_q_proj ==> node.args[3]:8

> >model_layers_6_self_attn_q_proj ==> node.args[3]:8
>>model_layers_7_self_attn_k_proj ===> node.args[3]:8
>>model_layers_6_self_attn_k_proj ===> node.args[3]:8>> >> model_layers_6_self_attn_k_proj ===> node.args[3]:1

>> >> model_layers_7_self_attn_k_proj ===> node.args[3]:1>>>model_layers_6_self_attn_v_proj ===> node.args[3]:8

>>>model_layers_7_self_attn_v_proj ===> node.args[3]:8
>> >> model_layers_6_self_attn_k_proj ===> node.args[3]:1
>>> >>>model_layers_6_self_attn_v_proj ===> node.args[3]:1
>>> >>>model_layers_7_self_attn_v_proj ===> node.args[3]:1>>>model_layers_6_self_attn_v_proj ===> node.args[3]:8

>>> >>>model_layers_6_self_attn_v_proj ===> node.args[3]:1
>model_layers_7_self_attn_q_proj ==> node.args[3]:64
>model_layers_7_self_attn_q_proj ==> node.args[3]:64> >model_layers_7_self_attn_q_proj ==> node.args[3]:8

>>model_layers_7_self_attn_k_proj ===> node.args[3]:8
> >model_layers_7_self_attn_q_proj ==> node.args[3]:8
>> >> model_layers_7_self_attn_k_proj ===> node.args[3]:1
>>model_layers_7_self_attn_k_proj ===> node.args[3]:8
>>>model_layers_7_self_attn_v_proj ===> node.args[3]:8
>> >> model_layers_7_self_attn_k_proj ===> node.args[3]:1
>>> >>>model_layers_7_self_attn_v_proj ===> node.args[3]:1
>>>model_layers_7_self_attn_v_proj ===> node.args[3]:8
>>> >>>model_layers_7_self_attn_v_proj ===> node.args[3]:1
[2026-01-27 07:50:35]  special_nodes | total=1 far=0 max_span=0 dropped_submod_adj=1
[2026-01-27 07:50:35] [rank:9] Optimus_p initialized
Using the latest cached version of the dataset since squad couldn't be found on the Hugging Face Hub (offline mode is enabled).
WARNING:datasets.load:Using the latest cached version of the dataset since squad couldn't be found on the Hugging Face Hub (offline mode is enabled).
[2026-01-27 07:50:35]  special_nodes | total=1 far=0 max_span=0 dropped_submod_adj=1
[2026-01-27 07:50:35] [rank:15] Optimus_p initialized
Found the latest cached dataset configuration 'plain_text' at /root/.cache/huggingface/datasets/squad/plain_text/0.0.0/7b6d24c440a36b6815f21b70d25016731768db1f (last modified on Wed Nov 12 05:58:19 2025).
WARNING:datasets.packaged_modules.cache.cache:Found the latest cached dataset configuration 'plain_text' at /root/.cache/huggingface/datasets/squad/plain_text/0.0.0/7b6d24c440a36b6815f21b70d25016731768db1f (last modified on Wed Nov 12 05:58:19 2025).
[2026-01-27 07:50:35]  special_nodes | total=1 far=0 max_span=0 dropped_submod_adj=1
[2026-01-27 07:50:35] [rank:12] Optimus_p initialized
[2026-01-27 07:50:35]  special_nodes | total=1 far=0 max_span=0 dropped_submod_adj=1
[2026-01-27 07:50:35] [rank:8] Optimus_p initialized
[2026-01-27 07:50:35] ===> Model loading completed
[2026-01-27 07:50:35]  special_nodes | total=1 far=0 max_span=0 dropped_submod_adj=1
[2026-01-27 07:50:35] [rank:11] Optimus_p initialized
[2026-01-27 07:50:35]  special_nodes | total=1 far=0 max_span=0 dropped_submod_adj=1
[2026-01-27 07:50:35] [rank:14] Optimus_p initialized
[2026-01-27 07:50:35]  special_nodes | total=1 far=0 max_span=0 dropped_submod_adj=1
[2026-01-27 07:50:35] [rank:13] Optimus_p initialized
Using the latest cached version of the dataset since squad couldn't be found on the Hugging Face Hub (offline mode is enabled).
WARNING:datasets.load:Using the latest cached version of the dataset since squad couldn't be found on the Hugging Face Hub (offline mode is enabled).
Using the latest cached version of the dataset since squad couldn't be found on the Hugging Face Hub (offline mode is enabled).
WARNING:datasets.load:Using the latest cached version of the dataset since squad couldn't be found on the Hugging Face Hub (offline mode is enabled).
Found the latest cached dataset configuration 'plain_text' at /root/.cache/huggingface/datasets/squad/plain_text/0.0.0/7b6d24c440a36b6815f21b70d25016731768db1f (last modified on Wed Nov 12 05:58:19 2025).
Using the latest cached version of the dataset since squad couldn't be found on the Hugging Face Hub (offline mode is enabled).
WARNING:datasets.packaged_modules.cache.cache:Found the latest cached dataset configuration 'plain_text' at /root/.cache/huggingface/datasets/squad/plain_text/0.0.0/7b6d24c440a36b6815f21b70d25016731768db1f (last modified on Wed Nov 12 05:58:19 2025).
WARNING:datasets.load:Using the latest cached version of the dataset since squad couldn't be found on the Hugging Face Hub (offline mode is enabled).
[2026-01-27 07:50:35]  special_nodes | total=1 far=0 max_span=0 dropped_submod_adj=1
[2026-01-27 07:50:35] [rank:10] Optimus_p initialized
Using the latest cached version of the dataset since squad couldn't be found on the Hugging Face Hub (offline mode is enabled).
WARNING:datasets.load:Using the latest cached version of the dataset since squad couldn't be found on the Hugging Face Hub (offline mode is enabled).
Using the latest cached version of the dataset since squad couldn't be found on the Hugging Face Hub (offline mode is enabled).
WARNING:datasets.load:Using the latest cached version of the dataset since squad couldn't be found on the Hugging Face Hub (offline mode is enabled).
Found the latest cached dataset configuration 'plain_text' at /root/.cache/huggingface/datasets/squad/plain_text/0.0.0/7b6d24c440a36b6815f21b70d25016731768db1f (last modified on Wed Nov 12 05:58:19 2025).
WARNING:datasets.packaged_modules.cache.cache:Found the latest cached dataset configuration 'plain_text' at /root/.cache/huggingface/datasets/squad/plain_text/0.0.0/7b6d24c440a36b6815f21b70d25016731768db1f (last modified on Wed Nov 12 05:58:19 2025).
Using the latest cached version of the dataset since squad couldn't be found on the Hugging Face Hub (offline mode is enabled).
WARNING:datasets.load:Using the latest cached version of the dataset since squad couldn't be found on the Hugging Face Hub (offline mode is enabled).
Found the latest cached dataset configuration 'plain_text' at /root/.cache/huggingface/datasets/squad/plain_text/0.0.0/7b6d24c440a36b6815f21b70d25016731768db1f (last modified on Wed Nov 12 05:58:19 2025).
WARNING:datasets.packaged_modules.cache.cache:Found the latest cached dataset configuration 'plain_text' at /root/.cache/huggingface/datasets/squad/plain_text/0.0.0/7b6d24c440a36b6815f21b70d25016731768db1f (last modified on Wed Nov 12 05:58:19 2025).
Found the latest cached dataset configuration 'plain_text' at /root/.cache/huggingface/datasets/squad/plain_text/0.0.0/7b6d24c440a36b6815f21b70d25016731768db1f (last modified on Wed Nov 12 05:58:19 2025).
WARNING:datasets.packaged_modules.cache.cache:Found the latest cached dataset configuration 'plain_text' at /root/.cache/huggingface/datasets/squad/plain_text/0.0.0/7b6d24c440a36b6815f21b70d25016731768db1f (last modified on Wed Nov 12 05:58:19 2025).
Found the latest cached dataset configuration 'plain_text' at /root/.cache/huggingface/datasets/squad/plain_text/0.0.0/7b6d24c440a36b6815f21b70d25016731768db1f (last modified on Wed Nov 12 05:58:19 2025).
WARNING:datasets.packaged_modules.cache.cache:Found the latest cached dataset configuration 'plain_text' at /root/.cache/huggingface/datasets/squad/plain_text/0.0.0/7b6d24c440a36b6815f21b70d25016731768db1f (last modified on Wed Nov 12 05:58:19 2025).
Found the latest cached dataset configuration 'plain_text' at /root/.cache/huggingface/datasets/squad/plain_text/0.0.0/7b6d24c440a36b6815f21b70d25016731768db1f (last modified on Wed Nov 12 05:58:19 2025).
WARNING:datasets.packaged_modules.cache.cache:Found the latest cached dataset configuration 'plain_text' at /root/.cache/huggingface/datasets/squad/plain_text/0.0.0/7b6d24c440a36b6815f21b70d25016731768db1f (last modified on Wed Nov 12 05:58:19 2025).
Using the latest cached version of the dataset since squad couldn't be found on the Hugging Face Hub (offline mode is enabled).
WARNING:datasets.load:Using the latest cached version of the dataset since squad couldn't be found on the Hugging Face Hub (offline mode is enabled).
Found the latest cached dataset configuration 'plain_text' at /root/.cache/huggingface/datasets/squad/plain_text/0.0.0/7b6d24c440a36b6815f21b70d25016731768db1f (last modified on Wed Nov 12 05:58:19 2025).
WARNING:datasets.packaged_modules.cache.cache:Found the latest cached dataset configuration 'plain_text' at /root/.cache/huggingface/datasets/squad/plain_text/0.0.0/7b6d24c440a36b6815f21b70d25016731768db1f (last modified on Wed Nov 12 05:58:19 2025).
[2026-01-27 07:50:35] [rank:11] Profile: 10 steps (50 warmup)
[2026-01-27 07:50:35] [rank:9] Profile: 10 steps (50 warmup)
[2026-01-27 07:50:35] [rank:15] Profile: 10 steps (50 warmup)
[2026-01-27 07:50:35] [rank:10] Profile: 10 steps (50 warmup)
[2026-01-27 07:50:35] [rank:8] Profile: 10 steps (50 warmup)
[2026-01-27 07:50:35] [rank:12] Profile: 10 steps (50 warmup)
[2026-01-27 07:50:35] [rank:14] Profile: 10 steps (50 warmup)
[2026-01-27 07:50:35] [rank:13] Profile: 10 steps (50 warmup)
[rank:11] process group destroyed.
>>> EXIT_CODE: 0, ELAPSED_TIME: None
[rank:15] process group destroyed.
>>> EXIT_CODE: 0, ELAPSED_TIME: None
[rank:10] process group destroyed.
>>> EXIT_CODE: 0, ELAPSED_TIME: None
[rank:12] process group destroyed.
>>> EXIT_CODE: 0, ELAPSED_TIME: None
[rank:14] process group destroyed.
>>> EXIT_CODE: 0, ELAPSED_TIME: None
[rank:9] process group destroyed.
>>> EXIT_CODE: 0, ELAPSED_TIME: None
[rank:13] process group destroyed.
>>> EXIT_CODE: 0, ELAPSED_TIME: None
[rank:8] process group destroyed.
>>> EXIT_CODE: 0, ELAPSED_TIME: None
=================================================
RUN_ID            : Llama-3.3-70B-Instruct-16-2-2-8-1
Mode              : profile
Batch/Micro       : 16 / 2
PP/TP/DP          : 2 / 8 / 1
RDZV              : 192.168.100.107:29502
=================================================
Waiting for master rendezvous...
Still waiting...
W0127 07:51:31.592000 6842 site-packages/torch/distributed/run.py:793] 
W0127 07:51:31.592000 6842 site-packages/torch/distributed/run.py:793] *****************************************
W0127 07:51:31.592000 6842 site-packages/torch/distributed/run.py:793] Setting OMP_NUM_THREADS environment variable for each process to be 1 in default, to avoid your system being overloaded, please further tune the variable for optimal performance in your application as needed. 
W0127 07:51:31.592000 6842 site-packages/torch/distributed/run.py:793] *****************************************
[2026-01-27 07:51:35]  rank:14, world_size:16, init_method:tcp://192.168.100.107:29502
[2026-01-27 07:51:35]  rank:9, world_size:16, init_method:tcp://192.168.100.107:29502
[2026-01-27 07:51:35]  rank:8, world_size:16, init_method:tcp://192.168.100.107:29502
[2026-01-27 07:51:35]  rank:11, world_size:16, init_method:tcp://192.168.100.107:29502[2026-01-27 07:51:35]  rank:15, world_size:16, init_method:tcp://192.168.100.107:29502

[2026-01-27 07:51:35]  rank:13, world_size:16, init_method:tcp://192.168.100.107:29502
[2026-01-27 07:51:35]  rank:12, world_size:16, init_method:tcp://192.168.100.107:29502
[2026-01-27 07:51:35]  rank:10, world_size:16, init_method:tcp://192.168.100.107:29502
[2026-01-27 07:51:38] [rank:11] torch=2.5.0+cu124, transformers=4.46.2 ✓
[2026-01-27 07:51:38] [rank:12] torch=2.5.0+cu124, transformers=4.46.2 ✓
[2026-01-27 07:51:38] [rank:14] torch=2.5.0+cu124, transformers=4.46.2 ✓
[2026-01-27 07:51:38] [rank:13] torch=2.5.0+cu124, transformers=4.46.2 ✓
[2026-01-27 07:51:38] [rank:15] torch=2.5.0+cu124, transformers=4.46.2 ✓
[2026-01-27 07:51:38] [rank:9] torch=2.5.0+cu124, transformers=4.46.2 ✓
[2026-01-27 07:51:38] [rank:8] torch=2.5.0+cu124, transformers=4.46.2 ✓
[2026-01-27 07:51:38] [rank:10] torch=2.5.0+cu124, transformers=4.46.2 ✓
[2026-01-27 07:51:39] ===> Model loading...
[2026-01-27 07:51:39] > Model: meta-llama/Llama-3.3-70B-Instruct (70B architecture)
[2026-01-27 07:51:39] > Config: hidden_size=8192, intermediate_size=28672, num_attention_heads=64, num_key_value_heads=8
[2026-01-27 07:51:39] > Using 8 layers (full model: 80 layers)
[2026-01-27 07:51:39] > Tokenizer vocab_size: 128000, Using: 128256
[2026-01-27 07:51:39] [local_rank:1] Waiting for rank 0...
[2026-01-27 07:51:39] [local_rank:7] Waiting for rank 0...
[2026-01-27 07:51:39] [local_rank:6] Waiting for rank 0...
[2026-01-27 07:51:39] [local_rank:4] Waiting for rank 0...
[2026-01-27 07:51:39] [local_rank:2] Waiting for rank 0...
[2026-01-27 07:51:39] [local_rank:5] Waiting for rank 0...
[2026-01-27 07:51:39] [local_rank:3] Waiting for rank 0...
[2026-01-27 07:52:53] > [PROFILE MODE] 8-layer Llama 70B model
[2026-01-27 07:52:53] > Total parameters: 8,946,589,696
[2026-01-27 07:52:53] > PP=2, TP=8, DP=1
[2026-01-27 07:52:53] > GBS=16, MBS=2, #MB=8
[2026-01-27 07:52:54] [rank:8] Available GPUs per server: 8
[2026-01-27 07:52:54] [rank:8] GPU mode is used.
[2026-01-27 07:52:54] [rank:8] Communication already initialized
[2026-01-27 07:52:54] [rank:8] before init_device_mesh
[2026-01-27 07:52:54] [rank:8] after init_device_mesh
[2026-01-27 07:52:54] [rank:8] pp group:DeviceMesh('cuda', [0, 8], mesh_dim_names=('pp',))
[2026-01-27 07:52:54] [rank:8] tp group:DeviceMesh('cuda', [8, 9, 10, 11, 12, 13, 14, 15], mesh_dim_names=('tp',))
[2026-01-27 07:52:54] [rank:8] dp group:DeviceMesh('cuda', [8], mesh_dim_names=('dp',))
[2026-01-27 07:52:54] [rank:8] Using GPU ... cuda:0
[2026-01-27 07:52:54] [rank:8] model class name: LlamaForCausalLM
[2026-01-27 07:52:54] [rank:8] split method: llama-tp-split
 ### Rank:8, name:submod_1, move submod_1 to cuda:0
[2026-01-27 07:52:56] [rank:8] clean_module_memory
[2026-01-27 07:52:56] [rank:8] PARALLEL MODE PROCESSING
[2026-01-27 07:53:17] [local_rank:6] Rank 0 finished
[2026-01-27 07:53:17] [local_rank:6] Waiting for rank 1...
[2026-01-27 07:53:17] [local_rank:4] Rank 0 finished
[2026-01-27 07:53:17] [local_rank:4] Waiting for rank 1...
[2026-01-27 07:53:17] [local_rank:7] Rank 0 finished
[2026-01-27 07:53:17] [local_rank:2] Rank 0 finished
[2026-01-27 07:53:17] [local_rank:7] Waiting for rank 1...
[2026-01-27 07:53:17] [local_rank:2] Waiting for rank 1...
[2026-01-27 07:53:17] [local_rank:3] Rank 0 finished
[2026-01-27 07:53:17] [local_rank:3] Waiting for rank 1...
[2026-01-27 07:53:17] [local_rank:1] Rank 0 finished
[2026-01-27 07:53:17] [local_rank:5] Rank 0 finished
[2026-01-27 07:53:17] [local_rank:5] Waiting for rank 1...
[2026-01-27 07:54:34] [rank:9] GPU mode is used.
[2026-01-27 07:54:34] [rank:9] Communication already initialized
[2026-01-27 07:54:34] [rank:9] before init_device_mesh
[2026-01-27 07:54:34] [rank:9] after init_device_mesh
[2026-01-27 07:54:34] [rank:9] pp group:DeviceMesh('cuda', [1, 9], mesh_dim_names=('pp',))
[2026-01-27 07:54:34] [rank:9] tp group:DeviceMesh('cuda', [8, 9, 10, 11, 12, 13, 14, 15], mesh_dim_names=('tp',))
[2026-01-27 07:54:34] [rank:9] dp group:DeviceMesh('cuda', [9], mesh_dim_names=('dp',))
[2026-01-27 07:54:34] [rank:9] Using GPU ... cuda:1
[2026-01-27 07:54:34] [rank:9] model class name: LlamaForCausalLM
[2026-01-27 07:54:34] [rank:9] split method: llama-tp-split
 ### Rank:9, name:submod_1, move submod_1 to cuda:1
[2026-01-27 07:54:37] [rank:9] clean_module_memory
[2026-01-27 07:54:37] [rank:9] PARALLEL MODE PROCESSING
[2026-01-27 07:54:58] [local_rank:6] Rank 1 finished
[2026-01-27 07:54:58] [local_rank:6] Waiting for rank 2...
[2026-01-27 07:54:58] [local_rank:2] Rank 1 finished
[2026-01-27 07:54:58] [local_rank:4] Rank 1 finished
[2026-01-27 07:54:58] [local_rank:4] Waiting for rank 2...
[2026-01-27 07:54:58] [local_rank:3] Rank 1 finished
[2026-01-27 07:54:58] [local_rank:3] Waiting for rank 2...
[2026-01-27 07:54:58] [local_rank:5] Rank 1 finished[2026-01-27 07:54:58] [local_rank:7] Rank 1 finished

[2026-01-27 07:54:58] [local_rank:5] Waiting for rank 2...
[2026-01-27 07:54:58] [local_rank:7] Waiting for rank 2...
[2026-01-27 07:56:25] [rank:10] GPU mode is used.
[2026-01-27 07:56:25] [rank:10] Communication already initialized
[2026-01-27 07:56:25] [rank:10] before init_device_mesh
[2026-01-27 07:56:25] [rank:10] after init_device_mesh
[2026-01-27 07:56:25] [rank:10] pp group:DeviceMesh('cuda', [2, 10], mesh_dim_names=('pp',))
[2026-01-27 07:56:25] [rank:10] tp group:DeviceMesh('cuda', [8, 9, 10, 11, 12, 13, 14, 15], mesh_dim_names=('tp',))
[2026-01-27 07:56:25] [rank:10] dp group:DeviceMesh('cuda', [10], mesh_dim_names=('dp',))
[2026-01-27 07:56:25] [rank:10] Using GPU ... cuda:2
[2026-01-27 07:56:25] [rank:10] model class name: LlamaForCausalLM
[2026-01-27 07:56:25] [rank:10] split method: llama-tp-split
 ### Rank:10, name:submod_1, move submod_1 to cuda:2
[2026-01-27 07:56:29] [rank:10] clean_module_memory
[2026-01-27 07:56:29] [rank:10] PARALLEL MODE PROCESSING
[2026-01-27 07:56:40] [local_rank:6] Rank 2 finished
[2026-01-27 07:56:40] [local_rank:6] Waiting for rank 3...
[2026-01-27 07:56:40] [local_rank:4] Rank 2 finished
[2026-01-27 07:56:40] [local_rank:4] Waiting for rank 3...
[2026-01-27 07:56:40] [local_rank:7] Rank 2 finished
[2026-01-27 07:56:40] [local_rank:7] Waiting for rank 3...
[2026-01-27 07:56:40] [local_rank:5] Rank 2 finished
[2026-01-27 07:56:40] [local_rank:5] Waiting for rank 3...
[2026-01-27 07:56:40] [local_rank:3] Rank 2 finished
[2026-01-27 07:58:03] [rank:11] GPU mode is used.
[2026-01-27 07:58:03] [rank:11] Communication already initialized
[2026-01-27 07:58:03] [rank:11] before init_device_mesh
[2026-01-27 07:58:03] [rank:11] after init_device_mesh
[2026-01-27 07:58:03] [rank:11] pp group:DeviceMesh('cuda', [3, 11], mesh_dim_names=('pp',))
[2026-01-27 07:58:03] [rank:11] tp group:DeviceMesh('cuda', [8, 9, 10, 11, 12, 13, 14, 15], mesh_dim_names=('tp',))
[2026-01-27 07:58:03] [rank:11] dp group:DeviceMesh('cuda', [11], mesh_dim_names=('dp',))
[2026-01-27 07:58:03] [rank:11] Using GPU ... cuda:3
[2026-01-27 07:58:03] [rank:11] model class name: LlamaForCausalLM
[2026-01-27 07:58:03] [rank:11] split method: llama-tp-split
 ### Rank:11, name:submod_1, move submod_1 to cuda:3
[2026-01-27 07:58:06] [rank:11] clean_module_memory
[2026-01-27 07:58:06] [rank:11] PARALLEL MODE PROCESSING
[2026-01-27 07:58:24] [local_rank:6] Rank 3 finished
[2026-01-27 07:58:24] [local_rank:6] Waiting for rank 4...
[2026-01-27 07:58:24] [local_rank:5] Rank 3 finished
[2026-01-27 07:58:24] [local_rank:7] Rank 3 finished
[2026-01-27 07:58:24] [local_rank:5] Waiting for rank 4...
[2026-01-27 07:58:24] [local_rank:7] Waiting for rank 4...
[2026-01-27 07:58:24] [local_rank:4] Rank 3 finished
[2026-01-27 07:59:47] [rank:12] GPU mode is used.
[2026-01-27 07:59:47] [rank:12] Communication already initialized
[2026-01-27 07:59:47] [rank:12] before init_device_mesh
[2026-01-27 07:59:47] [rank:12] after init_device_mesh
[2026-01-27 07:59:47] [rank:12] pp group:DeviceMesh('cuda', [4, 12], mesh_dim_names=('pp',))
[2026-01-27 07:59:47] [rank:12] tp group:DeviceMesh('cuda', [8, 9, 10, 11, 12, 13, 14, 15], mesh_dim_names=('tp',))
[2026-01-27 07:59:47] [rank:12] dp group:DeviceMesh('cuda', [12], mesh_dim_names=('dp',))
[2026-01-27 07:59:47] [rank:12] Using GPU ... cuda:4
[2026-01-27 07:59:47] [rank:12] model class name: LlamaForCausalLM
[2026-01-27 07:59:47] [rank:12] split method: llama-tp-split
 ### Rank:12, name:submod_1, move submod_1 to cuda:4
[2026-01-27 07:59:52] [rank:12] clean_module_memory
[2026-01-27 07:59:52] [rank:12] PARALLEL MODE PROCESSING
[2026-01-27 08:00:03] [local_rank:6] Rank 4 finished
[2026-01-27 08:00:03] [local_rank:6] Waiting for rank 5...
[2026-01-27 08:00:03] [local_rank:5] Rank 4 finished
[2026-01-27 08:00:03] [local_rank:7] Rank 4 finished
[2026-01-27 08:00:03] [local_rank:7] Waiting for rank 5...
[2026-01-27 08:01:31] [rank:13] GPU mode is used.
[2026-01-27 08:01:31] [rank:13] Communication already initialized
[2026-01-27 08:01:31] [rank:13] before init_device_mesh
[2026-01-27 08:01:31] [rank:13] after init_device_mesh
[2026-01-27 08:01:31] [rank:13] pp group:DeviceMesh('cuda', [5, 13], mesh_dim_names=('pp',))
[2026-01-27 08:01:31] [rank:13] tp group:DeviceMesh('cuda', [8, 9, 10, 11, 12, 13, 14, 15], mesh_dim_names=('tp',))
[2026-01-27 08:01:31] [rank:13] dp group:DeviceMesh('cuda', [13], mesh_dim_names=('dp',))
[2026-01-27 08:01:31] [rank:13] Using GPU ... cuda:5
[2026-01-27 08:01:31] [rank:13] model class name: LlamaForCausalLM
[2026-01-27 08:01:31] [rank:13] split method: llama-tp-split
 ### Rank:13, name:submod_1, move submod_1 to cuda:5
[2026-01-27 08:01:33] [rank:13] clean_module_memory
[2026-01-27 08:01:33] [rank:13] PARALLEL MODE PROCESSING
[2026-01-27 08:01:42] [local_rank:7] Rank 5 finished
[2026-01-27 08:01:42] [local_rank:7] Waiting for rank 6...
[2026-01-27 08:01:42] [local_rank:6] Rank 5 finished
[2026-01-27 08:03:00] [rank:14] GPU mode is used.
[2026-01-27 08:03:00] [rank:14] Communication already initialized
[2026-01-27 08:03:00] [rank:14] before init_device_mesh
[2026-01-27 08:03:00] [rank:14] after init_device_mesh
[2026-01-27 08:03:00] [rank:14] pp group:DeviceMesh('cuda', [6, 14], mesh_dim_names=('pp',))
[2026-01-27 08:03:00] [rank:14] tp group:DeviceMesh('cuda', [8, 9, 10, 11, 12, 13, 14, 15], mesh_dim_names=('tp',))
[2026-01-27 08:03:00] [rank:14] dp group:DeviceMesh('cuda', [14], mesh_dim_names=('dp',))
[2026-01-27 08:03:00] [rank:14] Using GPU ... cuda:6
[2026-01-27 08:03:00] [rank:14] model class name: LlamaForCausalLM
[2026-01-27 08:03:00] [rank:14] split method: llama-tp-split
 ### Rank:14, name:submod_1, move submod_1 to cuda:6
[2026-01-27 08:03:02] [rank:14] clean_module_memory
[2026-01-27 08:03:02] [rank:14] PARALLEL MODE PROCESSING
[2026-01-27 08:03:23] [local_rank:7] Rank 6 finished
[2026-01-27 08:04:44] [rank:15] GPU mode is used.
[2026-01-27 08:04:44] [rank:15] Communication already initialized
[2026-01-27 08:04:44] [rank:15] before init_device_mesh
[2026-01-27 08:04:44] [rank:15] after init_device_mesh
[2026-01-27 08:04:45] [rank:15] pp group:DeviceMesh('cuda', [7, 15], mesh_dim_names=('pp',))
[2026-01-27 08:04:45] [rank:15] tp group:DeviceMesh('cuda', [8, 9, 10, 11, 12, 13, 14, 15], mesh_dim_names=('tp',))
[2026-01-27 08:04:45] [rank:15] dp group:DeviceMesh('cuda', [15], mesh_dim_names=('dp',))
[2026-01-27 08:04:45] [rank:15] Using GPU ... cuda:7
[2026-01-27 08:04:45] [rank:15] model class name: LlamaForCausalLM
[2026-01-27 08:04:45] [rank:15] split method: llama-tp-split
 ### Rank:15, name:submod_1, move submod_1 to cuda:7
[2026-01-27 08:04:49] [rank:15] clean_module_memory
[2026-01-27 08:04:49] [rank:15] PARALLEL MODE PROCESSING
 >> rank:15 -----------------------------------------------
rank: 15, #### last layer id:7
 >> rank:15 -----------------------------------------------
>>>> self.tpl.tp_mesh.size(): 8
>model_layers_5_self_attn_q_proj ==> node.args[3]:64
 >> rank:11 -----------------------------------------------
rank: 11, #### last layer id:7 >> rank:12 -----------------------------------------------
 >> rank:11 -----------------------------------------------

rank: 12, #### last layer id:7
 >> rank:12 -----------------------------------------------
 >> rank:13 ----------------------------------------------->>>> self.tpl.tp_mesh.size(): 8> >model_layers_5_self_attn_q_proj ==> node.args[3]:8>>>> self.tpl.tp_mesh.size(): 8



>>model_layers_5_self_attn_k_proj ===> node.args[3]:8
rank: 13, #### last layer id:7
 >> rank:13 -----------------------------------------------
 >> rank:9 -----------------------------------------------
rank: 9, #### last layer id:7>> >> model_layers_5_self_attn_k_proj ===> node.args[3]:1 >> rank:8 -----------------------------------------------

 >> rank:9 -----------------------------------------------

>>>model_layers_5_self_attn_v_proj ===> node.args[3]:8rank: 8, #### last layer id:7

>>>> self.tpl.tp_mesh.size(): 8 >> rank:8 -----------------------------------------------

>model_layers_5_self_attn_q_proj ==> node.args[3]:64
>>> >>>model_layers_5_self_attn_v_proj ===> node.args[3]:1
>model_layers_5_self_attn_q_proj ==> node.args[3]:64
>>>> self.tpl.tp_mesh.size(): 8
>>>> self.tpl.tp_mesh.size(): 8
>model_layers_6_self_attn_q_proj ==> node.args[3]:64
> >model_layers_5_self_attn_q_proj ==> node.args[3]:8> >model_layers_6_self_attn_q_proj ==> node.args[3]:8

>model_layers_5_self_attn_q_proj ==> node.args[3]:64
>model_layers_5_self_attn_q_proj ==> node.args[3]:64> >model_layers_5_self_attn_q_proj ==> node.args[3]:8>>model_layers_6_self_attn_k_proj ===> node.args[3]:8
>>model_layers_5_self_attn_k_proj ===> node.args[3]:8


>>model_layers_5_self_attn_k_proj ===> node.args[3]:8
>> >> model_layers_6_self_attn_k_proj ===> node.args[3]:1
>>>model_layers_6_self_attn_v_proj ===> node.args[3]:8
>> >> model_layers_5_self_attn_k_proj ===> node.args[3]:1
>>> >>>model_layers_6_self_attn_v_proj ===> node.args[3]:1
>> >> model_layers_5_self_attn_k_proj ===> node.args[3]:1>model_layers_5_self_attn_q_proj ==> node.args[3]:64>>>model_layers_5_self_attn_v_proj ===> node.args[3]:8
> >model_layers_5_self_attn_q_proj ==> node.args[3]:8


>>model_layers_5_self_attn_k_proj ===> node.args[3]:8>>>model_layers_5_self_attn_v_proj ===> node.args[3]:8

>>> >>>model_layers_5_self_attn_v_proj ===> node.args[3]:1> >model_layers_5_self_attn_q_proj ==> node.args[3]:8

>model_layers_7_self_attn_q_proj ==> node.args[3]:64
>>model_layers_5_self_attn_k_proj ===> node.args[3]:8>> >> model_layers_5_self_attn_k_proj ===> node.args[3]:1

> >model_layers_7_self_attn_q_proj ==> node.args[3]:8>>> >>>model_layers_5_self_attn_v_proj ===> node.args[3]:1>>>model_layers_5_self_attn_v_proj ===> node.args[3]:8


>>model_layers_7_self_attn_k_proj ===> node.args[3]:8
 >> rank:14 ----------------------------------------------->>> >>>model_layers_5_self_attn_v_proj ===> node.args[3]:1>> >> model_layers_7_self_attn_k_proj ===> node.args[3]:1>> >> model_layers_5_self_attn_k_proj ===> node.args[3]:1
>model_layers_6_self_attn_q_proj ==> node.args[3]:64> >model_layers_5_self_attn_q_proj ==> node.args[3]:8



rank: 14, #### last layer id:7>>>model_layers_7_self_attn_v_proj ===> node.args[3]:8


 >> rank:14 ----------------------------------------------->>>model_layers_5_self_attn_v_proj ===> node.args[3]:8

>>model_layers_5_self_attn_k_proj ===> node.args[3]:8
>>> >>>model_layers_7_self_attn_v_proj ===> node.args[3]:1
>model_layers_6_self_attn_q_proj ==> node.args[3]:64
> >model_layers_6_self_attn_q_proj ==> node.args[3]:8>>>> self.tpl.tp_mesh.size(): 8>model_layers_6_self_attn_q_proj ==> node.args[3]:64

>> >> model_layers_5_self_attn_k_proj ===> node.args[3]:1>>> >>>model_layers_5_self_attn_v_proj ===> node.args[3]:1


>>model_layers_6_self_attn_k_proj ===> node.args[3]:8
>>>model_layers_5_self_attn_v_proj ===> node.args[3]:8
> >model_layers_6_self_attn_q_proj ==> node.args[3]:8
> >model_layers_6_self_attn_q_proj ==> node.args[3]:8
>>model_layers_6_self_attn_k_proj ===> node.args[3]:8>>model_layers_6_self_attn_k_proj ===> node.args[3]:8

>>> >>>model_layers_5_self_attn_v_proj ===> node.args[3]:1>> >> model_layers_6_self_attn_k_proj ===> node.args[3]:1>model_layers_5_self_attn_q_proj ==> node.args[3]:64


>model_layers_6_self_attn_q_proj ==> node.args[3]:64>> >> model_layers_6_self_attn_k_proj ===> node.args[3]:1

>>>model_layers_6_self_attn_v_proj ===> node.args[3]:8>> >> model_layers_6_self_attn_k_proj ===> node.args[3]:1>>>model_layers_6_self_attn_v_proj ===> node.args[3]:8


>>>model_layers_6_self_attn_v_proj ===> node.args[3]:8
>>> >>>model_layers_6_self_attn_v_proj ===> node.args[3]:1
> >model_layers_6_self_attn_q_proj ==> node.args[3]:8>>> >>>model_layers_6_self_attn_v_proj ===> node.args[3]:1> >model_layers_5_self_attn_q_proj ==> node.args[3]:8>model_layers_6_self_attn_q_proj ==> node.args[3]:64


>>> >>>model_layers_6_self_attn_v_proj ===> node.args[3]:1

>>model_layers_6_self_attn_k_proj ===> node.args[3]:8>>model_layers_5_self_attn_k_proj ===> node.args[3]:8

>model_layers_7_self_attn_q_proj ==> node.args[3]:64
> >model_layers_6_self_attn_q_proj ==> node.args[3]:8
>>model_layers_6_self_attn_k_proj ===> node.args[3]:8>> >> model_layers_5_self_attn_k_proj ===> node.args[3]:1
> >model_layers_7_self_attn_q_proj ==> node.args[3]:8
>> >> model_layers_6_self_attn_k_proj ===> node.args[3]:1
>model_layers_7_self_attn_q_proj ==> node.args[3]:64

>>model_layers_7_self_attn_k_proj ===> node.args[3]:8>>>model_layers_5_self_attn_v_proj ===> node.args[3]:8

>> >> model_layers_6_self_attn_k_proj ===> node.args[3]:1>>>model_layers_6_self_attn_v_proj ===> node.args[3]:8

>>>model_layers_6_self_attn_v_proj ===> node.args[3]:8
>model_layers_7_self_attn_q_proj ==> node.args[3]:64>> >> model_layers_7_self_attn_k_proj ===> node.args[3]:1>>> >>>model_layers_5_self_attn_v_proj ===> node.args[3]:1


> >model_layers_7_self_attn_q_proj ==> node.args[3]:8>>> >>>model_layers_6_self_attn_v_proj ===> node.args[3]:1

>>>model_layers_7_self_attn_v_proj ===> node.args[3]:8>>> >>>model_layers_6_self_attn_v_proj ===> node.args[3]:1

>>model_layers_7_self_attn_k_proj ===> node.args[3]:8
> >model_layers_7_self_attn_q_proj ==> node.args[3]:8
>>> >>>model_layers_7_self_attn_v_proj ===> node.args[3]:1
>>model_layers_7_self_attn_k_proj ===> node.args[3]:8>model_layers_6_self_attn_q_proj ==> node.args[3]:64

>> >> model_layers_7_self_attn_k_proj ===> node.args[3]:1
>>>model_layers_7_self_attn_v_proj ===> node.args[3]:8
>model_layers_7_self_attn_q_proj ==> node.args[3]:64
> >model_layers_6_self_attn_q_proj ==> node.args[3]:8
>> >> model_layers_7_self_attn_k_proj ===> node.args[3]:1>model_layers_7_self_attn_q_proj ==> node.args[3]:64
>>model_layers_6_self_attn_k_proj ===> node.args[3]:8

> >model_layers_7_self_attn_q_proj ==> node.args[3]:8>>> >>>model_layers_7_self_attn_v_proj ===> node.args[3]:1
>>>model_layers_7_self_attn_v_proj ===> node.args[3]:8

>> >> model_layers_6_self_attn_k_proj ===> node.args[3]:1>>model_layers_7_self_attn_k_proj ===> node.args[3]:8

>>>model_layers_6_self_attn_v_proj ===> node.args[3]:8
> >model_layers_7_self_attn_q_proj ==> node.args[3]:8>> >> model_layers_7_self_attn_k_proj ===> node.args[3]:1

>>>model_layers_7_self_attn_v_proj ===> node.args[3]:8>>> >>>model_layers_6_self_attn_v_proj ===> node.args[3]:1>>> >>>model_layers_7_self_attn_v_proj ===> node.args[3]:1
>>model_layers_7_self_attn_k_proj ===> node.args[3]:8


>>> >>>model_layers_7_self_attn_v_proj ===> node.args[3]:1
>> >> model_layers_7_self_attn_k_proj ===> node.args[3]:1
>model_layers_7_self_attn_q_proj ==> node.args[3]:64
>>>model_layers_7_self_attn_v_proj ===> node.args[3]:8
> >model_layers_7_self_attn_q_proj ==> node.args[3]:8
>>model_layers_7_self_attn_k_proj ===> node.args[3]:8
>>> >>>model_layers_7_self_attn_v_proj ===> node.args[3]:1
>> >> model_layers_7_self_attn_k_proj ===> node.args[3]:1
>>>model_layers_7_self_attn_v_proj ===> node.args[3]:8
>>> >>>model_layers_7_self_attn_v_proj ===> node.args[3]:1
 >> rank:10 -----------------------------------------------
rank: 10, #### last layer id:7
 >> rank:10 -----------------------------------------------
>>>> self.tpl.tp_mesh.size(): 8
>model_layers_5_self_attn_q_proj ==> node.args[3]:64
> >model_layers_5_self_attn_q_proj ==> node.args[3]:8
>>model_layers_5_self_attn_k_proj ===> node.args[3]:8
>> >> model_layers_5_self_attn_k_proj ===> node.args[3]:1
>>>model_layers_5_self_attn_v_proj ===> node.args[3]:8
>>> >>>model_layers_5_self_attn_v_proj ===> node.args[3]:1
>model_layers_6_self_attn_q_proj ==> node.args[3]:64
> >model_layers_6_self_attn_q_proj ==> node.args[3]:8
>>model_layers_6_self_attn_k_proj ===> node.args[3]:8
>> >> model_layers_6_self_attn_k_proj ===> node.args[3]:1
>>>model_layers_6_self_attn_v_proj ===> node.args[3]:8
>>> >>>model_layers_6_self_attn_v_proj ===> node.args[3]:1
>model_layers_7_self_attn_q_proj ==> node.args[3]:64
> >model_layers_7_self_attn_q_proj ==> node.args[3]:8
>>model_layers_7_self_attn_k_proj ===> node.args[3]:8
>> >> model_layers_7_self_attn_k_proj ===> node.args[3]:1
>>>model_layers_7_self_attn_v_proj ===> node.args[3]:8
>>> >>>model_layers_7_self_attn_v_proj ===> node.args[3]:1
[2026-01-27 08:05:10]  special_nodes | total=1 far=0 max_span=0 dropped_submod_adj=1
[2026-01-27 08:05:10] [rank:14] Optimus_p initialized
Using the latest cached version of the dataset since squad couldn't be found on the Hugging Face Hub (offline mode is enabled).
WARNING:datasets.load:Using the latest cached version of the dataset since squad couldn't be found on the Hugging Face Hub (offline mode is enabled).
[2026-01-27 08:05:10]  special_nodes | total=1 far=0 max_span=0 dropped_submod_adj=1
[2026-01-27 08:05:10] [rank:8] Optimus_p initialized
[2026-01-27 08:05:10] ===> Model loading completed
Found the latest cached dataset configuration 'plain_text' at /root/.cache/huggingface/datasets/squad/plain_text/0.0.0/7b6d24c440a36b6815f21b70d25016731768db1f (last modified on Wed Nov 12 05:58:19 2025).
WARNING:datasets.packaged_modules.cache.cache:Found the latest cached dataset configuration 'plain_text' at /root/.cache/huggingface/datasets/squad/plain_text/0.0.0/7b6d24c440a36b6815f21b70d25016731768db1f (last modified on Wed Nov 12 05:58:19 2025).
[2026-01-27 08:05:10]  special_nodes | total=1 far=0 max_span=0 dropped_submod_adj=1
[2026-01-27 08:05:10] [rank:11] Optimus_p initialized
Using the latest cached version of the dataset since squad couldn't be found on the Hugging Face Hub (offline mode is enabled).
WARNING:datasets.load:Using the latest cached version of the dataset since squad couldn't be found on the Hugging Face Hub (offline mode is enabled).
Using the latest cached version of the dataset since squad couldn't be found on the Hugging Face Hub (offline mode is enabled).
WARNING:datasets.load:Using the latest cached version of the dataset since squad couldn't be found on the Hugging Face Hub (offline mode is enabled).
Found the latest cached dataset configuration 'plain_text' at /root/.cache/huggingface/datasets/squad/plain_text/0.0.0/7b6d24c440a36b6815f21b70d25016731768db1f (last modified on Wed Nov 12 05:58:19 2025).
WARNING:datasets.packaged_modules.cache.cache:Found the latest cached dataset configuration 'plain_text' at /root/.cache/huggingface/datasets/squad/plain_text/0.0.0/7b6d24c440a36b6815f21b70d25016731768db1f (last modified on Wed Nov 12 05:58:19 2025).
Found the latest cached dataset configuration 'plain_text' at /root/.cache/huggingface/datasets/squad/plain_text/0.0.0/7b6d24c440a36b6815f21b70d25016731768db1f (last modified on Wed Nov 12 05:58:19 2025).
WARNING:datasets.packaged_modules.cache.cache:Found the latest cached dataset configuration 'plain_text' at /root/.cache/huggingface/datasets/squad/plain_text/0.0.0/7b6d24c440a36b6815f21b70d25016731768db1f (last modified on Wed Nov 12 05:58:19 2025).
[2026-01-27 08:05:10]  special_nodes | total=1 far=0 max_span=0 dropped_submod_adj=1
[2026-01-27 08:05:10] [rank:9] Optimus_p initialized
Using the latest cached version of the dataset since squad couldn't be found on the Hugging Face Hub (offline mode is enabled).
WARNING:datasets.load:Using the latest cached version of the dataset since squad couldn't be found on the Hugging Face Hub (offline mode is enabled).
Found the latest cached dataset configuration 'plain_text' at /root/.cache/huggingface/datasets/squad/plain_text/0.0.0/7b6d24c440a36b6815f21b70d25016731768db1f (last modified on Wed Nov 12 05:58:19 2025).
WARNING:datasets.packaged_modules.cache.cache:Found the latest cached dataset configuration 'plain_text' at /root/.cache/huggingface/datasets/squad/plain_text/0.0.0/7b6d24c440a36b6815f21b70d25016731768db1f (last modified on Wed Nov 12 05:58:19 2025).
[2026-01-27 08:05:10]  special_nodes | total=1 far=0 max_span=0 dropped_submod_adj=1
[2026-01-27 08:05:10] [rank:10] Optimus_p initialized
[2026-01-27 08:05:10]  special_nodes | total=1 far=0 max_span=0 dropped_submod_adj=1
[2026-01-27 08:05:10] [rank:15] Optimus_p initialized
Using the latest cached version of the dataset since squad couldn't be found on the Hugging Face Hub (offline mode is enabled).
WARNING:datasets.load:Using the latest cached version of the dataset since squad couldn't be found on the Hugging Face Hub (offline mode is enabled).
Found the latest cached dataset configuration 'plain_text' at /root/.cache/huggingface/datasets/squad/plain_text/0.0.0/7b6d24c440a36b6815f21b70d25016731768db1f (last modified on Wed Nov 12 05:58:19 2025).
WARNING:datasets.packaged_modules.cache.cache:Found the latest cached dataset configuration 'plain_text' at /root/.cache/huggingface/datasets/squad/plain_text/0.0.0/7b6d24c440a36b6815f21b70d25016731768db1f (last modified on Wed Nov 12 05:58:19 2025).
Using the latest cached version of the dataset since squad couldn't be found on the Hugging Face Hub (offline mode is enabled).
WARNING:datasets.load:Using the latest cached version of the dataset since squad couldn't be found on the Hugging Face Hub (offline mode is enabled).
Found the latest cached dataset configuration 'plain_text' at /root/.cache/huggingface/datasets/squad/plain_text/0.0.0/7b6d24c440a36b6815f21b70d25016731768db1f (last modified on Wed Nov 12 05:58:19 2025).
WARNING:datasets.packaged_modules.cache.cache:Found the latest cached dataset configuration 'plain_text' at /root/.cache/huggingface/datasets/squad/plain_text/0.0.0/7b6d24c440a36b6815f21b70d25016731768db1f (last modified on Wed Nov 12 05:58:19 2025).
[2026-01-27 08:05:10]  special_nodes | total=1 far=0 max_span=0 dropped_submod_adj=1
[2026-01-27 08:05:10] [rank:13] Optimus_p initialized
[2026-01-27 08:05:10]  special_nodes | total=1 far=0 max_span=0 dropped_submod_adj=1
[2026-01-27 08:05:10] [rank:12] Optimus_p initialized
Using the latest cached version of the dataset since squad couldn't be found on the Hugging Face Hub (offline mode is enabled).
WARNING:datasets.load:Using the latest cached version of the dataset since squad couldn't be found on the Hugging Face Hub (offline mode is enabled).
Found the latest cached dataset configuration 'plain_text' at /root/.cache/huggingface/datasets/squad/plain_text/0.0.0/7b6d24c440a36b6815f21b70d25016731768db1f (last modified on Wed Nov 12 05:58:19 2025).
WARNING:datasets.packaged_modules.cache.cache:Found the latest cached dataset configuration 'plain_text' at /root/.cache/huggingface/datasets/squad/plain_text/0.0.0/7b6d24c440a36b6815f21b70d25016731768db1f (last modified on Wed Nov 12 05:58:19 2025).
Using the latest cached version of the dataset since squad couldn't be found on the Hugging Face Hub (offline mode is enabled).
WARNING:datasets.load:Using the latest cached version of the dataset since squad couldn't be found on the Hugging Face Hub (offline mode is enabled).
Found the latest cached dataset configuration 'plain_text' at /root/.cache/huggingface/datasets/squad/plain_text/0.0.0/7b6d24c440a36b6815f21b70d25016731768db1f (last modified on Wed Nov 12 05:58:19 2025).
WARNING:datasets.packaged_modules.cache.cache:Found the latest cached dataset configuration 'plain_text' at /root/.cache/huggingface/datasets/squad/plain_text/0.0.0/7b6d24c440a36b6815f21b70d25016731768db1f (last modified on Wed Nov 12 05:58:19 2025).
[2026-01-27 08:05:11] [rank:8] Profile: 10 steps (50 warmup)
[2026-01-27 08:05:11] [rank:9] Profile: 10 steps (50 warmup)
[2026-01-27 08:05:11] [rank:15] Profile: 10 steps (50 warmup)
[2026-01-27 08:05:11] [rank:10] Profile: 10 steps (50 warmup)
[2026-01-27 08:05:11] [rank:13] Profile: 10 steps (50 warmup)
[2026-01-27 08:05:11] [rank:12] Profile: 10 steps (50 warmup)
[2026-01-27 08:05:11] [rank:14] Profile: 10 steps (50 warmup)
[2026-01-27 08:05:11] [rank:11] Profile: 10 steps (50 warmup)
[rank:9] process group destroyed.
>>> EXIT_CODE: 0, ELAPSED_TIME: None
[rank:11] process group destroyed.
>>> EXIT_CODE: 0, ELAPSED_TIME: None
[rank:12] process group destroyed.
>>> EXIT_CODE: 0, ELAPSED_TIME: None
[rank:10] process group destroyed.
>>> EXIT_CODE: 0, ELAPSED_TIME: None
[rank:15] process group destroyed.
>>> EXIT_CODE: 0, ELAPSED_TIME: None
[rank:14] process group destroyed.
>>> EXIT_CODE: 0, ELAPSED_TIME: None
[rank:13] process group destroyed.
>>> EXIT_CODE: 0, ELAPSED_TIME: None
[rank:8] process group destroyed.
>>> EXIT_CODE: 0, ELAPSED_TIME: None
=================================================
RUN_ID            : Llama-3.3-70B-Instruct-32-4-2-8-1
Mode              : profile
Batch/Micro       : 32 / 4
PP/TP/DP          : 2 / 8 / 1
RDZV              : 192.168.100.107:29503
=================================================
Waiting for master rendezvous...
Still waiting...
W0127 08:06:15.228000 13673 site-packages/torch/distributed/run.py:793] 
W0127 08:06:15.228000 13673 site-packages/torch/distributed/run.py:793] *****************************************
W0127 08:06:15.228000 13673 site-packages/torch/distributed/run.py:793] Setting OMP_NUM_THREADS environment variable for each process to be 1 in default, to avoid your system being overloaded, please further tune the variable for optimal performance in your application as needed. 
W0127 08:06:15.228000 13673 site-packages/torch/distributed/run.py:793] *****************************************
[2026-01-27 08:06:17]  rank:9, world_size:16, init_method:tcp://192.168.100.107:29503
[2026-01-27 08:06:17]  rank:14, world_size:16, init_method:tcp://192.168.100.107:29503
[2026-01-27 08:06:17]  rank:8, world_size:16, init_method:tcp://192.168.100.107:29503
[2026-01-27 08:06:17]  rank:12, world_size:16, init_method:tcp://192.168.100.107:29503
[2026-01-27 08:06:17]  rank:11, world_size:16, init_method:tcp://192.168.100.107:29503
[2026-01-27 08:06:18]  rank:13, world_size:16, init_method:tcp://192.168.100.107:29503
[2026-01-27 08:06:18]  rank:15, world_size:16, init_method:tcp://192.168.100.107:29503
[2026-01-27 08:06:18]  rank:10, world_size:16, init_method:tcp://192.168.100.107:29503
[2026-01-27 08:06:21] [rank:8] torch=2.5.0+cu124, transformers=4.46.2 ✓
[2026-01-27 08:06:21] [rank:10] torch=2.5.0+cu124, transformers=4.46.2 ✓
[2026-01-27 08:06:21] [rank:15] torch=2.5.0+cu124, transformers=4.46.2 ✓
[2026-01-27 08:06:21] [rank:11] torch=2.5.0+cu124, transformers=4.46.2 ✓
[2026-01-27 08:06:21] [rank:9] torch=2.5.0+cu124, transformers=4.46.2 ✓
[2026-01-27 08:06:21] [rank:14] torch=2.5.0+cu124, transformers=4.46.2 ✓[2026-01-27 08:06:21] [rank:13] torch=2.5.0+cu124, transformers=4.46.2 ✓

[2026-01-27 08:06:21] [rank:12] torch=2.5.0+cu124, transformers=4.46.2 ✓
[2026-01-27 08:06:21] [local_rank:7] Waiting for rank 0...
[2026-01-27 08:06:21] [local_rank:4] Waiting for rank 0...
[2026-01-27 08:06:21] [local_rank:2] Waiting for rank 0...
[2026-01-27 08:06:21] [local_rank:3] Waiting for rank 0...
[2026-01-27 08:06:21] [local_rank:5] Waiting for rank 0...
[2026-01-27 08:06:21] [local_rank:6] Waiting for rank 0...
[2026-01-27 08:06:21] [local_rank:1] Waiting for rank 0...
[2026-01-27 08:06:21] ===> Model loading...
[2026-01-27 08:06:21] > Model: meta-llama/Llama-3.3-70B-Instruct (70B architecture)
[2026-01-27 08:06:21] > Config: hidden_size=8192, intermediate_size=28672, num_attention_heads=64, num_key_value_heads=8
[2026-01-27 08:06:21] > Using 8 layers (full model: 80 layers)
[2026-01-27 08:06:21] > Tokenizer vocab_size: 128000, Using: 128256
[2026-01-27 08:07:39] > [PROFILE MODE] 8-layer Llama 70B model
[2026-01-27 08:07:39] > Total parameters: 8,946,589,696
[2026-01-27 08:07:39] > PP=2, TP=8, DP=1
[2026-01-27 08:07:39] > GBS=32, MBS=4, #MB=8
[2026-01-27 08:07:39] [rank:8] Available GPUs per server: 8
[2026-01-27 08:07:39] [rank:8] GPU mode is used.
[2026-01-27 08:07:39] [rank:8] Communication already initialized
[2026-01-27 08:07:39] [rank:8] before init_device_mesh
[2026-01-27 08:07:39] [rank:8] after init_device_mesh
[2026-01-27 08:07:39] [rank:8] pp group:DeviceMesh('cuda', [0, 8], mesh_dim_names=('pp',))
[2026-01-27 08:07:39] [rank:8] tp group:DeviceMesh('cuda', [8, 9, 10, 11, 12, 13, 14, 15], mesh_dim_names=('tp',))
[2026-01-27 08:07:39] [rank:8] dp group:DeviceMesh('cuda', [8], mesh_dim_names=('dp',))
[2026-01-27 08:07:39] [rank:8] Using GPU ... cuda:0
[2026-01-27 08:07:39] [rank:8] model class name: LlamaForCausalLM
[2026-01-27 08:07:39] [rank:8] split method: llama-tp-split
 ### Rank:8, name:submod_1, move submod_1 to cuda:0
[2026-01-27 08:07:41] [rank:8] clean_module_memory
[2026-01-27 08:07:41] [rank:8] PARALLEL MODE PROCESSING
[2026-01-27 08:08:04] [local_rank:7] Rank 0 finished
[2026-01-27 08:08:04] [local_rank:7] Waiting for rank 1...
[2026-01-27 08:08:04] [local_rank:6] Rank 0 finished
[2026-01-27 08:08:04] [local_rank:6] Waiting for rank 1...
[2026-01-27 08:08:04] [local_rank:3] Rank 0 finished
[2026-01-27 08:08:04] [local_rank:3] Waiting for rank 1...
[2026-01-27 08:08:04] [local_rank:2] Rank 0 finished
[2026-01-27 08:08:04] [local_rank:2] Waiting for rank 1...
[2026-01-27 08:08:04] [local_rank:4] Rank 0 finished
[2026-01-27 08:08:04] [local_rank:4] Waiting for rank 1...
[2026-01-27 08:08:04] [local_rank:5] Rank 0 finished
[2026-01-27 08:08:04] [local_rank:1] Rank 0 finished
[2026-01-27 08:08:04] [local_rank:5] Waiting for rank 1...
[2026-01-27 08:09:23] [rank:9] GPU mode is used.
[2026-01-27 08:09:23] [rank:9] Communication already initialized
[2026-01-27 08:09:23] [rank:9] before init_device_mesh
[2026-01-27 08:09:23] [rank:9] after init_device_mesh
[2026-01-27 08:09:23] [rank:9] pp group:DeviceMesh('cuda', [1, 9], mesh_dim_names=('pp',))
[2026-01-27 08:09:23] [rank:9] tp group:DeviceMesh('cuda', [8, 9, 10, 11, 12, 13, 14, 15], mesh_dim_names=('tp',))
[2026-01-27 08:09:23] [rank:9] dp group:DeviceMesh('cuda', [9], mesh_dim_names=('dp',))
[2026-01-27 08:09:23] [rank:9] Using GPU ... cuda:1
[2026-01-27 08:09:23] [rank:9] model class name: LlamaForCausalLM
[2026-01-27 08:09:23] [rank:9] split method: llama-tp-split
 ### Rank:9, name:submod_1, move submod_1 to cuda:1
[2026-01-27 08:09:26] [rank:9] clean_module_memory
[2026-01-27 08:09:26] [rank:9] PARALLEL MODE PROCESSING
[2026-01-27 08:09:38] [local_rank:6] Rank 1 finished
[2026-01-27 08:09:38] [local_rank:5] Rank 1 finished[2026-01-27 08:09:38] [local_rank:6] Waiting for rank 2...

[2026-01-27 08:09:38] [local_rank:5] Waiting for rank 2...
[2026-01-27 08:09:38] [local_rank:2] Rank 1 finished[2026-01-27 08:09:38] [local_rank:4] Rank 1 finished

[2026-01-27 08:09:38] [local_rank:4] Waiting for rank 2...
[2026-01-27 08:09:38] [local_rank:7] Rank 1 finished
[2026-01-27 08:09:38] [local_rank:7] Waiting for rank 2...
[2026-01-27 08:09:38] [local_rank:3] Rank 1 finished
[2026-01-27 08:09:38] [local_rank:3] Waiting for rank 2...
[2026-01-27 08:11:04] [rank:10] GPU mode is used.
[2026-01-27 08:11:04] [rank:10] Communication already initialized
[2026-01-27 08:11:04] [rank:10] before init_device_mesh
[2026-01-27 08:11:04] [rank:10] after init_device_mesh
[2026-01-27 08:11:04] [rank:10] pp group:DeviceMesh('cuda', [2, 10], mesh_dim_names=('pp',))
[2026-01-27 08:11:04] [rank:10] tp group:DeviceMesh('cuda', [8, 9, 10, 11, 12, 13, 14, 15], mesh_dim_names=('tp',))
[2026-01-27 08:11:04] [rank:10] dp group:DeviceMesh('cuda', [10], mesh_dim_names=('dp',))
[2026-01-27 08:11:04] [rank:10] Using GPU ... cuda:2
[2026-01-27 08:11:04] [rank:10] model class name: LlamaForCausalLM
[2026-01-27 08:11:04] [rank:10] split method: llama-tp-split
 ### Rank:10, name:submod_1, move submod_1 to cuda:2
[2026-01-27 08:11:09] [rank:10] clean_module_memory
[2026-01-27 08:11:09] [rank:10] PARALLEL MODE PROCESSING
[2026-01-27 08:11:19] [local_rank:7] Rank 2 finished
[2026-01-27 08:11:19] [local_rank:7] Waiting for rank 3...
[2026-01-27 08:11:19] [local_rank:5] Rank 2 finished
[2026-01-27 08:11:19] [local_rank:6] Rank 2 finished
[2026-01-27 08:11:19] [local_rank:5] Waiting for rank 3...[2026-01-27 08:11:19] [local_rank:4] Rank 2 finished
[2026-01-27 08:11:19] [local_rank:6] Waiting for rank 3...

[2026-01-27 08:11:19] [local_rank:4] Waiting for rank 3...
[2026-01-27 08:11:19] [local_rank:3] Rank 2 finished
[2026-01-27 08:12:54] [rank:11] GPU mode is used.
[2026-01-27 08:12:54] [rank:11] Communication already initialized
[2026-01-27 08:12:54] [rank:11] before init_device_mesh
[2026-01-27 08:12:54] [rank:11] after init_device_mesh
[2026-01-27 08:12:54] [rank:11] pp group:DeviceMesh('cuda', [3, 11], mesh_dim_names=('pp',))
[2026-01-27 08:12:54] [rank:11] tp group:DeviceMesh('cuda', [8, 9, 10, 11, 12, 13, 14, 15], mesh_dim_names=('tp',))
[2026-01-27 08:12:54] [rank:11] dp group:DeviceMesh('cuda', [11], mesh_dim_names=('dp',))
[2026-01-27 08:12:54] [rank:11] Using GPU ... cuda:3
[2026-01-27 08:12:54] [rank:11] model class name: LlamaForCausalLM
[2026-01-27 08:12:54] [rank:11] split method: llama-tp-split
 ### Rank:11, name:submod_1, move submod_1 to cuda:3
[2026-01-27 08:12:57] [rank:11] clean_module_memory
[2026-01-27 08:12:57] [rank:11] PARALLEL MODE PROCESSING
[2026-01-27 08:12:58] [local_rank:4] Rank 3 finished
[2026-01-27 08:12:58] [local_rank:6] Rank 3 finished
[2026-01-27 08:12:58] [local_rank:6] Waiting for rank 4...
[2026-01-27 08:12:58] [local_rank:7] Rank 3 finished
[2026-01-27 08:12:58] [local_rank:7] Waiting for rank 4...
[2026-01-27 08:12:58] [local_rank:5] Rank 3 finished
[2026-01-27 08:12:58] [local_rank:5] Waiting for rank 4...
[2026-01-27 08:14:17] [rank:12] GPU mode is used.
[2026-01-27 08:14:17] [rank:12] Communication already initialized
[2026-01-27 08:14:17] [rank:12] before init_device_mesh
[2026-01-27 08:14:17] [rank:12] after init_device_mesh
[2026-01-27 08:14:17] [rank:12] pp group:DeviceMesh('cuda', [4, 12], mesh_dim_names=('pp',))
[2026-01-27 08:14:17] [rank:12] tp group:DeviceMesh('cuda', [8, 9, 10, 11, 12, 13, 14, 15], mesh_dim_names=('tp',))
[2026-01-27 08:14:17] [rank:12] dp group:DeviceMesh('cuda', [12], mesh_dim_names=('dp',))
[2026-01-27 08:14:17] [rank:12] Using GPU ... cuda:4
[2026-01-27 08:14:17] [rank:12] model class name: LlamaForCausalLM
[2026-01-27 08:14:17] [rank:12] split method: llama-tp-split
 ### Rank:12, name:submod_1, move submod_1 to cuda:4
[2026-01-27 08:14:19] [rank:12] clean_module_memory
[2026-01-27 08:14:19] [rank:12] PARALLEL MODE PROCESSING
[2026-01-27 08:14:41] [local_rank:7] Rank 4 finished
[2026-01-27 08:14:41] [local_rank:7] Waiting for rank 5...
[2026-01-27 08:14:41] [local_rank:5] Rank 4 finished
[2026-01-27 08:14:41] [local_rank:6] Rank 4 finished
[2026-01-27 08:14:41] [local_rank:6] Waiting for rank 5...
[2026-01-27 08:16:07] [rank:13] GPU mode is used.
[2026-01-27 08:16:07] [rank:13] Communication already initialized
[2026-01-27 08:16:07] [rank:13] before init_device_mesh
[2026-01-27 08:16:07] [rank:13] after init_device_mesh
[2026-01-27 08:16:07] [rank:13] pp group:DeviceMesh('cuda', [5, 13], mesh_dim_names=('pp',))
[2026-01-27 08:16:07] [rank:13] tp group:DeviceMesh('cuda', [8, 9, 10, 11, 12, 13, 14, 15], mesh_dim_names=('tp',))
[2026-01-27 08:16:07] [rank:13] dp group:DeviceMesh('cuda', [13], mesh_dim_names=('dp',))
[2026-01-27 08:16:07] [rank:13] Using GPU ... cuda:5
[2026-01-27 08:16:07] [rank:13] model class name: LlamaForCausalLM
[2026-01-27 08:16:07] [rank:13] split method: llama-tp-split
 ### Rank:13, name:submod_1, move submod_1 to cuda:5
[2026-01-27 08:16:10] [rank:13] clean_module_memory
[2026-01-27 08:16:10] [rank:13] PARALLEL MODE PROCESSING
[2026-01-27 08:16:22] [local_rank:6] Rank 5 finished[2026-01-27 08:16:22] [local_rank:7] Rank 5 finished

[2026-01-27 08:16:22] [local_rank:7] Waiting for rank 6...
[2026-01-27 08:17:40] [rank:14] GPU mode is used.
[2026-01-27 08:17:40] [rank:14] Communication already initialized
[2026-01-27 08:17:40] [rank:14] before init_device_mesh
[2026-01-27 08:17:40] [rank:14] after init_device_mesh
[2026-01-27 08:17:40] [rank:14] pp group:DeviceMesh('cuda', [6, 14], mesh_dim_names=('pp',))
[2026-01-27 08:17:40] [rank:14] tp group:DeviceMesh('cuda', [8, 9, 10, 11, 12, 13, 14, 15], mesh_dim_names=('tp',))
[2026-01-27 08:17:40] [rank:14] dp group:DeviceMesh('cuda', [14], mesh_dim_names=('dp',))
[2026-01-27 08:17:40] [rank:14] Using GPU ... cuda:6
[2026-01-27 08:17:40] [rank:14] model class name: LlamaForCausalLM
[2026-01-27 08:17:40] [rank:14] split method: llama-tp-split
 ### Rank:14, name:submod_1, move submod_1 to cuda:6
[2026-01-27 08:17:42] [rank:14] clean_module_memory
[2026-01-27 08:17:42] [rank:14] PARALLEL MODE PROCESSING
[2026-01-27 08:18:02] [local_rank:7] Rank 6 finished
[2026-01-27 08:19:22] [rank:15] GPU mode is used.
[2026-01-27 08:19:22] [rank:15] Communication already initialized
[2026-01-27 08:19:22] [rank:15] before init_device_mesh
[2026-01-27 08:19:22] [rank:15] after init_device_mesh
[2026-01-27 08:19:22] [rank:15] pp group:DeviceMesh('cuda', [7, 15], mesh_dim_names=('pp',))
[2026-01-27 08:19:22] [rank:15] tp group:DeviceMesh('cuda', [8, 9, 10, 11, 12, 13, 14, 15], mesh_dim_names=('tp',))
[2026-01-27 08:19:22] [rank:15] dp group:DeviceMesh('cuda', [15], mesh_dim_names=('dp',))
[2026-01-27 08:19:22] [rank:15] Using GPU ... cuda:7
[2026-01-27 08:19:22] [rank:15] model class name: LlamaForCausalLM
[2026-01-27 08:19:22] [rank:15] split method: llama-tp-split
 ### Rank:15, name:submod_1, move submod_1 to cuda:7
[2026-01-27 08:19:24] [rank:15] clean_module_memory
[2026-01-27 08:19:24] [rank:15] PARALLEL MODE PROCESSING
 >> rank:15 -----------------------------------------------
rank: 15, #### last layer id:7
 >> rank:15 -----------------------------------------------
>>>> self.tpl.tp_mesh.size(): 8
>model_layers_5_self_attn_q_proj ==> node.args[3]:64
> >model_layers_5_self_attn_q_proj ==> node.args[3]:8
>>model_layers_5_self_attn_k_proj ===> node.args[3]:8
>> >> model_layers_5_self_attn_k_proj ===> node.args[3]:1
>>>model_layers_5_self_attn_v_proj ===> node.args[3]:8
>>> >>>model_layers_5_self_attn_v_proj ===> node.args[3]:1
>model_layers_6_self_attn_q_proj ==> node.args[3]:64
> >model_layers_6_self_attn_q_proj ==> node.args[3]:8
>>model_layers_6_self_attn_k_proj ===> node.args[3]:8
>> >> model_layers_6_self_attn_k_proj ===> node.args[3]:1
>>>model_layers_6_self_attn_v_proj ===> node.args[3]:8
>>> >>>model_layers_6_self_attn_v_proj ===> node.args[3]:1
>model_layers_7_self_attn_q_proj ==> node.args[3]:64
> >model_layers_7_self_attn_q_proj ==> node.args[3]:8 >> rank:13 -----------------------------------------------

>>model_layers_7_self_attn_k_proj ===> node.args[3]:8
rank: 13, #### last layer id:7
 >> rank:14 ----------------------------------------------->> >> model_layers_7_self_attn_k_proj ===> node.args[3]:1
 >> rank:13 -----------------------------------------------

>>>model_layers_7_self_attn_v_proj ===> node.args[3]:8
rank: 14, #### last layer id:7
 >> rank:14 -----------------------------------------------
>>> >>>model_layers_7_self_attn_v_proj ===> node.args[3]:1
>>>> self.tpl.tp_mesh.size(): 8
>>>> self.tpl.tp_mesh.size(): 8
 >> rank:8 ----------------------------------------------->model_layers_5_self_attn_q_proj ==> node.args[3]:64

rank: 8, #### last layer id:7
 >> rank:8 -----------------------------------------------
 >> rank:12 -----------------------------------------------
rank: 12, #### last layer id:7
>model_layers_5_self_attn_q_proj ==> node.args[3]:64 >> rank:12 -----------------------------------------------

>>>> self.tpl.tp_mesh.size(): 8
> >model_layers_5_self_attn_q_proj ==> node.args[3]:8
>>model_layers_5_self_attn_k_proj ===> node.args[3]:8
>> >> model_layers_5_self_attn_k_proj ===> node.args[3]:1
>>>> self.tpl.tp_mesh.size(): 8>>>model_layers_5_self_attn_v_proj ===> node.args[3]:8

>model_layers_5_self_attn_q_proj ==> node.args[3]:64>>> >>>model_layers_5_self_attn_v_proj ===> node.args[3]:1> >model_layers_5_self_attn_q_proj ==> node.args[3]:8


>>model_layers_5_self_attn_k_proj ===> node.args[3]:8
>model_layers_6_self_attn_q_proj ==> node.args[3]:64
 >> rank:11 -----------------------------------------------
>> >> model_layers_5_self_attn_k_proj ===> node.args[3]:1> >model_layers_6_self_attn_q_proj ==> node.args[3]:8rank: 11, #### last layer id:7


>>model_layers_6_self_attn_k_proj ===> node.args[3]:8
 >> rank:11 -----------------------------------------------
>>>model_layers_5_self_attn_v_proj ===> node.args[3]:8
> >model_layers_5_self_attn_q_proj ==> node.args[3]:8>> >> model_layers_6_self_attn_k_proj ===> node.args[3]:1

>model_layers_5_self_attn_q_proj ==> node.args[3]:64>>>model_layers_6_self_attn_v_proj ===> node.args[3]:8

>>model_layers_5_self_attn_k_proj ===> node.args[3]:8
>>> >>>model_layers_5_self_attn_v_proj ===> node.args[3]:1
>>> >>>model_layers_6_self_attn_v_proj ===> node.args[3]:1
>>>> self.tpl.tp_mesh.size(): 8
 >> rank:9 -----------------------------------------------
>> >> model_layers_5_self_attn_k_proj ===> node.args[3]:1
rank: 9, #### last layer id:7
 >> rank:9 -----------------------------------------------
>>>model_layers_5_self_attn_v_proj ===> node.args[3]:8
>model_layers_7_self_attn_q_proj ==> node.args[3]:64
>model_layers_6_self_attn_q_proj ==> node.args[3]:64
> >model_layers_7_self_attn_q_proj ==> node.args[3]:8>>> >>>model_layers_5_self_attn_v_proj ===> node.args[3]:1

>>model_layers_7_self_attn_k_proj ===> node.args[3]:8
> >model_layers_5_self_attn_q_proj ==> node.args[3]:8>>>> self.tpl.tp_mesh.size(): 8

> >model_layers_6_self_attn_q_proj ==> node.args[3]:8
>>model_layers_5_self_attn_k_proj ===> node.args[3]:8
>> >> model_layers_7_self_attn_k_proj ===> node.args[3]:1>model_layers_5_self_attn_q_proj ==> node.args[3]:64>>model_layers_6_self_attn_k_proj ===> node.args[3]:8


>>>model_layers_7_self_attn_v_proj ===> node.args[3]:8
>> >> model_layers_5_self_attn_k_proj ===> node.args[3]:1>model_layers_6_self_attn_q_proj ==> node.args[3]:64
>>> >>>model_layers_7_self_attn_v_proj ===> node.args[3]:1

>>>model_layers_5_self_attn_v_proj ===> node.args[3]:8>> >> model_layers_6_self_attn_k_proj ===> node.args[3]:1

>>>model_layers_6_self_attn_v_proj ===> node.args[3]:8
>>> >>>model_layers_5_self_attn_v_proj ===> node.args[3]:1
> >model_layers_6_self_attn_q_proj ==> node.args[3]:8
>>model_layers_6_self_attn_k_proj ===> node.args[3]:8
>>> >>>model_layers_6_self_attn_v_proj ===> node.args[3]:1
>> >> model_layers_6_self_attn_k_proj ===> node.args[3]:1> >model_layers_5_self_attn_q_proj ==> node.args[3]:8

>model_layers_5_self_attn_q_proj ==> node.args[3]:64
>model_layers_6_self_attn_q_proj ==> node.args[3]:64
>>>model_layers_6_self_attn_v_proj ===> node.args[3]:8>>model_layers_5_self_attn_k_proj ===> node.args[3]:8

> >model_layers_6_self_attn_q_proj ==> node.args[3]:8
>model_layers_7_self_attn_q_proj ==> node.args[3]:64
>>model_layers_6_self_attn_k_proj ===> node.args[3]:8>>> >>>model_layers_6_self_attn_v_proj ===> node.args[3]:1

>> >> model_layers_5_self_attn_k_proj ===> node.args[3]:1
>> >> model_layers_6_self_attn_k_proj ===> node.args[3]:1>>>model_layers_5_self_attn_v_proj ===> node.args[3]:8
> >model_layers_7_self_attn_q_proj ==> node.args[3]:8

>>>model_layers_6_self_attn_v_proj ===> node.args[3]:8
>>model_layers_7_self_attn_k_proj ===> node.args[3]:8
>>> >>>model_layers_6_self_attn_v_proj ===> node.args[3]:1
>model_layers_7_self_attn_q_proj ==> node.args[3]:64>>> >>>model_layers_5_self_attn_v_proj ===> node.args[3]:1

> >model_layers_5_self_attn_q_proj ==> node.args[3]:8
>>model_layers_5_self_attn_k_proj ===> node.args[3]:8>> >> model_layers_7_self_attn_k_proj ===> node.args[3]:1

>>>model_layers_7_self_attn_v_proj ===> node.args[3]:8
> >model_layers_7_self_attn_q_proj ==> node.args[3]:8
>> >> model_layers_5_self_attn_k_proj ===> node.args[3]:1>model_layers_7_self_attn_q_proj ==> node.args[3]:64>>model_layers_7_self_attn_k_proj ===> node.args[3]:8


>model_layers_6_self_attn_q_proj ==> node.args[3]:64
>>>model_layers_5_self_attn_v_proj ===> node.args[3]:8
>>> >>>model_layers_7_self_attn_v_proj ===> node.args[3]:1
> >model_layers_7_self_attn_q_proj ==> node.args[3]:8
 >> rank:10 ----------------------------------------------->>> >>>model_layers_5_self_attn_v_proj ===> node.args[3]:1
>>model_layers_7_self_attn_k_proj ===> node.args[3]:8
>> >> model_layers_7_self_attn_k_proj ===> node.args[3]:1

rank: 10, #### last layer id:7> >model_layers_6_self_attn_q_proj ==> node.args[3]:8

>>>model_layers_7_self_attn_v_proj ===> node.args[3]:8
 >> rank:10 ----------------------------------------------->> >> model_layers_7_self_attn_k_proj ===> node.args[3]:1

>>model_layers_6_self_attn_k_proj ===> node.args[3]:8
>>>model_layers_7_self_attn_v_proj ===> node.args[3]:8
>>> >>>model_layers_7_self_attn_v_proj ===> node.args[3]:1>model_layers_6_self_attn_q_proj ==> node.args[3]:64>>> >>>model_layers_7_self_attn_v_proj ===> node.args[3]:1


>> >> model_layers_6_self_attn_k_proj ===> node.args[3]:1
>>>model_layers_6_self_attn_v_proj ===> node.args[3]:8
> >model_layers_6_self_attn_q_proj ==> node.args[3]:8
>>model_layers_6_self_attn_k_proj ===> node.args[3]:8
>>> >>>model_layers_6_self_attn_v_proj ===> node.args[3]:1
>> >> model_layers_6_self_attn_k_proj ===> node.args[3]:1
>>>model_layers_6_self_attn_v_proj ===> node.args[3]:8>>>> self.tpl.tp_mesh.size(): 8

>>> >>>model_layers_6_self_attn_v_proj ===> node.args[3]:1
>model_layers_7_self_attn_q_proj ==> node.args[3]:64
>model_layers_7_self_attn_q_proj ==> node.args[3]:64> >model_layers_7_self_attn_q_proj ==> node.args[3]:8

>>model_layers_7_self_attn_k_proj ===> node.args[3]:8
> >model_layers_7_self_attn_q_proj ==> node.args[3]:8
>> >> model_layers_7_self_attn_k_proj ===> node.args[3]:1
>>model_layers_7_self_attn_k_proj ===> node.args[3]:8
>>>model_layers_7_self_attn_v_proj ===> node.args[3]:8
>> >> model_layers_7_self_attn_k_proj ===> node.args[3]:1>>> >>>model_layers_7_self_attn_v_proj ===> node.args[3]:1

>>>model_layers_7_self_attn_v_proj ===> node.args[3]:8
>>> >>>model_layers_7_self_attn_v_proj ===> node.args[3]:1>model_layers_5_self_attn_q_proj ==> node.args[3]:64

> >model_layers_5_self_attn_q_proj ==> node.args[3]:8
>>model_layers_5_self_attn_k_proj ===> node.args[3]:8
>> >> model_layers_5_self_attn_k_proj ===> node.args[3]:1
>>>model_layers_5_self_attn_v_proj ===> node.args[3]:8
>>> >>>model_layers_5_self_attn_v_proj ===> node.args[3]:1
>model_layers_6_self_attn_q_proj ==> node.args[3]:64
> >model_layers_6_self_attn_q_proj ==> node.args[3]:8
>>model_layers_6_self_attn_k_proj ===> node.args[3]:8
>> >> model_layers_6_self_attn_k_proj ===> node.args[3]:1
>>>model_layers_6_self_attn_v_proj ===> node.args[3]:8
>>> >>>model_layers_6_self_attn_v_proj ===> node.args[3]:1
>model_layers_7_self_attn_q_proj ==> node.args[3]:64
> >model_layers_7_self_attn_q_proj ==> node.args[3]:8
>>model_layers_7_self_attn_k_proj ===> node.args[3]:8
>> >> model_layers_7_self_attn_k_proj ===> node.args[3]:1
>>>model_layers_7_self_attn_v_proj ===> node.args[3]:8
>>> >>>model_layers_7_self_attn_v_proj ===> node.args[3]:1
[2026-01-27 08:19:42]  special_nodes | total=1 far=0 max_span=0 dropped_submod_adj=1
[2026-01-27 08:19:42] [rank:9] Optimus_p initialized
[2026-01-27 08:19:42]  special_nodes | total=1 far=0 max_span=0 dropped_submod_adj=1
[2026-01-27 08:19:42] [rank:14] Optimus_p initialized
Using the latest cached version of the dataset since squad couldn't be found on the Hugging Face Hub (offline mode is enabled).
WARNING:datasets.load:Using the latest cached version of the dataset since squad couldn't be found on the Hugging Face Hub (offline mode is enabled).
Using the latest cached version of the dataset since squad couldn't be found on the Hugging Face Hub (offline mode is enabled).
WARNING:datasets.load:Using the latest cached version of the dataset since squad couldn't be found on the Hugging Face Hub (offline mode is enabled).
Found the latest cached dataset configuration 'plain_text' at /root/.cache/huggingface/datasets/squad/plain_text/0.0.0/7b6d24c440a36b6815f21b70d25016731768db1f (last modified on Wed Nov 12 05:58:19 2025).
WARNING:datasets.packaged_modules.cache.cache:Found the latest cached dataset configuration 'plain_text' at /root/.cache/huggingface/datasets/squad/plain_text/0.0.0/7b6d24c440a36b6815f21b70d25016731768db1f (last modified on Wed Nov 12 05:58:19 2025).
Found the latest cached dataset configuration 'plain_text' at /root/.cache/huggingface/datasets/squad/plain_text/0.0.0/7b6d24c440a36b6815f21b70d25016731768db1f (last modified on Wed Nov 12 05:58:19 2025).
WARNING:datasets.packaged_modules.cache.cache:Found the latest cached dataset configuration 'plain_text' at /root/.cache/huggingface/datasets/squad/plain_text/0.0.0/7b6d24c440a36b6815f21b70d25016731768db1f (last modified on Wed Nov 12 05:58:19 2025).
[2026-01-27 08:19:42]  special_nodes | total=1 far=0 max_span=0 dropped_submod_adj=1
[2026-01-27 08:19:42] [rank:15] Optimus_p initialized
Using the latest cached version of the dataset since squad couldn't be found on the Hugging Face Hub (offline mode is enabled).
WARNING:datasets.load:Using the latest cached version of the dataset since squad couldn't be found on the Hugging Face Hub (offline mode is enabled).
Found the latest cached dataset configuration 'plain_text' at /root/.cache/huggingface/datasets/squad/plain_text/0.0.0/7b6d24c440a36b6815f21b70d25016731768db1f (last modified on Wed Nov 12 05:58:19 2025).
WARNING:datasets.packaged_modules.cache.cache:Found the latest cached dataset configuration 'plain_text' at /root/.cache/huggingface/datasets/squad/plain_text/0.0.0/7b6d24c440a36b6815f21b70d25016731768db1f (last modified on Wed Nov 12 05:58:19 2025).
[2026-01-27 08:19:42]  special_nodes | total=1 far=0 max_span=0 dropped_submod_adj=1
[2026-01-27 08:19:42] [rank:13] Optimus_p initialized
[2026-01-27 08:19:42]  special_nodes | total=1 far=0 max_span=0 dropped_submod_adj=1
[2026-01-27 08:19:42] [rank:12] Optimus_p initialized
[2026-01-27 08:19:42]  special_nodes | total=1 far=0 max_span=0 dropped_submod_adj=1
[2026-01-27 08:19:42] [rank:11] Optimus_p initialized
[2026-01-27 08:19:42]  special_nodes | total=1 far=0 max_span=0 dropped_submod_adj=1
[2026-01-27 08:19:42] [rank:8] Optimus_p initialized
[2026-01-27 08:19:42] ===> Model loading completed
Using the latest cached version of the dataset since squad couldn't be found on the Hugging Face Hub (offline mode is enabled).
WARNING:datasets.load:Using the latest cached version of the dataset since squad couldn't be found on the Hugging Face Hub (offline mode is enabled).
[2026-01-27 08:19:42]  special_nodes | total=1 far=0 max_span=0 dropped_submod_adj=1
[2026-01-27 08:19:42] [rank:10] Optimus_p initialized
Using the latest cached version of the dataset since squad couldn't be found on the Hugging Face Hub (offline mode is enabled).
WARNING:datasets.load:Using the latest cached version of the dataset since squad couldn't be found on the Hugging Face Hub (offline mode is enabled).
Found the latest cached dataset configuration 'plain_text' at /root/.cache/huggingface/datasets/squad/plain_text/0.0.0/7b6d24c440a36b6815f21b70d25016731768db1f (last modified on Wed Nov 12 05:58:19 2025).
WARNING:datasets.packaged_modules.cache.cache:Found the latest cached dataset configuration 'plain_text' at /root/.cache/huggingface/datasets/squad/plain_text/0.0.0/7b6d24c440a36b6815f21b70d25016731768db1f (last modified on Wed Nov 12 05:58:19 2025).
Found the latest cached dataset configuration 'plain_text' at /root/.cache/huggingface/datasets/squad/plain_text/0.0.0/7b6d24c440a36b6815f21b70d25016731768db1f (last modified on Wed Nov 12 05:58:19 2025).
WARNING:datasets.packaged_modules.cache.cache:Found the latest cached dataset configuration 'plain_text' at /root/.cache/huggingface/datasets/squad/plain_text/0.0.0/7b6d24c440a36b6815f21b70d25016731768db1f (last modified on Wed Nov 12 05:58:19 2025).
Using the latest cached version of the dataset since squad couldn't be found on the Hugging Face Hub (offline mode is enabled).
WARNING:datasets.load:Using the latest cached version of the dataset since squad couldn't be found on the Hugging Face Hub (offline mode is enabled).
Using the latest cached version of the dataset since squad couldn't be found on the Hugging Face Hub (offline mode is enabled).
WARNING:datasets.load:Using the latest cached version of the dataset since squad couldn't be found on the Hugging Face Hub (offline mode is enabled).
Using the latest cached version of the dataset since squad couldn't be found on the Hugging Face Hub (offline mode is enabled).
WARNING:datasets.load:Using the latest cached version of the dataset since squad couldn't be found on the Hugging Face Hub (offline mode is enabled).
Found the latest cached dataset configuration 'plain_text' at /root/.cache/huggingface/datasets/squad/plain_text/0.0.0/7b6d24c440a36b6815f21b70d25016731768db1f (last modified on Wed Nov 12 05:58:19 2025).
WARNING:datasets.packaged_modules.cache.cache:Found the latest cached dataset configuration 'plain_text' at /root/.cache/huggingface/datasets/squad/plain_text/0.0.0/7b6d24c440a36b6815f21b70d25016731768db1f (last modified on Wed Nov 12 05:58:19 2025).
Found the latest cached dataset configuration 'plain_text' at /root/.cache/huggingface/datasets/squad/plain_text/0.0.0/7b6d24c440a36b6815f21b70d25016731768db1f (last modified on Wed Nov 12 05:58:19 2025).
WARNING:datasets.packaged_modules.cache.cache:Found the latest cached dataset configuration 'plain_text' at /root/.cache/huggingface/datasets/squad/plain_text/0.0.0/7b6d24c440a36b6815f21b70d25016731768db1f (last modified on Wed Nov 12 05:58:19 2025).
Found the latest cached dataset configuration 'plain_text' at /root/.cache/huggingface/datasets/squad/plain_text/0.0.0/7b6d24c440a36b6815f21b70d25016731768db1f (last modified on Wed Nov 12 05:58:19 2025).
WARNING:datasets.packaged_modules.cache.cache:Found the latest cached dataset configuration 'plain_text' at /root/.cache/huggingface/datasets/squad/plain_text/0.0.0/7b6d24c440a36b6815f21b70d25016731768db1f (last modified on Wed Nov 12 05:58:19 2025).
[2026-01-27 08:19:42] [rank:14] Profile: 10 steps (50 warmup)
[2026-01-27 08:19:43] [rank:15] Profile: 10 steps (50 warmup)
[2026-01-27 08:19:43] [rank:11] Profile: 10 steps (50 warmup)
[2026-01-27 08:19:43] [rank:13] Profile: 10 steps (50 warmup)
[2026-01-27 08:19:43] [rank:12] Profile: 10 steps (50 warmup)
[2026-01-27 08:19:43] [rank:9] Profile: 10 steps (50 warmup)
[2026-01-27 08:19:43] [rank:8] Profile: 10 steps (50 warmup)
[2026-01-27 08:19:43] [rank:10] Profile: 10 steps (50 warmup)
[rank:15] process group destroyed.
>>> EXIT_CODE: 0, ELAPSED_TIME: None
[rank:13] process group destroyed.
>>> EXIT_CODE: 0, ELAPSED_TIME: None
[rank:10] process group destroyed.[rank:9] process group destroyed.

>>> EXIT_CODE: 0, ELAPSED_TIME: None
>>> EXIT_CODE: 0, ELAPSED_TIME: None
[rank:14] process group destroyed.
>>> EXIT_CODE: 0, ELAPSED_TIME: None
[rank:8] process group destroyed.
>>> EXIT_CODE: 0, ELAPSED_TIME: None
[rank:12] process group destroyed.
>>> EXIT_CODE: 0, ELAPSED_TIME: None
[rank:11] process group destroyed.
>>> EXIT_CODE: 0, ELAPSED_TIME: None
=================================================
RUN_ID            : Llama-3.3-70B-Instruct-64-8-2-8-1
Mode              : profile
Batch/Micro       : 64 / 8
PP/TP/DP          : 2 / 8 / 1
RDZV              : 192.168.100.107:29504
=================================================
Waiting for master rendezvous...
Still waiting...
W0127 08:20:57.653000 20495 site-packages/torch/distributed/run.py:793] 
W0127 08:20:57.653000 20495 site-packages/torch/distributed/run.py:793] *****************************************
W0127 08:20:57.653000 20495 site-packages/torch/distributed/run.py:793] Setting OMP_NUM_THREADS environment variable for each process to be 1 in default, to avoid your system being overloaded, please further tune the variable for optimal performance in your application as needed. 
W0127 08:20:57.653000 20495 site-packages/torch/distributed/run.py:793] *****************************************
[2026-01-27 08:21:00]  rank:11, world_size:16, init_method:tcp://192.168.100.107:29504
[2026-01-27 08:21:00]  rank:13, world_size:16, init_method:tcp://192.168.100.107:29504
[2026-01-27 08:21:00]  rank:15, world_size:16, init_method:tcp://192.168.100.107:29504
[2026-01-27 08:21:00]  rank:9, world_size:16, init_method:tcp://192.168.100.107:29504
[2026-01-27 08:21:00]  rank:14, world_size:16, init_method:tcp://192.168.100.107:29504[2026-01-27 08:21:00]  rank:10, world_size:16, init_method:tcp://192.168.100.107:29504

[2026-01-27 08:21:00]  rank:12, world_size:16, init_method:tcp://192.168.100.107:29504
[2026-01-27 08:21:00]  rank:8, world_size:16, init_method:tcp://192.168.100.107:29504
[2026-01-27 08:21:03] [rank:8] torch=2.5.0+cu124, transformers=4.46.2 ✓
[2026-01-27 08:21:03] [rank:9] torch=2.5.0+cu124, transformers=4.46.2 ✓
[2026-01-27 08:21:03] [rank:12] torch=2.5.0+cu124, transformers=4.46.2 ✓
[2026-01-27 08:21:03] [rank:10] torch=2.5.0+cu124, transformers=4.46.2 ✓
[2026-01-27 08:21:03] [rank:13] torch=2.5.0+cu124, transformers=4.46.2 ✓
[2026-01-27 08:21:03] [rank:11] torch=2.5.0+cu124, transformers=4.46.2 ✓
[2026-01-27 08:21:03] [rank:14] torch=2.5.0+cu124, transformers=4.46.2 ✓
[2026-01-27 08:21:03] [rank:15] torch=2.5.0+cu124, transformers=4.46.2 ✓
[2026-01-27 08:21:04] [local_rank:3] Waiting for rank 0...
[2026-01-27 08:21:04] [local_rank:6] Waiting for rank 0...
[2026-01-27 08:21:04] [local_rank:4] Waiting for rank 0...
[2026-01-27 08:21:04] [local_rank:5] Waiting for rank 0...
[2026-01-27 08:21:04] [local_rank:7] Waiting for rank 0...
[2026-01-27 08:21:04] [local_rank:2] Waiting for rank 0...
[2026-01-27 08:21:04] [local_rank:1] Waiting for rank 0...
[2026-01-27 08:21:04] ===> Model loading...
[2026-01-27 08:21:04] > Model: meta-llama/Llama-3.3-70B-Instruct (70B architecture)
[2026-01-27 08:21:04] > Config: hidden_size=8192, intermediate_size=28672, num_attention_heads=64, num_key_value_heads=8
[2026-01-27 08:21:04] > Using 8 layers (full model: 80 layers)
[2026-01-27 08:21:04] > Tokenizer vocab_size: 128000, Using: 128256
[2026-01-27 08:22:25] > [PROFILE MODE] 8-layer Llama 70B model
[2026-01-27 08:22:25] > Total parameters: 8,946,589,696
[2026-01-27 08:22:25] > PP=2, TP=8, DP=1
[2026-01-27 08:22:25] > GBS=64, MBS=8, #MB=8
[2026-01-27 08:22:25] [rank:8] Available GPUs per server: 8
[2026-01-27 08:22:25] [rank:8] GPU mode is used.
[2026-01-27 08:22:25] [rank:8] Communication already initialized
[2026-01-27 08:22:25] [rank:8] before init_device_mesh
[2026-01-27 08:22:25] [rank:8] after init_device_mesh
[2026-01-27 08:22:25] [rank:8] pp group:DeviceMesh('cuda', [0, 8], mesh_dim_names=('pp',))
[2026-01-27 08:22:25] [rank:8] tp group:DeviceMesh('cuda', [8, 9, 10, 11, 12, 13, 14, 15], mesh_dim_names=('tp',))
[2026-01-27 08:22:25] [rank:8] dp group:DeviceMesh('cuda', [8], mesh_dim_names=('dp',))
[2026-01-27 08:22:25] [rank:8] Using GPU ... cuda:0
[2026-01-27 08:22:25] [rank:8] model class name: LlamaForCausalLM
[2026-01-27 08:22:25] [rank:8] split method: llama-tp-split
 ### Rank:8, name:submod_1, move submod_1 to cuda:0
[2026-01-27 08:22:28] [rank:8] clean_module_memory
[2026-01-27 08:22:28] [rank:8] PARALLEL MODE PROCESSING
[2026-01-27 08:22:43] [local_rank:5] Rank 0 finished
[2026-01-27 08:22:43] [local_rank:5] Waiting for rank 1...
[2026-01-27 08:22:43] [local_rank:6] Rank 0 finished
[2026-01-27 08:22:43] [local_rank:4] Rank 0 finished[2026-01-27 08:22:43] [local_rank:2] Rank 0 finished

[2026-01-27 08:22:43] [local_rank:6] Waiting for rank 1...
[2026-01-27 08:22:43] [local_rank:4] Waiting for rank 1...[2026-01-27 08:22:43] [local_rank:2] Waiting for rank 1...

[2026-01-27 08:22:43] [local_rank:1] Rank 0 finished
[2026-01-27 08:22:43] [local_rank:3] Rank 0 finished
[2026-01-27 08:22:43] [local_rank:3] Waiting for rank 1...
[2026-01-27 08:22:43] [local_rank:7] Rank 0 finished
[2026-01-27 08:22:43] [local_rank:7] Waiting for rank 1...
[2026-01-27 08:24:03] [rank:9] GPU mode is used.
[2026-01-27 08:24:03] [rank:9] Communication already initialized
[2026-01-27 08:24:03] [rank:9] before init_device_mesh
[2026-01-27 08:24:03] [rank:9] after init_device_mesh
[2026-01-27 08:24:03] [rank:9] pp group:DeviceMesh('cuda', [1, 9], mesh_dim_names=('pp',))
[2026-01-27 08:24:03] [rank:9] tp group:DeviceMesh('cuda', [8, 9, 10, 11, 12, 13, 14, 15], mesh_dim_names=('tp',))
[2026-01-27 08:24:03] [rank:9] dp group:DeviceMesh('cuda', [9], mesh_dim_names=('dp',))
[2026-01-27 08:24:03] [rank:9] Using GPU ... cuda:1
[2026-01-27 08:24:03] [rank:9] model class name: LlamaForCausalLM
[2026-01-27 08:24:03] [rank:9] split method: llama-tp-split
 ### Rank:9, name:submod_1, move submod_1 to cuda:1
[2026-01-27 08:24:05] [rank:9] clean_module_memory
[2026-01-27 08:24:05] [rank:9] PARALLEL MODE PROCESSING
[2026-01-27 08:24:24] [local_rank:7] Rank 1 finished
[2026-01-27 08:24:24] [local_rank:3] Rank 1 finished
[2026-01-27 08:24:24] [local_rank:7] Waiting for rank 2...
[2026-01-27 08:24:24] [local_rank:3] Waiting for rank 2...
[2026-01-27 08:24:24] [local_rank:5] Rank 1 finished
[2026-01-27 08:24:24] [local_rank:4] Rank 1 finished[2026-01-27 08:24:24] [local_rank:2] Rank 1 finished[2026-01-27 08:24:24] [local_rank:5] Waiting for rank 2...


[2026-01-27 08:24:24] [local_rank:4] Waiting for rank 2...
[2026-01-27 08:24:24] [local_rank:6] Rank 1 finished
[2026-01-27 08:24:24] [local_rank:6] Waiting for rank 2...
[2026-01-27 08:25:42] [rank:10] GPU mode is used.
[2026-01-27 08:25:42] [rank:10] Communication already initialized
[2026-01-27 08:25:42] [rank:10] before init_device_mesh
[2026-01-27 08:25:42] [rank:10] after init_device_mesh
[2026-01-27 08:25:42] [rank:10] pp group:DeviceMesh('cuda', [2, 10], mesh_dim_names=('pp',))
[2026-01-27 08:25:42] [rank:10] tp group:DeviceMesh('cuda', [8, 9, 10, 11, 12, 13, 14, 15], mesh_dim_names=('tp',))
[2026-01-27 08:25:42] [rank:10] dp group:DeviceMesh('cuda', [10], mesh_dim_names=('dp',))
[2026-01-27 08:25:42] [rank:10] Using GPU ... cuda:2
[2026-01-27 08:25:42] [rank:10] model class name: LlamaForCausalLM
[2026-01-27 08:25:42] [rank:10] split method: llama-tp-split
 ### Rank:10, name:submod_1, move submod_1 to cuda:2
[2026-01-27 08:25:44] [rank:10] clean_module_memory
[2026-01-27 08:25:44] [rank:10] PARALLEL MODE PROCESSING
[2026-01-27 08:26:04] [local_rank:6] Rank 2 finished
[2026-01-27 08:26:04] [local_rank:6] Waiting for rank 3...
[2026-01-27 08:26:04] [local_rank:7] Rank 2 finished[2026-01-27 08:26:04] [local_rank:4] Rank 2 finished

[2026-01-27 08:26:04] [local_rank:4] Waiting for rank 3...[2026-01-27 08:26:04] [local_rank:7] Waiting for rank 3...

[2026-01-27 08:26:04] [local_rank:3] Rank 2 finished
[2026-01-27 08:26:04] [local_rank:5] Rank 2 finished
[2026-01-27 08:26:04] [local_rank:5] Waiting for rank 3...
[2026-01-27 08:27:37] [rank:11] GPU mode is used.
[2026-01-27 08:27:37] [rank:11] Communication already initialized
[2026-01-27 08:27:37] [rank:11] before init_device_mesh
[2026-01-27 08:27:37] [rank:11] after init_device_mesh
[2026-01-27 08:27:37] [rank:11] pp group:DeviceMesh('cuda', [3, 11], mesh_dim_names=('pp',))
[2026-01-27 08:27:37] [rank:11] tp group:DeviceMesh('cuda', [8, 9, 10, 11, 12, 13, 14, 15], mesh_dim_names=('tp',))
[2026-01-27 08:27:37] [rank:11] dp group:DeviceMesh('cuda', [11], mesh_dim_names=('dp',))
[2026-01-27 08:27:37] [rank:11] Using GPU ... cuda:3
[2026-01-27 08:27:37] [rank:11] model class name: LlamaForCausalLM
[2026-01-27 08:27:37] [rank:11] split method: llama-tp-split
 ### Rank:11, name:submod_1, move submod_1 to cuda:3
[2026-01-27 08:27:40] [rank:11] clean_module_memory
[2026-01-27 08:27:40] [rank:11] PARALLEL MODE PROCESSING
[2026-01-27 08:27:45] [local_rank:5] Rank 3 finished
[2026-01-27 08:27:45] [local_rank:6] Rank 3 finished
[2026-01-27 08:27:45] [local_rank:5] Waiting for rank 4...
[2026-01-27 08:27:45] [local_rank:6] Waiting for rank 4...
[2026-01-27 08:27:45] [local_rank:7] Rank 3 finished
[2026-01-27 08:27:45] [local_rank:4] Rank 3 finished
[2026-01-27 08:27:45] [local_rank:7] Waiting for rank 4...
[2026-01-27 08:29:02] [rank:12] GPU mode is used.
[2026-01-27 08:29:02] [rank:12] Communication already initialized
[2026-01-27 08:29:02] [rank:12] before init_device_mesh
[2026-01-27 08:29:02] [rank:12] after init_device_mesh
[2026-01-27 08:29:02] [rank:12] pp group:DeviceMesh('cuda', [4, 12], mesh_dim_names=('pp',))
[2026-01-27 08:29:02] [rank:12] tp group:DeviceMesh('cuda', [8, 9, 10, 11, 12, 13, 14, 15], mesh_dim_names=('tp',))
[2026-01-27 08:29:02] [rank:12] dp group:DeviceMesh('cuda', [12], mesh_dim_names=('dp',))
[2026-01-27 08:29:02] [rank:12] Using GPU ... cuda:4
[2026-01-27 08:29:02] [rank:12] model class name: LlamaForCausalLM
[2026-01-27 08:29:02] [rank:12] split method: llama-tp-split
 ### Rank:12, name:submod_1, move submod_1 to cuda:4
[2026-01-27 08:29:05] [rank:12] clean_module_memory
[2026-01-27 08:29:05] [rank:12] PARALLEL MODE PROCESSING
[2026-01-27 08:29:26] [local_rank:6] Rank 4 finished
[2026-01-27 08:29:26] [local_rank:6] Waiting for rank 5...
[2026-01-27 08:29:26] [local_rank:7] Rank 4 finished
[2026-01-27 08:29:26] [local_rank:7] Waiting for rank 5...
[2026-01-27 08:29:26] [local_rank:5] Rank 4 finished
[2026-01-27 08:30:44] [rank:13] GPU mode is used.
[2026-01-27 08:30:44] [rank:13] Communication already initialized
[2026-01-27 08:30:44] [rank:13] before init_device_mesh
[2026-01-27 08:30:44] [rank:13] after init_device_mesh
[2026-01-27 08:30:44] [rank:13] pp group:DeviceMesh('cuda', [5, 13], mesh_dim_names=('pp',))
[2026-01-27 08:30:44] [rank:13] tp group:DeviceMesh('cuda', [8, 9, 10, 11, 12, 13, 14, 15], mesh_dim_names=('tp',))
[2026-01-27 08:30:44] [rank:13] dp group:DeviceMesh('cuda', [13], mesh_dim_names=('dp',))
[2026-01-27 08:30:44] [rank:13] Using GPU ... cuda:5
[2026-01-27 08:30:44] [rank:13] model class name: LlamaForCausalLM
[2026-01-27 08:30:44] [rank:13] split method: llama-tp-split
 ### Rank:13, name:submod_1, move submod_1 to cuda:5
[2026-01-27 08:30:46] [rank:13] clean_module_memory
[2026-01-27 08:30:46] [rank:13] PARALLEL MODE PROCESSING
[2026-01-27 08:31:05] [local_rank:6] Rank 5 finished
[2026-01-27 08:31:05] [local_rank:7] Rank 5 finished
[2026-01-27 08:31:05] [local_rank:7] Waiting for rank 6...
[2026-01-27 08:32:23] [rank:14] GPU mode is used.
[2026-01-27 08:32:23] [rank:14] Communication already initialized
[2026-01-27 08:32:23] [rank:14] before init_device_mesh
[2026-01-27 08:32:23] [rank:14] after init_device_mesh
[2026-01-27 08:32:23] [rank:14] pp group:DeviceMesh('cuda', [6, 14], mesh_dim_names=('pp',))
[2026-01-27 08:32:23] [rank:14] tp group:DeviceMesh('cuda', [8, 9, 10, 11, 12, 13, 14, 15], mesh_dim_names=('tp',))
[2026-01-27 08:32:23] [rank:14] dp group:DeviceMesh('cuda', [14], mesh_dim_names=('dp',))
[2026-01-27 08:32:23] [rank:14] Using GPU ... cuda:6
[2026-01-27 08:32:23] [rank:14] model class name: LlamaForCausalLM
[2026-01-27 08:32:23] [rank:14] split method: llama-tp-split
 ### Rank:14, name:submod_1, move submod_1 to cuda:6
[2026-01-27 08:32:25] [rank:14] clean_module_memory
[2026-01-27 08:32:25] [rank:14] PARALLEL MODE PROCESSING
[2026-01-27 08:32:43] [local_rank:7] Rank 6 finished
[2026-01-27 08:34:07] [rank:15] GPU mode is used.
[2026-01-27 08:34:07] [rank:15] Communication already initialized
[2026-01-27 08:34:07] [rank:15] before init_device_mesh
[2026-01-27 08:34:07] [rank:15] after init_device_mesh
[2026-01-27 08:34:07] [rank:15] pp group:DeviceMesh('cuda', [7, 15], mesh_dim_names=('pp',))
[2026-01-27 08:34:07] [rank:15] tp group:DeviceMesh('cuda', [8, 9, 10, 11, 12, 13, 14, 15], mesh_dim_names=('tp',))
[2026-01-27 08:34:07] [rank:15] dp group:DeviceMesh('cuda', [15], mesh_dim_names=('dp',))
[2026-01-27 08:34:07] [rank:15] Using GPU ... cuda:7
[2026-01-27 08:34:07] [rank:15] model class name: LlamaForCausalLM
[2026-01-27 08:34:07] [rank:15] split method: llama-tp-split
 ### Rank:15, name:submod_1, move submod_1 to cuda:7
[2026-01-27 08:34:10] [rank:15] clean_module_memory
[2026-01-27 08:34:10] [rank:15] PARALLEL MODE PROCESSING
 >> rank:15 -----------------------------------------------
rank: 15, #### last layer id:7
 >> rank:15 -----------------------------------------------
>>>> self.tpl.tp_mesh.size(): 8
 >> rank:9 -----------------------------------------------
rank: 9, #### last layer id:7
 >> rank:9 -----------------------------------------------
>model_layers_5_self_attn_q_proj ==> node.args[3]:64
 >> rank:13 -----------------------------------------------
rank: 13, #### last layer id:7
 >> rank:13 -----------------------------------------------
>>>> self.tpl.tp_mesh.size(): 8
>>>> self.tpl.tp_mesh.size(): 8> >model_layers_5_self_attn_q_proj ==> node.args[3]:8

>>model_layers_5_self_attn_k_proj ===> node.args[3]:8
>model_layers_5_self_attn_q_proj ==> node.args[3]:64
 >> rank:10 ----------------------------------------------->> >> model_layers_5_self_attn_k_proj ===> node.args[3]:1

rank: 10, #### last layer id:7
 >> rank:10 ----------------------------------------------->>>model_layers_5_self_attn_v_proj ===> node.args[3]:8

>model_layers_5_self_attn_q_proj ==> node.args[3]:64
>>> >>>model_layers_5_self_attn_v_proj ===> node.args[3]:1
>>>> self.tpl.tp_mesh.size(): 8
 >> rank:8 -----------------------------------------------
rank: 8, #### last layer id:7
> >model_layers_5_self_attn_q_proj ==> node.args[3]:8 >> rank:8 -----------------------------------------------

>model_layers_6_self_attn_q_proj ==> node.args[3]:64
 >> rank:14 ----------------------------------------------->>model_layers_5_self_attn_k_proj ===> node.args[3]:8

rank: 14, #### last layer id:7
>>>> self.tpl.tp_mesh.size(): 8> >model_layers_6_self_attn_q_proj ==> node.args[3]:8 >> rank:14 -----------------------------------------------

> >model_layers_5_self_attn_q_proj ==> node.args[3]:8
 >> rank:11 ----------------------------------------------->> >> model_layers_5_self_attn_k_proj ===> node.args[3]:1>model_layers_5_self_attn_q_proj ==> node.args[3]:64>>model_layers_6_self_attn_k_proj ===> node.args[3]:8



rank: 11, #### last layer id:7

 >> rank:11 ----------------------------------------------->>model_layers_5_self_attn_k_proj ===> node.args[3]:8
>>>model_layers_5_self_attn_v_proj ===> node.args[3]:8
>> >> model_layers_6_self_attn_k_proj ===> node.args[3]:1
>model_layers_5_self_attn_q_proj ==> node.args[3]:64
>>>> self.tpl.tp_mesh.size(): 8

>>>model_layers_6_self_attn_v_proj ===> node.args[3]:8
>>> >>>model_layers_5_self_attn_v_proj ===> node.args[3]:1
>> >> model_layers_5_self_attn_k_proj ===> node.args[3]:1
>>> >>>model_layers_6_self_attn_v_proj ===> node.args[3]:1
>>>model_layers_5_self_attn_v_proj ===> node.args[3]:8
>>>> self.tpl.tp_mesh.size(): 8
> >model_layers_5_self_attn_q_proj ==> node.args[3]:8
> >model_layers_5_self_attn_q_proj ==> node.args[3]:8
>>> >>>model_layers_5_self_attn_v_proj ===> node.args[3]:1>>model_layers_5_self_attn_k_proj ===> node.args[3]:8

>>model_layers_5_self_attn_k_proj ===> node.args[3]:8>model_layers_6_self_attn_q_proj ==> node.args[3]:64>model_layers_5_self_attn_q_proj ==> node.args[3]:64


>model_layers_7_self_attn_q_proj ==> node.args[3]:64
>> >> model_layers_5_self_attn_k_proj ===> node.args[3]:1
 >> rank:12 ----------------------------------------------->>>model_layers_5_self_attn_v_proj ===> node.args[3]:8> >model_layers_6_self_attn_q_proj ==> node.args[3]:8

> >model_layers_7_self_attn_q_proj ==> node.args[3]:8>> >> model_layers_5_self_attn_k_proj ===> node.args[3]:1
>>model_layers_6_self_attn_k_proj ===> node.args[3]:8


>model_layers_6_self_attn_q_proj ==> node.args[3]:64rank: 12, #### last layer id:7>>> >>>model_layers_5_self_attn_v_proj ===> node.args[3]:1>>model_layers_7_self_attn_k_proj ===> node.args[3]:8>model_layers_5_self_attn_q_proj ==> node.args[3]:64

>>>model_layers_5_self_attn_v_proj ===> node.args[3]:8


>> >> model_layers_6_self_attn_k_proj ===> node.args[3]:1
 >> rank:12 -----------------------------------------------

>>>model_layers_6_self_attn_v_proj ===> node.args[3]:8
>> >> model_layers_7_self_attn_k_proj ===> node.args[3]:1
>>>model_layers_7_self_attn_v_proj ===> node.args[3]:8
>>> >>>model_layers_5_self_attn_v_proj ===> node.args[3]:1
>>> >>>model_layers_6_self_attn_v_proj ===> node.args[3]:1> >model_layers_5_self_attn_q_proj ==> node.args[3]:8

>model_layers_6_self_attn_q_proj ==> node.args[3]:64>>> >>>model_layers_7_self_attn_v_proj ===> node.args[3]:1
> >model_layers_6_self_attn_q_proj ==> node.args[3]:8

>>model_layers_5_self_attn_k_proj ===> node.args[3]:8>>>> self.tpl.tp_mesh.size(): 8

>>model_layers_6_self_attn_k_proj ===> node.args[3]:8> >model_layers_6_self_attn_q_proj ==> node.args[3]:8

>model_layers_6_self_attn_q_proj ==> node.args[3]:64
>>model_layers_6_self_attn_k_proj ===> node.args[3]:8
>model_layers_7_self_attn_q_proj ==> node.args[3]:64>> >> model_layers_5_self_attn_k_proj ===> node.args[3]:1

> >model_layers_5_self_attn_q_proj ==> node.args[3]:8
>> >> model_layers_6_self_attn_k_proj ===> node.args[3]:1> >model_layers_6_self_attn_q_proj ==> node.args[3]:8
>>>model_layers_5_self_attn_v_proj ===> node.args[3]:8
>> >> model_layers_6_self_attn_k_proj ===> node.args[3]:1

>>>model_layers_6_self_attn_v_proj ===> node.args[3]:8>>model_layers_5_self_attn_k_proj ===> node.args[3]:8> >model_layers_7_self_attn_q_proj ==> node.args[3]:8>>model_layers_6_self_attn_k_proj ===> node.args[3]:8



>>>model_layers_6_self_attn_v_proj ===> node.args[3]:8>>> >>>model_layers_5_self_attn_v_proj ===> node.args[3]:1>>model_layers_7_self_attn_k_proj ===> node.args[3]:8


>>> >>>model_layers_6_self_attn_v_proj ===> node.args[3]:1
>> >> model_layers_6_self_attn_k_proj ===> node.args[3]:1
>> >> model_layers_5_self_attn_k_proj ===> node.args[3]:1>>>model_layers_6_self_attn_v_proj ===> node.args[3]:8

>> >> model_layers_7_self_attn_k_proj ===> node.args[3]:1
>>> >>>model_layers_6_self_attn_v_proj ===> node.args[3]:1>>>model_layers_5_self_attn_v_proj ===> node.args[3]:8

>>>model_layers_7_self_attn_v_proj ===> node.args[3]:8>model_layers_7_self_attn_q_proj ==> node.args[3]:64
>model_layers_6_self_attn_q_proj ==> node.args[3]:64>>> >>>model_layers_6_self_attn_v_proj ===> node.args[3]:1


>model_layers_5_self_attn_q_proj ==> node.args[3]:64
>>> >>>model_layers_5_self_attn_v_proj ===> node.args[3]:1
>>> >>>model_layers_7_self_attn_v_proj ===> node.args[3]:1
> >model_layers_7_self_attn_q_proj ==> node.args[3]:8
> >model_layers_6_self_attn_q_proj ==> node.args[3]:8>>model_layers_7_self_attn_k_proj ===> node.args[3]:8

>>model_layers_6_self_attn_k_proj ===> node.args[3]:8
>> >> model_layers_7_self_attn_k_proj ===> node.args[3]:1>model_layers_6_self_attn_q_proj ==> node.args[3]:64>model_layers_7_self_attn_q_proj ==> node.args[3]:64


>model_layers_7_self_attn_q_proj ==> node.args[3]:64>> >> model_layers_6_self_attn_k_proj ===> node.args[3]:1>>>model_layers_7_self_attn_v_proj ===> node.args[3]:8


>>>model_layers_6_self_attn_v_proj ===> node.args[3]:8
> >model_layers_6_self_attn_q_proj ==> node.args[3]:8>>> >>>model_layers_7_self_attn_v_proj ===> node.args[3]:1

> >model_layers_7_self_attn_q_proj ==> node.args[3]:8> >model_layers_5_self_attn_q_proj ==> node.args[3]:8> >model_layers_7_self_attn_q_proj ==> node.args[3]:8
>>model_layers_6_self_attn_k_proj ===> node.args[3]:8>>> >>>model_layers_6_self_attn_v_proj ===> node.args[3]:1



>>model_layers_5_self_attn_k_proj ===> node.args[3]:8
>>model_layers_7_self_attn_k_proj ===> node.args[3]:8>>model_layers_7_self_attn_k_proj ===> node.args[3]:8

>> >> model_layers_6_self_attn_k_proj ===> node.args[3]:1
>>>model_layers_6_self_attn_v_proj ===> node.args[3]:8
>> >> model_layers_7_self_attn_k_proj ===> node.args[3]:1
>> >> model_layers_5_self_attn_k_proj ===> node.args[3]:1
>>>model_layers_7_self_attn_v_proj ===> node.args[3]:8
>>> >>>model_layers_6_self_attn_v_proj ===> node.args[3]:1>>>model_layers_5_self_attn_v_proj ===> node.args[3]:8>> >> model_layers_7_self_attn_k_proj ===> node.args[3]:1
>model_layers_7_self_attn_q_proj ==> node.args[3]:64


>>> >>>model_layers_7_self_attn_v_proj ===> node.args[3]:1
>>>model_layers_7_self_attn_v_proj ===> node.args[3]:8
>>> >>>model_layers_5_self_attn_v_proj ===> node.args[3]:1
> >model_layers_7_self_attn_q_proj ==> node.args[3]:8
>>model_layers_7_self_attn_k_proj ===> node.args[3]:8
>>> >>>model_layers_7_self_attn_v_proj ===> node.args[3]:1>model_layers_7_self_attn_q_proj ==> node.args[3]:64

>> >> model_layers_7_self_attn_k_proj ===> node.args[3]:1
>>>model_layers_7_self_attn_v_proj ===> node.args[3]:8
> >model_layers_7_self_attn_q_proj ==> node.args[3]:8>>> >>>model_layers_7_self_attn_v_proj ===> node.args[3]:1

>model_layers_6_self_attn_q_proj ==> node.args[3]:64
>>model_layers_7_self_attn_k_proj ===> node.args[3]:8
>> >> model_layers_7_self_attn_k_proj ===> node.args[3]:1> >model_layers_6_self_attn_q_proj ==> node.args[3]:8

>>>model_layers_7_self_attn_v_proj ===> node.args[3]:8
>>model_layers_6_self_attn_k_proj ===> node.args[3]:8
>>> >>>model_layers_7_self_attn_v_proj ===> node.args[3]:1>> >> model_layers_6_self_attn_k_proj ===> node.args[3]:1

>>>model_layers_6_self_attn_v_proj ===> node.args[3]:8
>>> >>>model_layers_6_self_attn_v_proj ===> node.args[3]:1
>model_layers_7_self_attn_q_proj ==> node.args[3]:64
> >model_layers_7_self_attn_q_proj ==> node.args[3]:8
>>model_layers_7_self_attn_k_proj ===> node.args[3]:8
>> >> model_layers_7_self_attn_k_proj ===> node.args[3]:1
>>>model_layers_7_self_attn_v_proj ===> node.args[3]:8
>>> >>>model_layers_7_self_attn_v_proj ===> node.args[3]:1
[2026-01-27 08:34:26]  special_nodes | total=1 far=0 max_span=0 dropped_submod_adj=1
[2026-01-27 08:34:26] [rank:12] Optimus_p initialized
[2026-01-27 08:34:26]  special_nodes | total=1 far=0 max_span=0 dropped_submod_adj=1Using the latest cached version of the dataset since squad couldn't be found on the Hugging Face Hub (offline mode is enabled).

WARNING:datasets.load:Using the latest cached version of the dataset since squad couldn't be found on the Hugging Face Hub (offline mode is enabled).
[2026-01-27 08:34:26] [rank:8] Optimus_p initialized
[2026-01-27 08:34:26] ===> Model loading completed
[2026-01-27 08:34:26]  special_nodes | total=1 far=0 max_span=0 dropped_submod_adj=1
[2026-01-27 08:34:26] [rank:15] Optimus_p initialized
Found the latest cached dataset configuration 'plain_text' at /root/.cache/huggingface/datasets/squad/plain_text/0.0.0/7b6d24c440a36b6815f21b70d25016731768db1f (last modified on Wed Nov 12 05:58:19 2025).
WARNING:datasets.packaged_modules.cache.cache:Found the latest cached dataset configuration 'plain_text' at /root/.cache/huggingface/datasets/squad/plain_text/0.0.0/7b6d24c440a36b6815f21b70d25016731768db1f (last modified on Wed Nov 12 05:58:19 2025).
[2026-01-27 08:34:26]  special_nodes | total=1 far=0 max_span=0 dropped_submod_adj=1
[2026-01-27 08:34:26] [rank:14] Optimus_p initialized
Using the latest cached version of the dataset since squad couldn't be found on the Hugging Face Hub (offline mode is enabled).
WARNING:datasets.load:Using the latest cached version of the dataset since squad couldn't be found on the Hugging Face Hub (offline mode is enabled).
Using the latest cached version of the dataset since squad couldn't be found on the Hugging Face Hub (offline mode is enabled).
WARNING:datasets.load:Using the latest cached version of the dataset since squad couldn't be found on the Hugging Face Hub (offline mode is enabled).
[2026-01-27 08:34:26]  special_nodes | total=1 far=0 max_span=0 dropped_submod_adj=1
Found the latest cached dataset configuration 'plain_text' at /root/.cache/huggingface/datasets/squad/plain_text/0.0.0/7b6d24c440a36b6815f21b70d25016731768db1f (last modified on Wed Nov 12 05:58:19 2025).
[2026-01-27 08:34:26] [rank:13] Optimus_p initialized
WARNING:datasets.packaged_modules.cache.cache:Found the latest cached dataset configuration 'plain_text' at /root/.cache/huggingface/datasets/squad/plain_text/0.0.0/7b6d24c440a36b6815f21b70d25016731768db1f (last modified on Wed Nov 12 05:58:19 2025).
Found the latest cached dataset configuration 'plain_text' at /root/.cache/huggingface/datasets/squad/plain_text/0.0.0/7b6d24c440a36b6815f21b70d25016731768db1f (last modified on Wed Nov 12 05:58:19 2025).
[2026-01-27 08:34:26]  special_nodes | total=1 far=0 max_span=0 dropped_submod_adj=1WARNING:datasets.packaged_modules.cache.cache:Found the latest cached dataset configuration 'plain_text' at /root/.cache/huggingface/datasets/squad/plain_text/0.0.0/7b6d24c440a36b6815f21b70d25016731768db1f (last modified on Wed Nov 12 05:58:19 2025).

[2026-01-27 08:34:26] [rank:9] Optimus_p initialized
Using the latest cached version of the dataset since squad couldn't be found on the Hugging Face Hub (offline mode is enabled).
WARNING:datasets.load:Using the latest cached version of the dataset since squad couldn't be found on the Hugging Face Hub (offline mode is enabled).
[2026-01-27 08:34:26]  special_nodes | total=1 far=0 max_span=0 dropped_submod_adj=1
[2026-01-27 08:34:26] [rank:10] Optimus_p initialized
[2026-01-27 08:34:26]  special_nodes | total=1 far=0 max_span=0 dropped_submod_adj=1
[2026-01-27 08:34:26] [rank:11] Optimus_p initialized
Found the latest cached dataset configuration 'plain_text' at /root/.cache/huggingface/datasets/squad/plain_text/0.0.0/7b6d24c440a36b6815f21b70d25016731768db1f (last modified on Wed Nov 12 05:58:19 2025).
WARNING:datasets.packaged_modules.cache.cache:Found the latest cached dataset configuration 'plain_text' at /root/.cache/huggingface/datasets/squad/plain_text/0.0.0/7b6d24c440a36b6815f21b70d25016731768db1f (last modified on Wed Nov 12 05:58:19 2025).
Using the latest cached version of the dataset since squad couldn't be found on the Hugging Face Hub (offline mode is enabled).
WARNING:datasets.load:Using the latest cached version of the dataset since squad couldn't be found on the Hugging Face Hub (offline mode is enabled).
Using the latest cached version of the dataset since squad couldn't be found on the Hugging Face Hub (offline mode is enabled).
WARNING:datasets.load:Using the latest cached version of the dataset since squad couldn't be found on the Hugging Face Hub (offline mode is enabled).
Using the latest cached version of the dataset since squad couldn't be found on the Hugging Face Hub (offline mode is enabled).
WARNING:datasets.load:Using the latest cached version of the dataset since squad couldn't be found on the Hugging Face Hub (offline mode is enabled).
Found the latest cached dataset configuration 'plain_text' at /root/.cache/huggingface/datasets/squad/plain_text/0.0.0/7b6d24c440a36b6815f21b70d25016731768db1f (last modified on Wed Nov 12 05:58:19 2025).
WARNING:datasets.packaged_modules.cache.cache:Found the latest cached dataset configuration 'plain_text' at /root/.cache/huggingface/datasets/squad/plain_text/0.0.0/7b6d24c440a36b6815f21b70d25016731768db1f (last modified on Wed Nov 12 05:58:19 2025).
Using the latest cached version of the dataset since squad couldn't be found on the Hugging Face Hub (offline mode is enabled).
WARNING:datasets.load:Using the latest cached version of the dataset since squad couldn't be found on the Hugging Face Hub (offline mode is enabled).
Found the latest cached dataset configuration 'plain_text' at /root/.cache/huggingface/datasets/squad/plain_text/0.0.0/7b6d24c440a36b6815f21b70d25016731768db1f (last modified on Wed Nov 12 05:58:19 2025).
WARNING:datasets.packaged_modules.cache.cache:Found the latest cached dataset configuration 'plain_text' at /root/.cache/huggingface/datasets/squad/plain_text/0.0.0/7b6d24c440a36b6815f21b70d25016731768db1f (last modified on Wed Nov 12 05:58:19 2025).
Found the latest cached dataset configuration 'plain_text' at /root/.cache/huggingface/datasets/squad/plain_text/0.0.0/7b6d24c440a36b6815f21b70d25016731768db1f (last modified on Wed Nov 12 05:58:19 2025).
WARNING:datasets.packaged_modules.cache.cache:Found the latest cached dataset configuration 'plain_text' at /root/.cache/huggingface/datasets/squad/plain_text/0.0.0/7b6d24c440a36b6815f21b70d25016731768db1f (last modified on Wed Nov 12 05:58:19 2025).
Found the latest cached dataset configuration 'plain_text' at /root/.cache/huggingface/datasets/squad/plain_text/0.0.0/7b6d24c440a36b6815f21b70d25016731768db1f (last modified on Wed Nov 12 05:58:19 2025).
WARNING:datasets.packaged_modules.cache.cache:Found the latest cached dataset configuration 'plain_text' at /root/.cache/huggingface/datasets/squad/plain_text/0.0.0/7b6d24c440a36b6815f21b70d25016731768db1f (last modified on Wed Nov 12 05:58:19 2025).
[2026-01-27 08:34:26] [rank:14] Profile: 10 steps (50 warmup)
[2026-01-27 08:34:26] [rank:11] Profile: 10 steps (50 warmup)
[2026-01-27 08:34:26] [rank:12] Profile: 10 steps (50 warmup)
[2026-01-27 08:34:26] [rank:15] Profile: 10 steps (50 warmup)
[2026-01-27 08:34:26] [rank:13] Profile: 10 steps (50 warmup)
[2026-01-27 08:34:26] [rank:8] Profile: 10 steps (50 warmup)
[2026-01-27 08:34:26] [rank:9] Profile: 10 steps (50 warmup)
[2026-01-27 08:34:27] [rank:10] Profile: 10 steps (50 warmup)
[rank:9] process group destroyed.
>>> EXIT_CODE: 0, ELAPSED_TIME: None
[rank:11] process group destroyed.
>>> EXIT_CODE: 0, ELAPSED_TIME: None
[rank:13] process group destroyed.
>>> EXIT_CODE: 0, ELAPSED_TIME: None
[rank:15] process group destroyed.
>>> EXIT_CODE: 0, ELAPSED_TIME: None
[rank:14] process group destroyed.
>>> EXIT_CODE: 0, ELAPSED_TIME: None
[rank:10] process group destroyed.
>>> EXIT_CODE: 0, ELAPSED_TIME: None
[rank:8] process group destroyed.
>>> EXIT_CODE: 0, ELAPSED_TIME: None
[rank:12] process group destroyed.
>>> EXIT_CODE: 0, ELAPSED_TIME: None
=================================================
RUN_ID            : Llama-3.3-70B-Instruct-128-16-2-8-1
Mode              : profile
Batch/Micro       : 128 / 16
PP/TP/DP          : 2 / 8 / 1
RDZV              : 192.168.100.107:29505
=================================================
Waiting for master rendezvous...
Still waiting...
W0127 08:36:05.894000 27447 site-packages/torch/distributed/run.py:793] 
W0127 08:36:05.894000 27447 site-packages/torch/distributed/run.py:793] *****************************************
W0127 08:36:05.894000 27447 site-packages/torch/distributed/run.py:793] Setting OMP_NUM_THREADS environment variable for each process to be 1 in default, to avoid your system being overloaded, please further tune the variable for optimal performance in your application as needed. 
W0127 08:36:05.894000 27447 site-packages/torch/distributed/run.py:793] *****************************************
[2026-01-27 08:36:08]  rank:15, world_size:16, init_method:tcp://192.168.100.107:29505
[2026-01-27 08:36:08]  rank:10, world_size:16, init_method:tcp://192.168.100.107:29505
[2026-01-27 08:36:08]  rank:13, world_size:16, init_method:tcp://192.168.100.107:29505
[2026-01-27 08:36:08]  rank:11, world_size:16, init_method:tcp://192.168.100.107:29505
[2026-01-27 08:36:08]  rank:12, world_size:16, init_method:tcp://192.168.100.107:29505
[2026-01-27 08:36:08]  rank:8, world_size:16, init_method:tcp://192.168.100.107:29505
[2026-01-27 08:36:08]  rank:14, world_size:16, init_method:tcp://192.168.100.107:29505
[2026-01-27 08:36:08]  rank:9, world_size:16, init_method:tcp://192.168.100.107:29505
[2026-01-27 08:36:12] [rank:8] torch=2.5.0+cu124, transformers=4.46.2 ✓
[2026-01-27 08:36:12] [rank:10] torch=2.5.0+cu124, transformers=4.46.2 ✓
[2026-01-27 08:36:12] [rank:11] torch=2.5.0+cu124, transformers=4.46.2 ✓
[2026-01-27 08:36:12] [rank:13] torch=2.5.0+cu124, transformers=4.46.2 ✓
[2026-01-27 08:36:12] [rank:14] torch=2.5.0+cu124, transformers=4.46.2 ✓
[2026-01-27 08:36:12] [rank:12] torch=2.5.0+cu124, transformers=4.46.2 ✓
[2026-01-27 08:36:12] [rank:15] torch=2.5.0+cu124, transformers=4.46.2 ✓
[2026-01-27 08:36:12] [rank:9] torch=2.5.0+cu124, transformers=4.46.2 ✓
[2026-01-27 08:36:12] [local_rank:7] Waiting for rank 0...
[2026-01-27 08:36:12] [local_rank:2] Waiting for rank 0...
[2026-01-27 08:36:12] [local_rank:6] Waiting for rank 0...
[2026-01-27 08:36:12] [local_rank:5] Waiting for rank 0...
[2026-01-27 08:36:12] ===> Model loading...
[2026-01-27 08:36:12] > Model: meta-llama/Llama-3.3-70B-Instruct (70B architecture)
[2026-01-27 08:36:12] > Config: hidden_size=8192, intermediate_size=28672, num_attention_heads=64, num_key_value_heads=8
[2026-01-27 08:36:12] > Using 8 layers (full model: 80 layers)
[2026-01-27 08:36:12] > Tokenizer vocab_size: 128000, Using: 128256
[2026-01-27 08:36:12] [local_rank:4] Waiting for rank 0...
[2026-01-27 08:36:12] [local_rank:3] Waiting for rank 0...
[2026-01-27 08:36:12] [local_rank:1] Waiting for rank 0...
[2026-01-27 08:37:32] > [PROFILE MODE] 8-layer Llama 70B model
[2026-01-27 08:37:32] > Total parameters: 8,946,589,696
[2026-01-27 08:37:32] > PP=2, TP=8, DP=1
[2026-01-27 08:37:32] > GBS=128, MBS=16, #MB=8
[2026-01-27 08:37:33] [rank:8] Available GPUs per server: 8
[2026-01-27 08:37:33] [rank:8] GPU mode is used.
[2026-01-27 08:37:33] [rank:8] Communication already initialized
[2026-01-27 08:37:33] [rank:8] before init_device_mesh
[2026-01-27 08:37:33] [rank:8] after init_device_mesh
[2026-01-27 08:37:33] [rank:8] pp group:DeviceMesh('cuda', [0, 8], mesh_dim_names=('pp',))
[2026-01-27 08:37:33] [rank:8] tp group:DeviceMesh('cuda', [8, 9, 10, 11, 12, 13, 14, 15], mesh_dim_names=('tp',))
[2026-01-27 08:37:33] [rank:8] dp group:DeviceMesh('cuda', [8], mesh_dim_names=('dp',))
[2026-01-27 08:37:33] [rank:8] Using GPU ... cuda:0
[2026-01-27 08:37:33] [rank:8] model class name: LlamaForCausalLM
[2026-01-27 08:37:33] [rank:8] split method: llama-tp-split
 ### Rank:8, name:submod_1, move submod_1 to cuda:0
[2026-01-27 08:37:36] [rank:8] clean_module_memory
[2026-01-27 08:37:36] [rank:8] PARALLEL MODE PROCESSING
[2026-01-27 08:38:09] [local_rank:3] Rank 0 finished
[2026-01-27 08:38:09] [local_rank:3] Waiting for rank 1...
[2026-01-27 08:38:09] [local_rank:7] Rank 0 finished
[2026-01-27 08:38:09] [local_rank:7] Waiting for rank 1...
[2026-01-27 08:38:09] [local_rank:4] Rank 0 finished
[2026-01-27 08:38:09] [local_rank:1] Rank 0 finished
[2026-01-27 08:38:09] [local_rank:4] Waiting for rank 1...
[2026-01-27 08:38:09] [local_rank:5] Rank 0 finished
[2026-01-27 08:38:09] [local_rank:5] Waiting for rank 1...
[2026-01-27 08:38:09] [local_rank:2] Rank 0 finished
[2026-01-27 08:38:09] [local_rank:6] Rank 0 finished
[2026-01-27 08:38:09] [local_rank:2] Waiting for rank 1...
[2026-01-27 08:38:09] [local_rank:6] Waiting for rank 1...
[2026-01-27 08:39:30] [rank:9] GPU mode is used.
[2026-01-27 08:39:30] [rank:9] Communication already initialized
[2026-01-27 08:39:30] [rank:9] before init_device_mesh
[2026-01-27 08:39:30] [rank:9] after init_device_mesh
[2026-01-27 08:39:30] [rank:9] pp group:DeviceMesh('cuda', [1, 9], mesh_dim_names=('pp',))
[2026-01-27 08:39:30] [rank:9] tp group:DeviceMesh('cuda', [8, 9, 10, 11, 12, 13, 14, 15], mesh_dim_names=('tp',))
[2026-01-27 08:39:30] [rank:9] dp group:DeviceMesh('cuda', [9], mesh_dim_names=('dp',))
[2026-01-27 08:39:30] [rank:9] Using GPU ... cuda:1
[2026-01-27 08:39:30] [rank:9] model class name: LlamaForCausalLM
[2026-01-27 08:39:30] [rank:9] split method: llama-tp-split
 ### Rank:9, name:submod_1, move submod_1 to cuda:1
[2026-01-27 08:39:33] [rank:9] clean_module_memory
[2026-01-27 08:39:33] [rank:9] PARALLEL MODE PROCESSING
[2026-01-27 08:39:47] [local_rank:6] Rank 1 finished
[2026-01-27 08:39:47] [local_rank:6] Waiting for rank 2...
[2026-01-27 08:39:47] [local_rank:2] Rank 1 finished
[2026-01-27 08:39:47] [local_rank:4] Rank 1 finished[2026-01-27 08:39:47] [local_rank:3] Rank 1 finished

[2026-01-27 08:39:47] [local_rank:4] Waiting for rank 2...
[2026-01-27 08:39:47] [local_rank:3] Waiting for rank 2...
[2026-01-27 08:39:47] [local_rank:5] Rank 1 finished
[2026-01-27 08:39:47] [local_rank:5] Waiting for rank 2...
[2026-01-27 08:39:47] [local_rank:7] Rank 1 finished
[2026-01-27 08:39:47] [local_rank:7] Waiting for rank 2...
[2026-01-27 08:41:07] [rank:10] GPU mode is used.
[2026-01-27 08:41:07] [rank:10] Communication already initialized
[2026-01-27 08:41:07] [rank:10] before init_device_mesh
[2026-01-27 08:41:07] [rank:10] after init_device_mesh
[2026-01-27 08:41:07] [rank:10] pp group:DeviceMesh('cuda', [2, 10], mesh_dim_names=('pp',))
[2026-01-27 08:41:07] [rank:10] tp group:DeviceMesh('cuda', [8, 9, 10, 11, 12, 13, 14, 15], mesh_dim_names=('tp',))
[2026-01-27 08:41:07] [rank:10] dp group:DeviceMesh('cuda', [10], mesh_dim_names=('dp',))
[2026-01-27 08:41:07] [rank:10] Using GPU ... cuda:2
[2026-01-27 08:41:07] [rank:10] model class name: LlamaForCausalLM
[2026-01-27 08:41:07] [rank:10] split method: llama-tp-split
 ### Rank:10, name:submod_1, move submod_1 to cuda:2
[2026-01-27 08:41:09] [rank:10] clean_module_memory
[2026-01-27 08:41:09] [rank:10] PARALLEL MODE PROCESSING
[2026-01-27 08:41:28] [local_rank:4] Rank 2 finished
[2026-01-27 08:41:28] [local_rank:4] Waiting for rank 3...
[2026-01-27 08:41:28] [local_rank:5] Rank 2 finished
[2026-01-27 08:41:28] [local_rank:5] Waiting for rank 3...
[2026-01-27 08:41:28] [local_rank:6] Rank 2 finished
[2026-01-27 08:41:28] [local_rank:6] Waiting for rank 3...
[2026-01-27 08:41:28] [local_rank:7] Rank 2 finished
[2026-01-27 08:41:28] [local_rank:7] Waiting for rank 3...
[2026-01-27 08:41:28] [local_rank:3] Rank 2 finished
[2026-01-27 08:42:47] [rank:11] GPU mode is used.
[2026-01-27 08:42:47] [rank:11] Communication already initialized
[2026-01-27 08:42:47] [rank:11] before init_device_mesh
[2026-01-27 08:42:47] [rank:11] after init_device_mesh
[2026-01-27 08:42:47] [rank:11] pp group:DeviceMesh('cuda', [3, 11], mesh_dim_names=('pp',))
[2026-01-27 08:42:47] [rank:11] tp group:DeviceMesh('cuda', [8, 9, 10, 11, 12, 13, 14, 15], mesh_dim_names=('tp',))
[2026-01-27 08:42:47] [rank:11] dp group:DeviceMesh('cuda', [11], mesh_dim_names=('dp',))
[2026-01-27 08:42:47] [rank:11] Using GPU ... cuda:3
[2026-01-27 08:42:47] [rank:11] model class name: LlamaForCausalLM
[2026-01-27 08:42:47] [rank:11] split method: llama-tp-split
 ### Rank:11, name:submod_1, move submod_1 to cuda:3
[2026-01-27 08:42:49] [rank:11] clean_module_memory
[2026-01-27 08:42:49] [rank:11] PARALLEL MODE PROCESSING
[2026-01-27 08:43:12] [local_rank:4] Rank 3 finished
[2026-01-27 08:43:12] [local_rank:6] Rank 3 finished
[2026-01-27 08:43:12] [local_rank:6] Waiting for rank 4...
[2026-01-27 08:43:12] [local_rank:7] Rank 3 finished
[2026-01-27 08:43:12] [local_rank:7] Waiting for rank 4...
[2026-01-27 08:43:12] [local_rank:5] Rank 3 finished
[2026-01-27 08:43:12] [local_rank:5] Waiting for rank 4...
[2026-01-27 08:44:32] [rank:12] GPU mode is used.
[2026-01-27 08:44:32] [rank:12] Communication already initialized
[2026-01-27 08:44:32] [rank:12] before init_device_mesh
[2026-01-27 08:44:32] [rank:12] after init_device_mesh
[2026-01-27 08:44:32] [rank:12] pp group:DeviceMesh('cuda', [4, 12], mesh_dim_names=('pp',))
[2026-01-27 08:44:32] [rank:12] tp group:DeviceMesh('cuda', [8, 9, 10, 11, 12, 13, 14, 15], mesh_dim_names=('tp',))
[2026-01-27 08:44:32] [rank:12] dp group:DeviceMesh('cuda', [12], mesh_dim_names=('dp',))
[2026-01-27 08:44:32] [rank:12] Using GPU ... cuda:4
[2026-01-27 08:44:32] [rank:12] model class name: LlamaForCausalLM
[2026-01-27 08:44:32] [rank:12] split method: llama-tp-split
 ### Rank:12, name:submod_1, move submod_1 to cuda:4
[2026-01-27 08:44:34] [rank:12] clean_module_memory
[2026-01-27 08:44:34] [rank:12] PARALLEL MODE PROCESSING
[2026-01-27 08:44:54] [local_rank:6] Rank 4 finished
[2026-01-27 08:44:54] [local_rank:6] Waiting for rank 5...
[2026-01-27 08:44:54] [local_rank:7] Rank 4 finished
[2026-01-27 08:44:54] [local_rank:7] Waiting for rank 5...
[2026-01-27 08:44:54] [local_rank:5] Rank 4 finished
[2026-01-27 08:46:13] [rank:13] GPU mode is used.
[2026-01-27 08:46:13] [rank:13] Communication already initialized
[2026-01-27 08:46:13] [rank:13] before init_device_mesh
[2026-01-27 08:46:13] [rank:13] after init_device_mesh
[2026-01-27 08:46:13] [rank:13] pp group:DeviceMesh('cuda', [5, 13], mesh_dim_names=('pp',))
[2026-01-27 08:46:13] [rank:13] tp group:DeviceMesh('cuda', [8, 9, 10, 11, 12, 13, 14, 15], mesh_dim_names=('tp',))
[2026-01-27 08:46:13] [rank:13] dp group:DeviceMesh('cuda', [13], mesh_dim_names=('dp',))
[2026-01-27 08:46:13] [rank:13] Using GPU ... cuda:5
[2026-01-27 08:46:13] [rank:13] model class name: LlamaForCausalLM
[2026-01-27 08:46:13] [rank:13] split method: llama-tp-split
 ### Rank:13, name:submod_1, move submod_1 to cuda:5
[2026-01-27 08:46:15] [rank:13] clean_module_memory
[2026-01-27 08:46:15] [rank:13] PARALLEL MODE PROCESSING
[2026-01-27 08:46:40] [local_rank:7] Rank 5 finished
[2026-01-27 08:46:40] [local_rank:7] Waiting for rank 6...
[2026-01-27 08:46:40] [local_rank:6] Rank 5 finished
[2026-01-27 08:47:59] [rank:14] GPU mode is used.
[2026-01-27 08:47:59] [rank:14] Communication already initialized
[2026-01-27 08:47:59] [rank:14] before init_device_mesh
[2026-01-27 08:47:59] [rank:14] after init_device_mesh
[2026-01-27 08:47:59] [rank:14] pp group:DeviceMesh('cuda', [6, 14], mesh_dim_names=('pp',))
[2026-01-27 08:47:59] [rank:14] tp group:DeviceMesh('cuda', [8, 9, 10, 11, 12, 13, 14, 15], mesh_dim_names=('tp',))
[2026-01-27 08:47:59] [rank:14] dp group:DeviceMesh('cuda', [14], mesh_dim_names=('dp',))
[2026-01-27 08:47:59] [rank:14] Using GPU ... cuda:6
[2026-01-27 08:47:59] [rank:14] model class name: LlamaForCausalLM
[2026-01-27 08:47:59] [rank:14] split method: llama-tp-split
 ### Rank:14, name:submod_1, move submod_1 to cuda:6
[2026-01-27 08:48:01] [rank:14] clean_module_memory
[2026-01-27 08:48:01] [rank:14] PARALLEL MODE PROCESSING
[2026-01-27 08:48:19] [local_rank:7] Rank 6 finished
[2026-01-27 08:49:40] [rank:15] GPU mode is used.
[2026-01-27 08:49:40] [rank:15] Communication already initialized
[2026-01-27 08:49:40] [rank:15] before init_device_mesh
[2026-01-27 08:49:40] [rank:15] after init_device_mesh
[2026-01-27 08:49:40] [rank:15] pp group:DeviceMesh('cuda', [7, 15], mesh_dim_names=('pp',))
[2026-01-27 08:49:40] [rank:15] tp group:DeviceMesh('cuda', [8, 9, 10, 11, 12, 13, 14, 15], mesh_dim_names=('tp',))
[2026-01-27 08:49:40] [rank:15] dp group:DeviceMesh('cuda', [15], mesh_dim_names=('dp',))
[2026-01-27 08:49:40] [rank:15] Using GPU ... cuda:7
[2026-01-27 08:49:40] [rank:15] model class name: LlamaForCausalLM
[2026-01-27 08:49:40] [rank:15] split method: llama-tp-split
 ### Rank:15, name:submod_1, move submod_1 to cuda:7
[2026-01-27 08:49:42] [rank:15] clean_module_memory
[2026-01-27 08:49:42] [rank:15] PARALLEL MODE PROCESSING
 >> rank:15 -----------------------------------------------
rank: 15, #### last layer id:7
 >> rank:15 -----------------------------------------------
>>>> self.tpl.tp_mesh.size(): 8
>model_layers_5_self_attn_q_proj ==> node.args[3]:64
 >> rank:11 -----------------------------------------------
rank: 11, #### last layer id:7
 >> rank:11 -----------------------------------------------
>>>> self.tpl.tp_mesh.size(): 8 >> rank:12 -----------------------------------------------
> >model_layers_5_self_attn_q_proj ==> node.args[3]:8

rank: 12, #### last layer id:7>>model_layers_5_self_attn_k_proj ===> node.args[3]:8

 >> rank:12 -----------------------------------------------
>model_layers_5_self_attn_q_proj ==> node.args[3]:64>> >> model_layers_5_self_attn_k_proj ===> node.args[3]:1

 >> rank:13 -----------------------------------------------
>>>> self.tpl.tp_mesh.size(): 8>>>model_layers_5_self_attn_v_proj ===> node.args[3]:8rank: 13, #### last layer id:7


 >> rank:13 -----------------------------------------------
 >> rank:10 -----------------------------------------------
rank: 10, #### last layer id:7>>> >>>model_layers_5_self_attn_v_proj ===> node.args[3]:1

 >> rank:10 -----------------------------------------------
> >model_layers_5_self_attn_q_proj ==> node.args[3]:8
>>>> self.tpl.tp_mesh.size(): 8
>>model_layers_5_self_attn_k_proj ===> node.args[3]:8
>model_layers_6_self_attn_q_proj ==> node.args[3]:64
>model_layers_5_self_attn_q_proj ==> node.args[3]:64>> >> model_layers_5_self_attn_k_proj ===> node.args[3]:1

> >model_layers_6_self_attn_q_proj ==> node.args[3]:8>>>> self.tpl.tp_mesh.size(): 8

>>>model_layers_5_self_attn_v_proj ===> node.args[3]:8
>>model_layers_6_self_attn_k_proj ===> node.args[3]:8
>model_layers_5_self_attn_q_proj ==> node.args[3]:64>>> >>>model_layers_5_self_attn_v_proj ===> node.args[3]:1

>> >> model_layers_6_self_attn_k_proj ===> node.args[3]:1
>>>model_layers_6_self_attn_v_proj ===> node.args[3]:8
 >> rank:8 -----------------------------------------------
>>> >>>model_layers_6_self_attn_v_proj ===> node.args[3]:1>model_layers_6_self_attn_q_proj ==> node.args[3]:64rank: 8, #### last layer id:7


> >model_layers_5_self_attn_q_proj ==> node.args[3]:8 >> rank:8 -----------------------------------------------

 >> rank:14 -----------------------------------------------
>>model_layers_5_self_attn_k_proj ===> node.args[3]:8> >model_layers_6_self_attn_q_proj ==> node.args[3]:8
rank: 14, #### last layer id:7> >model_layers_5_self_attn_q_proj ==> node.args[3]:8


>>model_layers_6_self_attn_k_proj ===> node.args[3]:8 >> rank:14 -----------------------------------------------
>model_layers_7_self_attn_q_proj ==> node.args[3]:64
>model_layers_5_self_attn_q_proj ==> node.args[3]:64
>>>> self.tpl.tp_mesh.size(): 8>> >> model_layers_5_self_attn_k_proj ===> node.args[3]:1>>model_layers_5_self_attn_k_proj ===> node.args[3]:8



>> >> model_layers_6_self_attn_k_proj ===> node.args[3]:1
> >model_layers_7_self_attn_q_proj ==> node.args[3]:8>>>model_layers_5_self_attn_v_proj ===> node.args[3]:8>>>model_layers_6_self_attn_v_proj ===> node.args[3]:8


 >> rank:9 ----------------------------------------------->>model_layers_7_self_attn_k_proj ===> node.args[3]:8>>>> self.tpl.tp_mesh.size(): 8


>> >> model_layers_5_self_attn_k_proj ===> node.args[3]:1rank: 9, #### last layer id:7>>> >>>model_layers_6_self_attn_v_proj ===> node.args[3]:1


>>> >>>model_layers_5_self_attn_v_proj ===> node.args[3]:1
 >> rank:9 ----------------------------------------------->> >> model_layers_7_self_attn_k_proj ===> node.args[3]:1>>>model_layers_5_self_attn_v_proj ===> node.args[3]:8


>model_layers_5_self_attn_q_proj ==> node.args[3]:64>>>model_layers_7_self_attn_v_proj ===> node.args[3]:8

>model_layers_7_self_attn_q_proj ==> node.args[3]:64>model_layers_5_self_attn_q_proj ==> node.args[3]:64>model_layers_6_self_attn_q_proj ==> node.args[3]:64> >model_layers_5_self_attn_q_proj ==> node.args[3]:8>>> >>>model_layers_7_self_attn_v_proj ===> node.args[3]:1>>> >>>model_layers_5_self_attn_v_proj ===> node.args[3]:1





>>>> self.tpl.tp_mesh.size(): 8>>model_layers_5_self_attn_k_proj ===> node.args[3]:8
> >model_layers_7_self_attn_q_proj ==> node.args[3]:8
> >model_layers_6_self_attn_q_proj ==> node.args[3]:8

>>model_layers_7_self_attn_k_proj ===> node.args[3]:8
>>model_layers_6_self_attn_k_proj ===> node.args[3]:8
>> >> model_layers_7_self_attn_k_proj ===> node.args[3]:1
>> >> model_layers_6_self_attn_k_proj ===> node.args[3]:1
>>>model_layers_7_self_attn_v_proj ===> node.args[3]:8> >model_layers_5_self_attn_q_proj ==> node.args[3]:8>model_layers_6_self_attn_q_proj ==> node.args[3]:64

> >model_layers_5_self_attn_q_proj ==> node.args[3]:8>> >> model_layers_5_self_attn_k_proj ===> node.args[3]:1>>>model_layers_6_self_attn_v_proj ===> node.args[3]:8



>>model_layers_5_self_attn_k_proj ===> node.args[3]:8
>>> >>>model_layers_7_self_attn_v_proj ===> node.args[3]:1
>>>model_layers_5_self_attn_v_proj ===> node.args[3]:8>>model_layers_5_self_attn_k_proj ===> node.args[3]:8

>>> >>>model_layers_6_self_attn_v_proj ===> node.args[3]:1
>> >> model_layers_5_self_attn_k_proj ===> node.args[3]:1> >model_layers_6_self_attn_q_proj ==> node.args[3]:8

>> >> model_layers_5_self_attn_k_proj ===> node.args[3]:1>>>model_layers_5_self_attn_v_proj ===> node.args[3]:8

>>> >>>model_layers_5_self_attn_v_proj ===> node.args[3]:1>>model_layers_6_self_attn_k_proj ===> node.args[3]:8

>>>model_layers_5_self_attn_v_proj ===> node.args[3]:8
>model_layers_7_self_attn_q_proj ==> node.args[3]:64
>>> >>>model_layers_5_self_attn_v_proj ===> node.args[3]:1
>model_layers_5_self_attn_q_proj ==> node.args[3]:64
>>> >>>model_layers_5_self_attn_v_proj ===> node.args[3]:1
>> >> model_layers_6_self_attn_k_proj ===> node.args[3]:1> >model_layers_7_self_attn_q_proj ==> node.args[3]:8

>>model_layers_7_self_attn_k_proj ===> node.args[3]:8
>>>model_layers_6_self_attn_v_proj ===> node.args[3]:8
>model_layers_6_self_attn_q_proj ==> node.args[3]:64>model_layers_6_self_attn_q_proj ==> node.args[3]:64

>> >> model_layers_7_self_attn_k_proj ===> node.args[3]:1
>model_layers_6_self_attn_q_proj ==> node.args[3]:64
>>>model_layers_7_self_attn_v_proj ===> node.args[3]:8
> >model_layers_6_self_attn_q_proj ==> node.args[3]:8>>> >>>model_layers_6_self_attn_v_proj ===> node.args[3]:1

> >model_layers_6_self_attn_q_proj ==> node.args[3]:8>>> >>>model_layers_7_self_attn_v_proj ===> node.args[3]:1

>>model_layers_6_self_attn_k_proj ===> node.args[3]:8> >model_layers_6_self_attn_q_proj ==> node.args[3]:8

> >model_layers_5_self_attn_q_proj ==> node.args[3]:8>>model_layers_6_self_attn_k_proj ===> node.args[3]:8

>>model_layers_6_self_attn_k_proj ===> node.args[3]:8
>> >> model_layers_6_self_attn_k_proj ===> node.args[3]:1>>model_layers_5_self_attn_k_proj ===> node.args[3]:8

>>>model_layers_6_self_attn_v_proj ===> node.args[3]:8
>> >> model_layers_6_self_attn_k_proj ===> node.args[3]:1
>>>model_layers_6_self_attn_v_proj ===> node.args[3]:8
>model_layers_7_self_attn_q_proj ==> node.args[3]:64
>> >> model_layers_6_self_attn_k_proj ===> node.args[3]:1>>> >>>model_layers_6_self_attn_v_proj ===> node.args[3]:1

>> >> model_layers_5_self_attn_k_proj ===> node.args[3]:1
>>> >>>model_layers_6_self_attn_v_proj ===> node.args[3]:1
>>>model_layers_6_self_attn_v_proj ===> node.args[3]:8>>>model_layers_5_self_attn_v_proj ===> node.args[3]:8

> >model_layers_7_self_attn_q_proj ==> node.args[3]:8
>model_layers_7_self_attn_q_proj ==> node.args[3]:64>>> >>>model_layers_5_self_attn_v_proj ===> node.args[3]:1

>>model_layers_7_self_attn_k_proj ===> node.args[3]:8>>> >>>model_layers_6_self_attn_v_proj ===> node.args[3]:1

>model_layers_7_self_attn_q_proj ==> node.args[3]:64
> >model_layers_7_self_attn_q_proj ==> node.args[3]:8
>>model_layers_7_self_attn_k_proj ===> node.args[3]:8
> >model_layers_7_self_attn_q_proj ==> node.args[3]:8
>> >> model_layers_7_self_attn_k_proj ===> node.args[3]:1
>>model_layers_7_self_attn_k_proj ===> node.args[3]:8
>> >> model_layers_7_self_attn_k_proj ===> node.args[3]:1>>>model_layers_7_self_attn_v_proj ===> node.args[3]:8
>model_layers_6_self_attn_q_proj ==> node.args[3]:64

>>>model_layers_7_self_attn_v_proj ===> node.args[3]:8
>> >> model_layers_7_self_attn_k_proj ===> node.args[3]:1
>>>model_layers_7_self_attn_v_proj ===> node.args[3]:8
>>> >>>model_layers_7_self_attn_v_proj ===> node.args[3]:1>model_layers_7_self_attn_q_proj ==> node.args[3]:64
> >model_layers_6_self_attn_q_proj ==> node.args[3]:8>>> >>>model_layers_7_self_attn_v_proj ===> node.args[3]:1>>> >>>model_layers_7_self_attn_v_proj ===> node.args[3]:1



>>model_layers_6_self_attn_k_proj ===> node.args[3]:8
>> >> model_layers_6_self_attn_k_proj ===> node.args[3]:1
> >model_layers_7_self_attn_q_proj ==> node.args[3]:8>>>model_layers_6_self_attn_v_proj ===> node.args[3]:8

>>model_layers_7_self_attn_k_proj ===> node.args[3]:8
>>> >>>model_layers_6_self_attn_v_proj ===> node.args[3]:1
>> >> model_layers_7_self_attn_k_proj ===> node.args[3]:1
>>>model_layers_7_self_attn_v_proj ===> node.args[3]:8
>model_layers_7_self_attn_q_proj ==> node.args[3]:64>>> >>>model_layers_7_self_attn_v_proj ===> node.args[3]:1

> >model_layers_7_self_attn_q_proj ==> node.args[3]:8
>>model_layers_7_self_attn_k_proj ===> node.args[3]:8
>> >> model_layers_7_self_attn_k_proj ===> node.args[3]:1
>>>model_layers_7_self_attn_v_proj ===> node.args[3]:8
>>> >>>model_layers_7_self_attn_v_proj ===> node.args[3]:1
[2026-01-27 08:50:07]  special_nodes | total=1 far=0 max_span=0 dropped_submod_adj=1
[2026-01-27 08:50:07] [rank:13] Optimus_p initialized
[2026-01-27 08:50:07]  special_nodes | total=1 far=0 max_span=0 dropped_submod_adj=1
[2026-01-27 08:50:07] [rank:14] Optimus_p initialized
[2026-01-27 08:50:07]  special_nodes | total=1 far=0 max_span=0 dropped_submod_adj=1
Using the latest cached version of the dataset since squad couldn't be found on the Hugging Face Hub (offline mode is enabled).
[2026-01-27 08:50:07] [rank:12] Optimus_p initialized
WARNING:datasets.load:Using the latest cached version of the dataset since squad couldn't be found on the Hugging Face Hub (offline mode is enabled).
Found the latest cached dataset configuration 'plain_text' at /root/.cache/huggingface/datasets/squad/plain_text/0.0.0/7b6d24c440a36b6815f21b70d25016731768db1f (last modified on Wed Nov 12 05:58:19 2025).
WARNING:datasets.packaged_modules.cache.cache:Found the latest cached dataset configuration 'plain_text' at /root/.cache/huggingface/datasets/squad/plain_text/0.0.0/7b6d24c440a36b6815f21b70d25016731768db1f (last modified on Wed Nov 12 05:58:19 2025).
Using the latest cached version of the dataset since squad couldn't be found on the Hugging Face Hub (offline mode is enabled).
WARNING:datasets.load:Using the latest cached version of the dataset since squad couldn't be found on the Hugging Face Hub (offline mode is enabled).
[2026-01-27 08:50:07]  special_nodes | total=1 far=0 max_span=0 dropped_submod_adj=1
[2026-01-27 08:50:07] [rank:9] Optimus_p initializedUsing the latest cached version of the dataset since squad couldn't be found on the Hugging Face Hub (offline mode is enabled).

WARNING:datasets.load:Using the latest cached version of the dataset since squad couldn't be found on the Hugging Face Hub (offline mode is enabled).
[2026-01-27 08:50:07]  special_nodes | total=1 far=0 max_span=0 dropped_submod_adj=1
[2026-01-27 08:50:07] [rank:15] Optimus_p initialized
Found the latest cached dataset configuration 'plain_text' at /root/.cache/huggingface/datasets/squad/plain_text/0.0.0/7b6d24c440a36b6815f21b70d25016731768db1f (last modified on Wed Nov 12 05:58:19 2025).
WARNING:datasets.packaged_modules.cache.cache:Found the latest cached dataset configuration 'plain_text' at /root/.cache/huggingface/datasets/squad/plain_text/0.0.0/7b6d24c440a36b6815f21b70d25016731768db1f (last modified on Wed Nov 12 05:58:19 2025).
[2026-01-27 08:50:07]  special_nodes | total=1 far=0 max_span=0 dropped_submod_adj=1
[2026-01-27 08:50:07] [rank:11] Optimus_p initialized
Found the latest cached dataset configuration 'plain_text' at /root/.cache/huggingface/datasets/squad/plain_text/0.0.0/7b6d24c440a36b6815f21b70d25016731768db1f (last modified on Wed Nov 12 05:58:19 2025).
WARNING:datasets.packaged_modules.cache.cache:Found the latest cached dataset configuration 'plain_text' at /root/.cache/huggingface/datasets/squad/plain_text/0.0.0/7b6d24c440a36b6815f21b70d25016731768db1f (last modified on Wed Nov 12 05:58:19 2025).
[2026-01-27 08:50:07]  special_nodes | total=1 far=0 max_span=0 dropped_submod_adj=1
[2026-01-27 08:50:07] [rank:10] Optimus_p initialized
Using the latest cached version of the dataset since squad couldn't be found on the Hugging Face Hub (offline mode is enabled).
WARNING:datasets.load:Using the latest cached version of the dataset since squad couldn't be found on the Hugging Face Hub (offline mode is enabled).
[2026-01-27 08:50:07]  special_nodes | total=1 far=0 max_span=0 dropped_submod_adj=1
[2026-01-27 08:50:07] [rank:8] Optimus_p initialized
[2026-01-27 08:50:07] ===> Model loading completed
Using the latest cached version of the dataset since squad couldn't be found on the Hugging Face Hub (offline mode is enabled).
WARNING:datasets.load:Using the latest cached version of the dataset since squad couldn't be found on the Hugging Face Hub (offline mode is enabled).
Using the latest cached version of the dataset since squad couldn't be found on the Hugging Face Hub (offline mode is enabled).
WARNING:datasets.load:Using the latest cached version of the dataset since squad couldn't be found on the Hugging Face Hub (offline mode is enabled).
Found the latest cached dataset configuration 'plain_text' at /root/.cache/huggingface/datasets/squad/plain_text/0.0.0/7b6d24c440a36b6815f21b70d25016731768db1f (last modified on Wed Nov 12 05:58:19 2025).
WARNING:datasets.packaged_modules.cache.cache:Found the latest cached dataset configuration 'plain_text' at /root/.cache/huggingface/datasets/squad/plain_text/0.0.0/7b6d24c440a36b6815f21b70d25016731768db1f (last modified on Wed Nov 12 05:58:19 2025).
Using the latest cached version of the dataset since squad couldn't be found on the Hugging Face Hub (offline mode is enabled).
WARNING:datasets.load:Using the latest cached version of the dataset since squad couldn't be found on the Hugging Face Hub (offline mode is enabled).
Found the latest cached dataset configuration 'plain_text' at /root/.cache/huggingface/datasets/squad/plain_text/0.0.0/7b6d24c440a36b6815f21b70d25016731768db1f (last modified on Wed Nov 12 05:58:19 2025).
WARNING:datasets.packaged_modules.cache.cache:Found the latest cached dataset configuration 'plain_text' at /root/.cache/huggingface/datasets/squad/plain_text/0.0.0/7b6d24c440a36b6815f21b70d25016731768db1f (last modified on Wed Nov 12 05:58:19 2025).
Found the latest cached dataset configuration 'plain_text' at /root/.cache/huggingface/datasets/squad/plain_text/0.0.0/7b6d24c440a36b6815f21b70d25016731768db1f (last modified on Wed Nov 12 05:58:19 2025).
WARNING:datasets.packaged_modules.cache.cache:Found the latest cached dataset configuration 'plain_text' at /root/.cache/huggingface/datasets/squad/plain_text/0.0.0/7b6d24c440a36b6815f21b70d25016731768db1f (last modified on Wed Nov 12 05:58:19 2025).
Found the latest cached dataset configuration 'plain_text' at /root/.cache/huggingface/datasets/squad/plain_text/0.0.0/7b6d24c440a36b6815f21b70d25016731768db1f (last modified on Wed Nov 12 05:58:19 2025).
WARNING:datasets.packaged_modules.cache.cache:Found the latest cached dataset configuration 'plain_text' at /root/.cache/huggingface/datasets/squad/plain_text/0.0.0/7b6d24c440a36b6815f21b70d25016731768db1f (last modified on Wed Nov 12 05:58:19 2025).
Using the latest cached version of the dataset since squad couldn't be found on the Hugging Face Hub (offline mode is enabled).
WARNING:datasets.load:Using the latest cached version of the dataset since squad couldn't be found on the Hugging Face Hub (offline mode is enabled).
Found the latest cached dataset configuration 'plain_text' at /root/.cache/huggingface/datasets/squad/plain_text/0.0.0/7b6d24c440a36b6815f21b70d25016731768db1f (last modified on Wed Nov 12 05:58:19 2025).
WARNING:datasets.packaged_modules.cache.cache:Found the latest cached dataset configuration 'plain_text' at /root/.cache/huggingface/datasets/squad/plain_text/0.0.0/7b6d24c440a36b6815f21b70d25016731768db1f (last modified on Wed Nov 12 05:58:19 2025).
[2026-01-27 08:50:08] [rank:13] Profile: 10 steps (50 warmup)
[2026-01-27 08:50:08] [rank:8] Profile: 10 steps (50 warmup)
[2026-01-27 08:50:08] [rank:15] Profile: 10 steps (50 warmup)
[2026-01-27 08:50:08] [rank:14] Profile: 10 steps (50 warmup)
[2026-01-27 08:50:08] [rank:10] Profile: 10 steps (50 warmup)
[2026-01-27 08:50:08] [rank:12] Profile: 10 steps (50 warmup)
[2026-01-27 08:50:08] [rank:9] Profile: 10 steps (50 warmup)
[2026-01-27 08:50:08] [rank:11] Profile: 10 steps (50 warmup)
###[rank:9], remain[:3854827520], total[:47729344512], cached[:43874516992] ... forcefully free memory
###[rank:13], remain[:3888381952], total[:47729344512], cached[:43840962560] ... forcefully free memory
###[rank:8], remain[:3856924672], total[:47729344512], cached[:43872419840] ... forcefully free memory
###[rank:13], remain[:3892576256], total[:47729344512], cached[:43836768256] ... forcefully free memory
###[rank:9], remain[:3859021824], total[:47729344512], cached[:43870322688] ... forcefully free memory
###[rank:8], remain[:3926130688], total[:47729344512], cached[:43803213824] ... forcefully free memory
###[rank:13], remain[:3924033536], total[:47729344512], cached[:43805310976] ... forcefully free memory
###[rank:9], remain[:3924033536], total[:47729344512], cached[:43805310976] ... forcefully free memory
[rank:9] process group destroyed.
>>> EXIT_CODE: 0, ELAPSED_TIME: None
[rank:11] process group destroyed.
>>> EXIT_CODE: 0, ELAPSED_TIME: None
[rank:13] process group destroyed.
>>> EXIT_CODE: 0, ELAPSED_TIME: None
[rank:14] process group destroyed.
>>> EXIT_CODE: 0, ELAPSED_TIME: None
[rank:10] process group destroyed.
>>> EXIT_CODE: 0, ELAPSED_TIME: None
[rank:12] process group destroyed.
>>> EXIT_CODE: 0, ELAPSED_TIME: None
[rank:15] process group destroyed.
>>> EXIT_CODE: 0, ELAPSED_TIME: None
[rank:8] process group destroyed.
>>> EXIT_CODE: 0, ELAPSED_TIME: None
=================================================
RUN_ID            : Llama-3.3-70B-Instruct-256-32-2-8-1
Mode              : profile
Batch/Micro       : 256 / 32
PP/TP/DP          : 2 / 8 / 1
RDZV              : 192.168.100.107:29506
=================================================
Waiting for master rendezvous...
Still waiting...
W0127 08:52:49.227000 34862 site-packages/torch/distributed/run.py:793] 
W0127 08:52:49.227000 34862 site-packages/torch/distributed/run.py:793] *****************************************
W0127 08:52:49.227000 34862 site-packages/torch/distributed/run.py:793] Setting OMP_NUM_THREADS environment variable for each process to be 1 in default, to avoid your system being overloaded, please further tune the variable for optimal performance in your application as needed. 
W0127 08:52:49.227000 34862 site-packages/torch/distributed/run.py:793] *****************************************
[2026-01-27 08:52:52]  rank:10, world_size:16, init_method:tcp://192.168.100.107:29506
[2026-01-27 08:52:52]  rank:12, world_size:16, init_method:tcp://192.168.100.107:29506
[2026-01-27 08:52:52]  rank:11, world_size:16, init_method:tcp://192.168.100.107:29506
[2026-01-27 08:52:52]  rank:9, world_size:16, init_method:tcp://192.168.100.107:29506
[2026-01-27 08:52:52]  rank:8, world_size:16, init_method:tcp://192.168.100.107:29506
[2026-01-27 08:52:52]  rank:15, world_size:16, init_method:tcp://192.168.100.107:29506
[2026-01-27 08:52:53]  rank:13, world_size:16, init_method:tcp://192.168.100.107:29506
[2026-01-27 08:52:53]  rank:14, world_size:16, init_method:tcp://192.168.100.107:29506
[2026-01-27 08:52:56] [rank:9] torch=2.5.0+cu124, transformers=4.46.2 ✓
[2026-01-27 08:52:56] [rank:10] torch=2.5.0+cu124, transformers=4.46.2 ✓
[2026-01-27 08:52:56] [rank:11] torch=2.5.0+cu124, transformers=4.46.2 ✓
[2026-01-27 08:52:56] [rank:13] torch=2.5.0+cu124, transformers=4.46.2 ✓
[2026-01-27 08:52:56] [rank:14] torch=2.5.0+cu124, transformers=4.46.2 ✓
[2026-01-27 08:52:56] [rank:12] torch=2.5.0+cu124, transformers=4.46.2 ✓
[2026-01-27 08:52:56] [rank:15] torch=2.5.0+cu124, transformers=4.46.2 ✓
[2026-01-27 08:52:56] [rank:8] torch=2.5.0+cu124, transformers=4.46.2 ✓
[2026-01-27 08:52:56] [local_rank:4] Waiting for rank 0...
[2026-01-27 08:52:56] [local_rank:7] Waiting for rank 0...
[2026-01-27 08:52:56] [local_rank:2] Waiting for rank 0...
[2026-01-27 08:52:56] ===> Model loading...
[2026-01-27 08:52:56] > Model: meta-llama/Llama-3.3-70B-Instruct (70B architecture)
[2026-01-27 08:52:56] > Config: hidden_size=8192, intermediate_size=28672, num_attention_heads=64, num_key_value_heads=8
[2026-01-27 08:52:56] > Using 8 layers (full model: 80 layers)
[2026-01-27 08:52:56] > Tokenizer vocab_size: 128000, Using: 128256
[2026-01-27 08:52:56] [local_rank:1] Waiting for rank 0...
[2026-01-27 08:52:56] [local_rank:3] Waiting for rank 0...
[2026-01-27 08:52:56] [local_rank:5] Waiting for rank 0...
[2026-01-27 08:52:56] [local_rank:6] Waiting for rank 0...
[2026-01-27 08:54:15] > [PROFILE MODE] 8-layer Llama 70B model
[2026-01-27 08:54:15] > Total parameters: 8,946,589,696
[2026-01-27 08:54:15] > PP=2, TP=8, DP=1
[2026-01-27 08:54:15] > GBS=256, MBS=32, #MB=8
[2026-01-27 08:54:15] [rank:8] Available GPUs per server: 8
[2026-01-27 08:54:15] [rank:8] GPU mode is used.
[2026-01-27 08:54:15] [rank:8] Communication already initialized
[2026-01-27 08:54:15] [rank:8] before init_device_mesh
[2026-01-27 08:54:15] [rank:8] after init_device_mesh
[2026-01-27 08:54:15] [rank:8] pp group:DeviceMesh('cuda', [0, 8], mesh_dim_names=('pp',))
[2026-01-27 08:54:15] [rank:8] tp group:DeviceMesh('cuda', [8, 9, 10, 11, 12, 13, 14, 15], mesh_dim_names=('tp',))
[2026-01-27 08:54:15] [rank:8] dp group:DeviceMesh('cuda', [8], mesh_dim_names=('dp',))
[2026-01-27 08:54:16] [rank:8] Using GPU ... cuda:0
[2026-01-27 08:54:16] [rank:8] model class name: LlamaForCausalLM
[2026-01-27 08:54:16] [rank:8] split method: llama-tp-split
 ### Rank:8, name:submod_1, move submod_1 to cuda:0
[2026-01-27 08:54:18] [rank:8] clean_module_memory
[2026-01-27 08:54:18] [rank:8] PARALLEL MODE PROCESSING
[2026-01-27 08:54:40] [local_rank:2] Rank 0 finished
[2026-01-27 08:54:40] [local_rank:2] Waiting for rank 1...
[2026-01-27 08:54:40] [local_rank:4] Rank 0 finished
[2026-01-27 08:54:40] [local_rank:6] Rank 0 finished[2026-01-27 08:54:40] [local_rank:1] Rank 0 finished

[2026-01-27 08:54:40] [local_rank:4] Waiting for rank 1...
[2026-01-27 08:54:40] [local_rank:7] Rank 0 finished[2026-01-27 08:54:40] [local_rank:6] Waiting for rank 1...

[2026-01-27 08:54:40] [local_rank:7] Waiting for rank 1...
[2026-01-27 08:54:40] [local_rank:3] Rank 0 finished
[2026-01-27 08:54:40] [local_rank:3] Waiting for rank 1...
[2026-01-27 08:54:40] [local_rank:5] Rank 0 finished
[2026-01-27 08:54:40] [local_rank:5] Waiting for rank 1...
[2026-01-27 08:55:59] [rank:9] GPU mode is used.
[2026-01-27 08:55:59] [rank:9] Communication already initialized
[2026-01-27 08:55:59] [rank:9] before init_device_mesh
[2026-01-27 08:55:59] [rank:9] after init_device_mesh
[2026-01-27 08:55:59] [rank:9] pp group:DeviceMesh('cuda', [1, 9], mesh_dim_names=('pp',))
[2026-01-27 08:55:59] [rank:9] tp group:DeviceMesh('cuda', [8, 9, 10, 11, 12, 13, 14, 15], mesh_dim_names=('tp',))
[2026-01-27 08:55:59] [rank:9] dp group:DeviceMesh('cuda', [9], mesh_dim_names=('dp',))
[2026-01-27 08:55:59] [rank:9] Using GPU ... cuda:1
[2026-01-27 08:55:59] [rank:9] model class name: LlamaForCausalLM
[2026-01-27 08:55:59] [rank:9] split method: llama-tp-split
 ### Rank:9, name:submod_1, move submod_1 to cuda:1
[2026-01-27 08:56:01] [rank:9] clean_module_memory
[2026-01-27 08:56:01] [rank:9] PARALLEL MODE PROCESSING
[2026-01-27 08:56:21] [local_rank:6] Rank 1 finished
[2026-01-27 08:56:21] [local_rank:6] Waiting for rank 2...
[2026-01-27 08:56:21] [local_rank:7] Rank 1 finished[2026-01-27 08:56:21] [local_rank:2] Rank 1 finished

[2026-01-27 08:56:21] [local_rank:7] Waiting for rank 2...
[2026-01-27 08:56:21] [local_rank:3] Rank 1 finished
[2026-01-27 08:56:21] [local_rank:3] Waiting for rank 2...
[2026-01-27 08:56:21] [local_rank:4] Rank 1 finished
[2026-01-27 08:56:21] [local_rank:4] Waiting for rank 2...
[2026-01-27 08:56:21] [local_rank:5] Rank 1 finished
[2026-01-27 08:56:21] [local_rank:5] Waiting for rank 2...
[2026-01-27 08:57:40] [rank:10] GPU mode is used.
[2026-01-27 08:57:40] [rank:10] Communication already initialized
[2026-01-27 08:57:40] [rank:10] before init_device_mesh
[2026-01-27 08:57:40] [rank:10] after init_device_mesh
[2026-01-27 08:57:40] [rank:10] pp group:DeviceMesh('cuda', [2, 10], mesh_dim_names=('pp',))
[2026-01-27 08:57:40] [rank:10] tp group:DeviceMesh('cuda', [8, 9, 10, 11, 12, 13, 14, 15], mesh_dim_names=('tp',))
[2026-01-27 08:57:40] [rank:10] dp group:DeviceMesh('cuda', [10], mesh_dim_names=('dp',))
[2026-01-27 08:57:40] [rank:10] Using GPU ... cuda:2
[2026-01-27 08:57:40] [rank:10] model class name: LlamaForCausalLM
[2026-01-27 08:57:40] [rank:10] split method: llama-tp-split
 ### Rank:10, name:submod_1, move submod_1 to cuda:2
[2026-01-27 08:57:42] [rank:10] clean_module_memory
[2026-01-27 08:57:42] [rank:10] PARALLEL MODE PROCESSING
[2026-01-27 08:58:01] [local_rank:4] Rank 2 finished
[2026-01-27 08:58:01] [local_rank:4] Waiting for rank 3...
[2026-01-27 08:58:01] [local_rank:7] Rank 2 finished[2026-01-27 08:58:01] [local_rank:6] Rank 2 finished

[2026-01-27 08:58:01] [local_rank:7] Waiting for rank 3...
[2026-01-27 08:58:01] [local_rank:6] Waiting for rank 3...
[2026-01-27 08:58:01] [local_rank:5] Rank 2 finished
[2026-01-27 08:58:01] [local_rank:5] Waiting for rank 3...
[2026-01-27 08:58:01] [local_rank:3] Rank 2 finished
[2026-01-27 08:59:20] [rank:11] GPU mode is used.
[2026-01-27 08:59:20] [rank:11] Communication already initialized
[2026-01-27 08:59:20] [rank:11] before init_device_mesh
[2026-01-27 08:59:20] [rank:11] after init_device_mesh
[2026-01-27 08:59:20] [rank:11] pp group:DeviceMesh('cuda', [3, 11], mesh_dim_names=('pp',))
[2026-01-27 08:59:20] [rank:11] tp group:DeviceMesh('cuda', [8, 9, 10, 11, 12, 13, 14, 15], mesh_dim_names=('tp',))
[2026-01-27 08:59:20] [rank:11] dp group:DeviceMesh('cuda', [11], mesh_dim_names=('dp',))
[2026-01-27 08:59:20] [rank:11] Using GPU ... cuda:3
[2026-01-27 08:59:20] [rank:11] model class name: LlamaForCausalLM
[2026-01-27 08:59:20] [rank:11] split method: llama-tp-split
 ### Rank:11, name:submod_1, move submod_1 to cuda:3
[2026-01-27 08:59:22] [rank:11] clean_module_memory
[2026-01-27 08:59:22] [rank:11] PARALLEL MODE PROCESSING
[2026-01-27 08:59:40] [local_rank:4] Rank 3 finished
[2026-01-27 08:59:40] [local_rank:6] Rank 3 finished
[2026-01-27 08:59:40] [local_rank:6] Waiting for rank 4...
[2026-01-27 08:59:40] [local_rank:7] Rank 3 finished
[2026-01-27 08:59:40] [local_rank:7] Waiting for rank 4...
[2026-01-27 08:59:40] [local_rank:5] Rank 3 finished
[2026-01-27 08:59:40] [local_rank:5] Waiting for rank 4...
[2026-01-27 09:00:58] [rank:12] GPU mode is used.
[2026-01-27 09:00:58] [rank:12] Communication already initialized
[2026-01-27 09:00:58] [rank:12] before init_device_mesh
[2026-01-27 09:00:58] [rank:12] after init_device_mesh
[2026-01-27 09:00:58] [rank:12] pp group:DeviceMesh('cuda', [4, 12], mesh_dim_names=('pp',))
[2026-01-27 09:00:58] [rank:12] tp group:DeviceMesh('cuda', [8, 9, 10, 11, 12, 13, 14, 15], mesh_dim_names=('tp',))
[2026-01-27 09:00:58] [rank:12] dp group:DeviceMesh('cuda', [12], mesh_dim_names=('dp',))
[2026-01-27 09:00:58] [rank:12] Using GPU ... cuda:4
[2026-01-27 09:00:58] [rank:12] model class name: LlamaForCausalLM
[2026-01-27 09:00:58] [rank:12] split method: llama-tp-split
 ### Rank:12, name:submod_1, move submod_1 to cuda:4
[2026-01-27 09:01:01] [rank:12] clean_module_memory
[2026-01-27 09:01:01] [rank:12] PARALLEL MODE PROCESSING
[2026-01-27 09:01:22] [local_rank:6] Rank 4 finished
[2026-01-27 09:01:22] [local_rank:6] Waiting for rank 5...
[2026-01-27 09:01:22] [local_rank:7] Rank 4 finished
[2026-01-27 09:01:22] [local_rank:7] Waiting for rank 5...
[2026-01-27 09:01:22] [local_rank:5] Rank 4 finished
[2026-01-27 09:02:49] [rank:13] GPU mode is used.
[2026-01-27 09:02:49] [rank:13] Communication already initialized
[2026-01-27 09:02:49] [rank:13] before init_device_mesh
[2026-01-27 09:02:49] [rank:13] after init_device_mesh
[2026-01-27 09:02:49] [rank:13] pp group:DeviceMesh('cuda', [5, 13], mesh_dim_names=('pp',))
[2026-01-27 09:02:49] [rank:13] tp group:DeviceMesh('cuda', [8, 9, 10, 11, 12, 13, 14, 15], mesh_dim_names=('tp',))
[2026-01-27 09:02:49] [rank:13] dp group:DeviceMesh('cuda', [13], mesh_dim_names=('dp',))
[2026-01-27 09:02:49] [rank:13] Using GPU ... cuda:5
[2026-01-27 09:02:49] [rank:13] model class name: LlamaForCausalLM
[2026-01-27 09:02:49] [rank:13] split method: llama-tp-split
 ### Rank:13, name:submod_1, move submod_1 to cuda:5
[2026-01-27 09:02:52] [rank:13] clean_module_memory
[2026-01-27 09:02:52] [rank:13] PARALLEL MODE PROCESSING
[2026-01-27 09:03:04] [local_rank:6] Rank 5 finished
[2026-01-27 09:03:04] [local_rank:7] Rank 5 finished
[2026-01-27 09:03:04] [local_rank:7] Waiting for rank 6...
[2026-01-27 09:04:34] [rank:14] GPU mode is used.
[2026-01-27 09:04:34] [rank:14] Communication already initialized
[2026-01-27 09:04:34] [rank:14] before init_device_mesh
[2026-01-27 09:04:34] [rank:14] after init_device_mesh
[2026-01-27 09:04:34] [rank:14] pp group:DeviceMesh('cuda', [6, 14], mesh_dim_names=('pp',))
[2026-01-27 09:04:34] [rank:14] tp group:DeviceMesh('cuda', [8, 9, 10, 11, 12, 13, 14, 15], mesh_dim_names=('tp',))
[2026-01-27 09:04:34] [rank:14] dp group:DeviceMesh('cuda', [14], mesh_dim_names=('dp',))
[2026-01-27 09:04:34] [rank:14] Using GPU ... cuda:6
[2026-01-27 09:04:34] [rank:14] model class name: LlamaForCausalLM
[2026-01-27 09:04:34] [rank:14] split method: llama-tp-split
 ### Rank:14, name:submod_1, move submod_1 to cuda:6
[2026-01-27 09:04:37] [rank:14] clean_module_memory
[2026-01-27 09:04:37] [rank:14] PARALLEL MODE PROCESSING
[2026-01-27 09:04:42] [local_rank:7] Rank 6 finished
[2026-01-27 09:06:07] [rank:15] GPU mode is used.
[2026-01-27 09:06:07] [rank:15] Communication already initialized
[2026-01-27 09:06:07] [rank:15] before init_device_mesh
[2026-01-27 09:06:07] [rank:15] after init_device_mesh
[2026-01-27 09:06:07] [rank:15] pp group:DeviceMesh('cuda', [7, 15], mesh_dim_names=('pp',))
[2026-01-27 09:06:07] [rank:15] tp group:DeviceMesh('cuda', [8, 9, 10, 11, 12, 13, 14, 15], mesh_dim_names=('tp',))
[2026-01-27 09:06:07] [rank:15] dp group:DeviceMesh('cuda', [15], mesh_dim_names=('dp',))
[2026-01-27 09:06:07] [rank:15] Using GPU ... cuda:7
[2026-01-27 09:06:07] [rank:15] model class name: LlamaForCausalLM
[2026-01-27 09:06:07] [rank:15] split method: llama-tp-split
 ### Rank:15, name:submod_1, move submod_1 to cuda:7
[2026-01-27 09:06:10] [rank:15] clean_module_memory
[2026-01-27 09:06:10] [rank:15] PARALLEL MODE PROCESSING
 >> rank:15 -----------------------------------------------
rank: 15, #### last layer id:7
 >> rank:15 -----------------------------------------------
 >> rank:13 -----------------------------------------------
rank: 13, #### last layer id:7
 >> rank:13 -----------------------------------------------
>>>> self.tpl.tp_mesh.size(): 8
 >> rank:12 ----------------------------------------------- >> rank:11 -----------------------------------------------
rank: 12, #### last layer id:7

 >> rank:12 -----------------------------------------------rank: 11, #### last layer id:7>>>> self.tpl.tp_mesh.size(): 8


 >> rank:11 ----------------------------------------------->model_layers_5_self_attn_q_proj ==> node.args[3]:64

>>>> self.tpl.tp_mesh.size(): 8
>>>> self.tpl.tp_mesh.size(): 8>model_layers_5_self_attn_q_proj ==> node.args[3]:64 >> rank:10 -----------------------------------------------

 >> rank:9 -----------------------------------------------> >model_layers_5_self_attn_q_proj ==> node.args[3]:8>model_layers_5_self_attn_q_proj ==> node.args[3]:64



rank: 10, #### last layer id:7
rank: 9, #### last layer id:7>>model_layers_5_self_attn_k_proj ===> node.args[3]:8 >> rank:10 -----------------------------------------------


 >> rank:9 -----------------------------------------------
>> >> model_layers_5_self_attn_k_proj ===> node.args[3]:1> >model_layers_5_self_attn_q_proj ==> node.args[3]:8

>model_layers_5_self_attn_q_proj ==> node.args[3]:64
>>>model_layers_5_self_attn_v_proj ===> node.args[3]:8> >model_layers_5_self_attn_q_proj ==> node.args[3]:8>>model_layers_5_self_attn_k_proj ===> node.args[3]:8>>>> self.tpl.tp_mesh.size(): 8



>>model_layers_5_self_attn_k_proj ===> node.args[3]:8
>>>> self.tpl.tp_mesh.size(): 8
>>> >>>model_layers_5_self_attn_v_proj ===> node.args[3]:1
>> >> model_layers_5_self_attn_k_proj ===> node.args[3]:1
>> >> model_layers_5_self_attn_k_proj ===> node.args[3]:1
>>>model_layers_5_self_attn_v_proj ===> node.args[3]:8
>>>model_layers_5_self_attn_v_proj ===> node.args[3]:8
 >> rank:14 ----------------------------------------------->model_layers_6_self_attn_q_proj ==> node.args[3]:64>>> >>>model_layers_5_self_attn_v_proj ===> node.args[3]:1

>>> >>>model_layers_5_self_attn_v_proj ===> node.args[3]:1> >model_layers_5_self_attn_q_proj ==> node.args[3]:8
>model_layers_5_self_attn_q_proj ==> node.args[3]:64


rank: 14, #### last layer id:7
>>model_layers_5_self_attn_k_proj ===> node.args[3]:8
 >> rank:14 -----------------------------------------------> >model_layers_6_self_attn_q_proj ==> node.args[3]:8

>>model_layers_6_self_attn_k_proj ===> node.args[3]:8>model_layers_6_self_attn_q_proj ==> node.args[3]:64

>model_layers_6_self_attn_q_proj ==> node.args[3]:64
>> >> model_layers_5_self_attn_k_proj ===> node.args[3]:1
>> >> model_layers_6_self_attn_k_proj ===> node.args[3]:1>>>> self.tpl.tp_mesh.size(): 8>>>model_layers_5_self_attn_v_proj ===> node.args[3]:8> >model_layers_6_self_attn_q_proj ==> node.args[3]:8

> >model_layers_6_self_attn_q_proj ==> node.args[3]:8


>>>model_layers_6_self_attn_v_proj ===> node.args[3]:8>>model_layers_6_self_attn_k_proj ===> node.args[3]:8

>>model_layers_6_self_attn_k_proj ===> node.args[3]:8
>>> >>>model_layers_5_self_attn_v_proj ===> node.args[3]:1
> >model_layers_5_self_attn_q_proj ==> node.args[3]:8>>> >>>model_layers_6_self_attn_v_proj ===> node.args[3]:1>> >> model_layers_6_self_attn_k_proj ===> node.args[3]:1


>> >> model_layers_6_self_attn_k_proj ===> node.args[3]:1
>>>model_layers_6_self_attn_v_proj ===> node.args[3]:8>model_layers_5_self_attn_q_proj ==> node.args[3]:64>>model_layers_5_self_attn_k_proj ===> node.args[3]:8>>>model_layers_6_self_attn_v_proj ===> node.args[3]:8



>model_layers_5_self_attn_q_proj ==> node.args[3]:64>>> >>>model_layers_6_self_attn_v_proj ===> node.args[3]:1>>> >>>model_layers_6_self_attn_v_proj ===> node.args[3]:1

>model_layers_6_self_attn_q_proj ==> node.args[3]:64>model_layers_7_self_attn_q_proj ==> node.args[3]:64


>> >> model_layers_5_self_attn_k_proj ===> node.args[3]:1
>>>model_layers_5_self_attn_v_proj ===> node.args[3]:8
> >model_layers_7_self_attn_q_proj ==> node.args[3]:8
>>model_layers_7_self_attn_k_proj ===> node.args[3]:8
>model_layers_7_self_attn_q_proj ==> node.args[3]:64
>>> >>>model_layers_5_self_attn_v_proj ===> node.args[3]:1> >model_layers_6_self_attn_q_proj ==> node.args[3]:8

>model_layers_7_self_attn_q_proj ==> node.args[3]:64
>>model_layers_6_self_attn_k_proj ===> node.args[3]:8>> >> model_layers_7_self_attn_k_proj ===> node.args[3]:1
> >model_layers_7_self_attn_q_proj ==> node.args[3]:8

 >> rank:8 -----------------------------------------------> >model_layers_5_self_attn_q_proj ==> node.args[3]:8>>model_layers_7_self_attn_k_proj ===> node.args[3]:8>>>model_layers_7_self_attn_v_proj ===> node.args[3]:8> >model_layers_7_self_attn_q_proj ==> node.args[3]:8


>> >> model_layers_6_self_attn_k_proj ===> node.args[3]:1


>model_layers_6_self_attn_q_proj ==> node.args[3]:64> >model_layers_5_self_attn_q_proj ==> node.args[3]:8rank: 8, #### last layer id:7>>model_layers_7_self_attn_k_proj ===> node.args[3]:8
>>>model_layers_6_self_attn_v_proj ===> node.args[3]:8

>>> >>>model_layers_7_self_attn_v_proj ===> node.args[3]:1
>> >> model_layers_7_self_attn_k_proj ===> node.args[3]:1
 >> rank:8 -----------------------------------------------
>>model_layers_5_self_attn_k_proj ===> node.args[3]:8


>>model_layers_5_self_attn_k_proj ===> node.args[3]:8>>>model_layers_7_self_attn_v_proj ===> node.args[3]:8> >model_layers_6_self_attn_q_proj ==> node.args[3]:8>> >> model_layers_7_self_attn_k_proj ===> node.args[3]:1



>>> >>>model_layers_6_self_attn_v_proj ===> node.args[3]:1
>>model_layers_6_self_attn_k_proj ===> node.args[3]:8>>>model_layers_7_self_attn_v_proj ===> node.args[3]:8

>>> >>>model_layers_7_self_attn_v_proj ===> node.args[3]:1
>> >> model_layers_5_self_attn_k_proj ===> node.args[3]:1
>> >> model_layers_6_self_attn_k_proj ===> node.args[3]:1>>> >>>model_layers_7_self_attn_v_proj ===> node.args[3]:1
>>>> self.tpl.tp_mesh.size(): 8>> >> model_layers_5_self_attn_k_proj ===> node.args[3]:1
>>>model_layers_5_self_attn_v_proj ===> node.args[3]:8

>>>model_layers_6_self_attn_v_proj ===> node.args[3]:8
>model_layers_7_self_attn_q_proj ==> node.args[3]:64

>>>model_layers_5_self_attn_v_proj ===> node.args[3]:8
>>> >>>model_layers_6_self_attn_v_proj ===> node.args[3]:1
>>> >>>model_layers_5_self_attn_v_proj ===> node.args[3]:1> >model_layers_7_self_attn_q_proj ==> node.args[3]:8

>>model_layers_7_self_attn_k_proj ===> node.args[3]:8>>> >>>model_layers_5_self_attn_v_proj ===> node.args[3]:1
>> >> model_layers_7_self_attn_k_proj ===> node.args[3]:1
>model_layers_7_self_attn_q_proj ==> node.args[3]:64>model_layers_6_self_attn_q_proj ==> node.args[3]:64>model_layers_5_self_attn_q_proj ==> node.args[3]:64



>>>model_layers_7_self_attn_v_proj ===> node.args[3]:8
> >model_layers_7_self_attn_q_proj ==> node.args[3]:8>>> >>>model_layers_7_self_attn_v_proj ===> node.args[3]:1> >model_layers_6_self_attn_q_proj ==> node.args[3]:8


>>model_layers_7_self_attn_k_proj ===> node.args[3]:8
>>model_layers_6_self_attn_k_proj ===> node.args[3]:8
>> >> model_layers_7_self_attn_k_proj ===> node.args[3]:1>model_layers_6_self_attn_q_proj ==> node.args[3]:64>> >> model_layers_6_self_attn_k_proj ===> node.args[3]:1


>>>model_layers_7_self_attn_v_proj ===> node.args[3]:8
>>>model_layers_6_self_attn_v_proj ===> node.args[3]:8
>>> >>>model_layers_7_self_attn_v_proj ===> node.args[3]:1> >model_layers_5_self_attn_q_proj ==> node.args[3]:8>>> >>>model_layers_6_self_attn_v_proj ===> node.args[3]:1> >model_layers_6_self_attn_q_proj ==> node.args[3]:8



>>model_layers_6_self_attn_k_proj ===> node.args[3]:8>>model_layers_5_self_attn_k_proj ===> node.args[3]:8

>> >> model_layers_6_self_attn_k_proj ===> node.args[3]:1
>> >> model_layers_5_self_attn_k_proj ===> node.args[3]:1
>>>model_layers_6_self_attn_v_proj ===> node.args[3]:8
>model_layers_7_self_attn_q_proj ==> node.args[3]:64>>>model_layers_5_self_attn_v_proj ===> node.args[3]:8

>>> >>>model_layers_6_self_attn_v_proj ===> node.args[3]:1
> >model_layers_7_self_attn_q_proj ==> node.args[3]:8>>> >>>model_layers_5_self_attn_v_proj ===> node.args[3]:1

>>model_layers_7_self_attn_k_proj ===> node.args[3]:8
>> >> model_layers_7_self_attn_k_proj ===> node.args[3]:1
>>>model_layers_7_self_attn_v_proj ===> node.args[3]:8
>model_layers_7_self_attn_q_proj ==> node.args[3]:64
>model_layers_6_self_attn_q_proj ==> node.args[3]:64>>> >>>model_layers_7_self_attn_v_proj ===> node.args[3]:1

> >model_layers_7_self_attn_q_proj ==> node.args[3]:8
>>model_layers_7_self_attn_k_proj ===> node.args[3]:8
> >model_layers_6_self_attn_q_proj ==> node.args[3]:8
>>model_layers_6_self_attn_k_proj ===> node.args[3]:8
>> >> model_layers_7_self_attn_k_proj ===> node.args[3]:1
>>>model_layers_7_self_attn_v_proj ===> node.args[3]:8
>> >> model_layers_6_self_attn_k_proj ===> node.args[3]:1
>>> >>>model_layers_7_self_attn_v_proj ===> node.args[3]:1
>>>model_layers_6_self_attn_v_proj ===> node.args[3]:8
>>> >>>model_layers_6_self_attn_v_proj ===> node.args[3]:1
>model_layers_7_self_attn_q_proj ==> node.args[3]:64
> >model_layers_7_self_attn_q_proj ==> node.args[3]:8
>>model_layers_7_self_attn_k_proj ===> node.args[3]:8
>> >> model_layers_7_self_attn_k_proj ===> node.args[3]:1
>>>model_layers_7_self_attn_v_proj ===> node.args[3]:8
>>> >>>model_layers_7_self_attn_v_proj ===> node.args[3]:1
[2026-01-27 09:06:24]  special_nodes | total=1 far=0 max_span=0 dropped_submod_adj=1
[2026-01-27 09:06:24] [rank:12] Optimus_p initialized
Using the latest cached version of the dataset since squad couldn't be found on the Hugging Face Hub (offline mode is enabled).
WARNING:datasets.load:Using the latest cached version of the dataset since squad couldn't be found on the Hugging Face Hub (offline mode is enabled).
Found the latest cached dataset configuration 'plain_text' at /root/.cache/huggingface/datasets/squad/plain_text/0.0.0/7b6d24c440a36b6815f21b70d25016731768db1f (last modified on Wed Nov 12 05:58:19 2025).
WARNING:datasets.packaged_modules.cache.cache:Found the latest cached dataset configuration 'plain_text' at /root/.cache/huggingface/datasets/squad/plain_text/0.0.0/7b6d24c440a36b6815f21b70d25016731768db1f (last modified on Wed Nov 12 05:58:19 2025).
[2026-01-27 09:06:24]  special_nodes | total=1 far=0 max_span=0 dropped_submod_adj=1
[2026-01-27 09:06:24] [rank:9] Optimus_p initialized
Using the latest cached version of the dataset since squad couldn't be found on the Hugging Face Hub (offline mode is enabled).
WARNING:datasets.load:Using the latest cached version of the dataset since squad couldn't be found on the Hugging Face Hub (offline mode is enabled).
[2026-01-27 09:06:24]  special_nodes | total=1 far=0 max_span=0 dropped_submod_adj=1
[2026-01-27 09:06:24] [rank:10] Optimus_p initialized
Found the latest cached dataset configuration 'plain_text' at /root/.cache/huggingface/datasets/squad/plain_text/0.0.0/7b6d24c440a36b6815f21b70d25016731768db1f (last modified on Wed Nov 12 05:58:19 2025).
WARNING:datasets.packaged_modules.cache.cache:Found the latest cached dataset configuration 'plain_text' at /root/.cache/huggingface/datasets/squad/plain_text/0.0.0/7b6d24c440a36b6815f21b70d25016731768db1f (last modified on Wed Nov 12 05:58:19 2025).
[2026-01-27 09:06:24]  special_nodes | total=1 far=0 max_span=0 dropped_submod_adj=1
[2026-01-27 09:06:24] [rank:13] Optimus_p initialized
[2026-01-27 09:06:24]  special_nodes | total=1 far=0 max_span=0 dropped_submod_adj=1
[2026-01-27 09:06:24] [rank:8] Optimus_p initialized
[2026-01-27 09:06:24] ===> Model loading completed
Using the latest cached version of the dataset since squad couldn't be found on the Hugging Face Hub (offline mode is enabled).
WARNING:datasets.load:Using the latest cached version of the dataset since squad couldn't be found on the Hugging Face Hub (offline mode is enabled).
[2026-01-27 09:06:24]  special_nodes | total=1 far=0 max_span=0 dropped_submod_adj=1
[2026-01-27 09:06:24] [rank:11] Optimus_p initialized
Found the latest cached dataset configuration 'plain_text' at /root/.cache/huggingface/datasets/squad/plain_text/0.0.0/7b6d24c440a36b6815f21b70d25016731768db1f (last modified on Wed Nov 12 05:58:19 2025).
WARNING:datasets.packaged_modules.cache.cache:Found the latest cached dataset configuration 'plain_text' at /root/.cache/huggingface/datasets/squad/plain_text/0.0.0/7b6d24c440a36b6815f21b70d25016731768db1f (last modified on Wed Nov 12 05:58:19 2025).
Using the latest cached version of the dataset since squad couldn't be found on the Hugging Face Hub (offline mode is enabled).
WARNING:datasets.load:Using the latest cached version of the dataset since squad couldn't be found on the Hugging Face Hub (offline mode is enabled).
Using the latest cached version of the dataset since squad couldn't be found on the Hugging Face Hub (offline mode is enabled).
WARNING:datasets.load:Using the latest cached version of the dataset since squad couldn't be found on the Hugging Face Hub (offline mode is enabled).
Found the latest cached dataset configuration 'plain_text' at /root/.cache/huggingface/datasets/squad/plain_text/0.0.0/7b6d24c440a36b6815f21b70d25016731768db1f (last modified on Wed Nov 12 05:58:19 2025).
WARNING:datasets.packaged_modules.cache.cache:Found the latest cached dataset configuration 'plain_text' at /root/.cache/huggingface/datasets/squad/plain_text/0.0.0/7b6d24c440a36b6815f21b70d25016731768db1f (last modified on Wed Nov 12 05:58:19 2025).
Using the latest cached version of the dataset since squad couldn't be found on the Hugging Face Hub (offline mode is enabled).
WARNING:datasets.load:Using the latest cached version of the dataset since squad couldn't be found on the Hugging Face Hub (offline mode is enabled).
[2026-01-27 09:06:24]  special_nodes | total=1 far=0 max_span=0 dropped_submod_adj=1
Found the latest cached dataset configuration 'plain_text' at /root/.cache/huggingface/datasets/squad/plain_text/0.0.0/7b6d24c440a36b6815f21b70d25016731768db1f (last modified on Wed Nov 12 05:58:19 2025).
[2026-01-27 09:06:24] [rank:15] Optimus_p initialized
WARNING:datasets.packaged_modules.cache.cache:Found the latest cached dataset configuration 'plain_text' at /root/.cache/huggingface/datasets/squad/plain_text/0.0.0/7b6d24c440a36b6815f21b70d25016731768db1f (last modified on Wed Nov 12 05:58:19 2025).
Found the latest cached dataset configuration 'plain_text' at /root/.cache/huggingface/datasets/squad/plain_text/0.0.0/7b6d24c440a36b6815f21b70d25016731768db1f (last modified on Wed Nov 12 05:58:19 2025).
WARNING:datasets.packaged_modules.cache.cache:Found the latest cached dataset configuration 'plain_text' at /root/.cache/huggingface/datasets/squad/plain_text/0.0.0/7b6d24c440a36b6815f21b70d25016731768db1f (last modified on Wed Nov 12 05:58:19 2025).
[2026-01-27 09:06:24]  special_nodes | total=1 far=0 max_span=0 dropped_submod_adj=1
[2026-01-27 09:06:24] [rank:14] Optimus_p initialized
Using the latest cached version of the dataset since squad couldn't be found on the Hugging Face Hub (offline mode is enabled).
WARNING:datasets.load:Using the latest cached version of the dataset since squad couldn't be found on the Hugging Face Hub (offline mode is enabled).
Found the latest cached dataset configuration 'plain_text' at /root/.cache/huggingface/datasets/squad/plain_text/0.0.0/7b6d24c440a36b6815f21b70d25016731768db1f (last modified on Wed Nov 12 05:58:19 2025).
WARNING:datasets.packaged_modules.cache.cache:Found the latest cached dataset configuration 'plain_text' at /root/.cache/huggingface/datasets/squad/plain_text/0.0.0/7b6d24c440a36b6815f21b70d25016731768db1f (last modified on Wed Nov 12 05:58:19 2025).
Using the latest cached version of the dataset since squad couldn't be found on the Hugging Face Hub (offline mode is enabled).
WARNING:datasets.load:Using the latest cached version of the dataset since squad couldn't be found on the Hugging Face Hub (offline mode is enabled).
Found the latest cached dataset configuration 'plain_text' at /root/.cache/huggingface/datasets/squad/plain_text/0.0.0/7b6d24c440a36b6815f21b70d25016731768db1f (last modified on Wed Nov 12 05:58:19 2025).
WARNING:datasets.packaged_modules.cache.cache:Found the latest cached dataset configuration 'plain_text' at /root/.cache/huggingface/datasets/squad/plain_text/0.0.0/7b6d24c440a36b6815f21b70d25016731768db1f (last modified on Wed Nov 12 05:58:19 2025).
[2026-01-27 09:06:24] [rank:9] Profile: 10 steps (50 warmup)
[2026-01-27 09:06:24] [rank:12] Profile: 10 steps (50 warmup)
[2026-01-27 09:06:24] [rank:11] Profile: 10 steps (50 warmup)
[2026-01-27 09:06:24] [rank:10] Profile: 10 steps (50 warmup)
[2026-01-27 09:06:24] [rank:13] Profile: 10 steps (50 warmup)
[2026-01-27 09:06:24] [rank:14] Profile: 10 steps (50 warmup)
[2026-01-27 09:06:24] [rank:15] Profile: 10 steps (50 warmup)
[2026-01-27 09:06:25] [rank:8] Profile: 10 steps (50 warmup)
###[rank:10], remain[:3072589824], total[:47729344512], cached[:44656754688] ... forcefully free memory
###[rank:13], remain[:3072589824], total[:47729344512], cached[:44656754688] ... forcefully free memory
###[rank:12], remain[:3072589824], total[:47729344512], cached[:44656754688] ... forcefully free memory
###[rank:9], remain[:3072589824], total[:47729344512], cached[:44656754688] ... forcefully free memory
###[rank:8], remain[:3072589824], total[:47729344512], cached[:44656754688] ... forcefully free memory
###[rank:15], remain[:3072589824], total[:47729344512], cached[:44656754688] ... forcefully free memory
###[rank:11], remain[:3072589824], total[:47729344512], cached[:44656754688] ... forcefully free memory
###[rank:14], remain[:3072589824], total[:47729344512], cached[:44656754688] ... forcefully free memory
###[rank:9], remain[:1067712512], total[:47729344512], cached[:46661632000] ... forcefully free memory
###[rank:15], remain[:1067712512], total[:47729344512], cached[:46661632000] ... forcefully free memory
###[rank:12], remain[:1067712512], total[:47729344512], cached[:46661632000] ... forcefully free memory
###[rank:11], remain[:1067712512], total[:47729344512], cached[:46661632000] ... forcefully free memory
###[rank:14], remain[:1067712512], total[:47729344512], cached[:46661632000] ... forcefully free memory
###[rank:13], remain[:1067712512], total[:47729344512], cached[:46661632000] ... forcefully free memory
###[rank:10], remain[:1067712512], total[:47729344512], cached[:46661632000] ... forcefully free memory
###[rank:8], remain[:1067712512], total[:47729344512], cached[:46661632000] ... forcefully free memory
###[rank:13], remain[:1067712512], total[:47729344512], cached[:46661632000] ... forcefully free memory
###[rank:9], remain[:1067712512], total[:47729344512], cached[:46661632000] ... forcefully free memory
###[rank:12], remain[:1067712512], total[:47729344512], cached[:46661632000] ... forcefully free memory
###[rank:10], remain[:1067712512], total[:47729344512], cached[:46661632000] ... forcefully free memory
###[rank:14], remain[:1067712512], total[:47729344512], cached[:46661632000] ... forcefully free memory
###[rank:11], remain[:1067712512], total[:47729344512], cached[:46661632000] ... forcefully free memory
###[rank:15], remain[:1067712512], total[:47729344512], cached[:46661632000] ... forcefully free memory
###[rank:8], remain[:1067712512], total[:47729344512], cached[:46661632000] ... forcefully free memory
###[rank:12], remain[:1065615360], total[:47729344512], cached[:46663729152] ... forcefully free memory
###[rank:13], remain[:1065615360], total[:47729344512], cached[:46663729152] ... forcefully free memory
###[rank:10], remain[:1065615360], total[:47729344512], cached[:46663729152] ... forcefully free memory
###[rank:15], remain[:1065615360], total[:47729344512], cached[:46663729152] ... forcefully free memory
###[rank:9], remain[:1065615360], total[:47729344512], cached[:46663729152] ... forcefully free memory
###[rank:11], remain[:1065615360], total[:47729344512], cached[:46663729152] ... forcefully free memory
###[rank:8], remain[:1065615360], total[:47729344512], cached[:46663729152] ... forcefully free memory
###[rank:14], remain[:1065615360], total[:47729344512], cached[:46663729152] ... forcefully free memory
###[rank:13], remain[:1302593536], total[:47729344512], cached[:46426750976] ... forcefully free memory
###[rank:12], remain[:1302593536], total[:47729344512], cached[:46426750976] ... forcefully free memory
###[rank:10], remain[:1302593536], total[:47729344512], cached[:46426750976] ... forcefully free memory
###[rank:11], remain[:1302593536], total[:47729344512], cached[:46426750976] ... forcefully free memory
###[rank:9], remain[:1302593536], total[:47729344512], cached[:46426750976] ... forcefully free memory
###[rank:14], remain[:1302593536], total[:47729344512], cached[:46426750976] ... forcefully free memory
###[rank:15], remain[:1302593536], total[:47729344512], cached[:46426750976] ... forcefully free memory
###[rank:8], remain[:1302593536], total[:47729344512], cached[:46426750976] ... forcefully free memory
###[rank:10], remain[:1994653696], total[:47729344512], cached[:45734690816] ... forcefully free memory
###[rank:11], remain[:1994653696], total[:47729344512], cached[:45734690816] ... forcefully free memory
###[rank:12], remain[:1994653696], total[:47729344512], cached[:45734690816] ... forcefully free memory
###[rank:13], remain[:1994653696], total[:47729344512], cached[:45734690816] ... forcefully free memory
###[rank:9], remain[:1994653696], total[:47729344512], cached[:45734690816] ... forcefully free memory
###[rank:15], remain[:1994653696], total[:47729344512], cached[:45734690816] ... forcefully free memory
###[rank:14], remain[:1994653696], total[:47729344512], cached[:45734690816] ... forcefully free memory
###[rank:8], remain[:1994653696], total[:47729344512], cached[:45734690816] ... forcefully free memory
###[rank:12], remain[:3749969920], total[:47729344512], cached[:43979374592] ... forcefully free memory
###[rank:13], remain[:3749969920], total[:47729344512], cached[:43979374592] ... forcefully free memory
###[rank:10], remain[:3749969920], total[:47729344512], cached[:43979374592] ... forcefully free memory
###[rank:9], remain[:3749969920], total[:47729344512], cached[:43979374592] ... forcefully free memory
###[rank:11], remain[:3749969920], total[:47729344512], cached[:43979374592] ... forcefully free memory
###[rank:15], remain[:3749969920], total[:47729344512], cached[:43979374592] ... forcefully free memory
###[rank:14], remain[:3749969920], total[:47729344512], cached[:43979374592] ... forcefully free memory
###[rank:8], remain[:3749969920], total[:47729344512], cached[:43979374592] ... forcefully free memory
###[rank:12], remain[:3749969920], total[:47729344512], cached[:43979374592] ... forcefully free memory
###[rank:9], remain[:3749969920], total[:47729344512], cached[:43979374592] ... forcefully free memory
###[rank:11], remain[:3749969920], total[:47729344512], cached[:43979374592] ... forcefully free memory
###[rank:13], remain[:3749969920], total[:47729344512], cached[:43979374592] ... forcefully free memory
###[rank:10], remain[:3749969920], total[:47729344512], cached[:43979374592] ... forcefully free memory
###[rank:15], remain[:3749969920], total[:47729344512], cached[:43979374592] ... forcefully free memory
###[rank:14], remain[:3749969920], total[:47729344512], cached[:43979374592] ... forcefully free memory
###[rank:8], remain[:3749969920], total[:47729344512], cached[:43979374592] ... forcefully free memory
###[rank:9], remain[:3749969920], total[:47729344512], cached[:43979374592] ... forcefully free memory
###[rank:10], remain[:3749969920], total[:47729344512], cached[:43979374592] ... forcefully free memory
###[rank:12], remain[:3749969920], total[:47729344512], cached[:43979374592] ... forcefully free memory
###[rank:13], remain[:3749969920], total[:47729344512], cached[:43979374592] ... forcefully free memory
###[rank:15], remain[:3749969920], total[:47729344512], cached[:43979374592] ... forcefully free memory
###[rank:11], remain[:3749969920], total[:47729344512], cached[:43979374592] ... forcefully free memory
###[rank:14], remain[:3749969920], total[:47729344512], cached[:43979374592] ... forcefully free memory
###[rank:8], remain[:3749969920], total[:47729344512], cached[:43979374592] ... forcefully free memory
###[rank:14], remain[:1300496384], total[:47729344512], cached[:46428848128] ... forcefully free memory
###[rank:10], remain[:1300496384], total[:47729344512], cached[:46428848128] ... forcefully free memory
###[rank:13], remain[:1300496384], total[:47729344512], cached[:46428848128] ... forcefully free memory
###[rank:12], remain[:1300496384], total[:47729344512], cached[:46428848128] ... forcefully free memory
###[rank:9], remain[:1300496384], total[:47729344512], cached[:46428848128] ... forcefully free memory
###[rank:8], remain[:1300496384], total[:47729344512], cached[:46428848128] ... forcefully free memory
###[rank:15], remain[:1300496384], total[:47729344512], cached[:46428848128] ... forcefully free memory
###[rank:11], remain[:1300496384], total[:47729344512], cached[:46428848128] ... forcefully free memory
###[rank:11], remain[:3055812608], total[:47729344512], cached[:44673531904] ... forcefully free memory
###[rank:12], remain[:3055812608], total[:47729344512], cached[:44673531904] ... forcefully free memory
###[rank:10], remain[:3055812608], total[:47729344512], cached[:44673531904] ... forcefully free memory
###[rank:13], remain[:3055812608], total[:47729344512], cached[:44673531904] ... forcefully free memory
###[rank:9], remain[:3055812608], total[:47729344512], cached[:44673531904] ... forcefully free memory
###[rank:14], remain[:3055812608], total[:47729344512], cached[:44673531904] ... forcefully free memory
###[rank:15], remain[:3055812608], total[:47729344512], cached[:44673531904] ... forcefully free memory
###[rank:8], remain[:3055812608], total[:47729344512], cached[:44673531904] ... forcefully free memory
###[rank:12], remain[:3747872768], total[:47729344512], cached[:43981471744] ... forcefully free memory
###[rank:11], remain[:3747872768], total[:47729344512], cached[:43981471744] ... forcefully free memory
###[rank:10], remain[:3747872768], total[:47729344512], cached[:43981471744] ... forcefully free memory
###[rank:14], remain[:3747872768], total[:47729344512], cached[:43981471744] ... forcefully free memory
###[rank:13], remain[:3747872768], total[:47729344512], cached[:43981471744] ... forcefully free memory
###[rank:15], remain[:3747872768], total[:47729344512], cached[:43981471744] ... forcefully free memory
###[rank:8], remain[:3747872768], total[:47729344512], cached[:43981471744] ... forcefully free memory
###[rank:9], remain[:3747872768], total[:47729344512], cached[:43981471744] ... forcefully free memory
###[rank:10], remain[:2533621760], total[:47729344512], cached[:45195722752] ... forcefully free memory
###[rank:12], remain[:2533621760], total[:47729344512], cached[:45195722752] ... forcefully free memory
###[rank:14], remain[:2533621760], total[:47729344512], cached[:45195722752] ... forcefully free memory
###[rank:11], remain[:2533621760], total[:47729344512], cached[:45195722752] ... forcefully free memory
###[rank:8], remain[:2533621760], total[:47729344512], cached[:45195722752] ... forcefully free memory
###[rank:15], remain[:2533621760], total[:47729344512], cached[:45195722752] ... forcefully free memory
###[rank:10], remain[:2535718912], total[:47729344512], cached[:45193625600] ... forcefully free memory
###[rank:8], remain[:2535718912], total[:47729344512], cached[:45193625600] ... forcefully free memory
###[rank:12], remain[:2535718912], total[:47729344512], cached[:45193625600] ... forcefully free memory
###[rank:15], remain[:2535718912], total[:47729344512], cached[:45193625600] ... forcefully free memory
###[rank:14], remain[:2535718912], total[:47729344512], cached[:45193625600] ... forcefully free memory
###[rank:11], remain[:2535718912], total[:47729344512], cached[:45193625600] ... forcefully free memory
###[rank:13], remain[:2533621760], total[:47729344512], cached[:45195722752] ... forcefully free memory
###[rank:9], remain[:2533621760], total[:47729344512], cached[:45195722752] ... forcefully free memory
###[rank:14], remain[:2535718912], total[:47729344512], cached[:45193625600] ... forcefully free memory
###[rank:11], remain[:2535718912], total[:47729344512], cached[:45193625600] ... forcefully free memory
###[rank:12], remain[:2535718912], total[:47729344512], cached[:45193625600] ... forcefully free memory
###[rank:15], remain[:2535718912], total[:47729344512], cached[:45193625600] ... forcefully free memory
###[rank:8], remain[:2535718912], total[:47729344512], cached[:45193625600] ... forcefully free memory
###[rank:10], remain[:2535718912], total[:47729344512], cached[:45193625600] ... forcefully free memory
###[rank:9], remain[:2535718912], total[:47729344512], cached[:45193625600] ... forcefully free memory
###[rank:13], remain[:2535718912], total[:47729344512], cached[:45193625600] ... forcefully free memory
###[rank:13], remain[:2533621760], total[:47729344512], cached[:45195722752] ... forcefully free memory
###[rank:9], remain[:2533621760], total[:47729344512], cached[:45195722752] ... forcefully free memory
[2026-01-27 09:08:20]  ERROR: OOM - CUDA out of memory. Tried to allocate 3.91 GiB. GPU 3 has a total capacity of 44.45 GiB of which 3.56 GiB is free. Including non-PyTorch memory, this process has 0 bytes memory in use. Of the allocated memory 34.12 GiB is allocated by PyTorch, and 6.20 GiB is reserved by PyTorch but unallocated. If reserved but unallocated memory is large try setting PYTORCH_CUDA_ALLOC_CONF=expandable_segments:True to avoid fragmentation.  See documentation for Memory Management  (https://pytorch.org/docs/stable/notes/cuda.html#environment-variables)
[2026-01-27 09:08:20]  ERROR: OOM - CUDA out of memory. Tried to allocate 3.91 GiB. GPU 2 has a total capacity of 44.45 GiB of which 3.56 GiB is free. Including non-PyTorch memory, this process has 0 bytes memory in use. Of the allocated memory 34.12 GiB is allocated by PyTorch, and 6.20 GiB is reserved by PyTorch but unallocated. If reserved but unallocated memory is large try setting PYTORCH_CUDA_ALLOC_CONF=expandable_segments:True to avoid fragmentation.  See documentation for Memory Management  (https://pytorch.org/docs/stable/notes/cuda.html#environment-variables)
[2026-01-27 09:08:20]  ERROR: OOM - CUDA out of memory. Tried to allocate 3.91 GiB. GPU 0 has a total capacity of 44.45 GiB of which 3.56 GiB is free. Including non-PyTorch memory, this process has 0 bytes memory in use. Of the allocated memory 34.12 GiB is allocated by PyTorch, and 6.20 GiB is reserved by PyTorch but unallocated. If reserved but unallocated memory is large try setting PYTORCH_CUDA_ALLOC_CONF=expandable_segments:True to avoid fragmentation.  See documentation for Memory Management  (https://pytorch.org/docs/stable/notes/cuda.html#environment-variables)
[2026-01-27 09:08:20]  ERROR: OOM - CUDA out of memory. Tried to allocate 3.91 GiB. GPU 6 has a total capacity of 44.45 GiB of which 3.56 GiB is free. Including non-PyTorch memory, this process has 0 bytes memory in use. Of the allocated memory 34.12 GiB is allocated by PyTorch, and 6.20 GiB is reserved by PyTorch but unallocated. If reserved but unallocated memory is large try setting PYTORCH_CUDA_ALLOC_CONF=expandable_segments:True to avoid fragmentation.  See documentation for Memory Management  (https://pytorch.org/docs/stable/notes/cuda.html#environment-variables)
[2026-01-27 09:08:20]  ERROR: OOM - CUDA out of memory. Tried to allocate 3.91 GiB. GPU 4 has a total capacity of 44.45 GiB of which 3.56 GiB is free. Including non-PyTorch memory, this process has 0 bytes memory in use. Of the allocated memory 34.12 GiB is allocated by PyTorch, and 6.20 GiB is reserved by PyTorch but unallocated. If reserved but unallocated memory is large try setting PYTORCH_CUDA_ALLOC_CONF=expandable_segments:True to avoid fragmentation.  See documentation for Memory Management  (https://pytorch.org/docs/stable/notes/cuda.html#environment-variables)
[2026-01-27 09:08:20]  ERROR: OOM - CUDA out of memory. Tried to allocate 3.91 GiB. GPU 7 has a total capacity of 44.45 GiB of which 3.58 GiB is free. Including non-PyTorch memory, this process has 0 bytes memory in use. Of the allocated memory 34.12 GiB is allocated by PyTorch, and 6.20 GiB is reserved by PyTorch but unallocated. If reserved but unallocated memory is large try setting PYTORCH_CUDA_ALLOC_CONF=expandable_segments:True to avoid fragmentation.  See documentation for Memory Management  (https://pytorch.org/docs/stable/notes/cuda.html#environment-variables)
[rank:10] process group destroyed.
>>> EXIT_CODE: 10, ELAPSED_TIME: None
[rank:14] process group destroyed.
>>> EXIT_CODE: 10, ELAPSED_TIME: None
[rank:11] process group destroyed.
>>> EXIT_CODE: 10, ELAPSED_TIME: None
[rank:12] process group destroyed.
>>> EXIT_CODE: 10, ELAPSED_TIME: None
[rank:15] process group destroyed.
>>> EXIT_CODE: 10, ELAPSED_TIME: None
[rank:8] process group destroyed.
>>> EXIT_CODE: 10, ELAPSED_TIME: None
W0127 09:08:22.794000 34862 site-packages/torch/distributed/elastic/multiprocessing/api.py:897] Sending process 34940 closing signal SIGTERM
W0127 09:08:22.795000 34862 site-packages/torch/distributed/elastic/multiprocessing/api.py:897] Sending process 34941 closing signal SIGTERM
W0127 09:08:22.797000 34862 site-packages/torch/distributed/elastic/multiprocessing/api.py:897] Sending process 34942 closing signal SIGTERM
W0127 09:08:22.798000 34862 site-packages/torch/distributed/elastic/multiprocessing/api.py:897] Sending process 34943 closing signal SIGTERM
W0127 09:08:22.798000 34862 site-packages/torch/distributed/elastic/multiprocessing/api.py:897] Sending process 34945 closing signal SIGTERM
W0127 09:08:22.798000 34862 site-packages/torch/distributed/elastic/multiprocessing/api.py:897] Sending process 34946 closing signal SIGTERM
W0127 09:08:22.799000 34862 site-packages/torch/distributed/elastic/multiprocessing/api.py:897] Sending process 34947 closing signal SIGTERM
E0127 09:08:23.405000 34862 site-packages/torch/distributed/elastic/multiprocessing/api.py:869] failed (exitcode: 10) local_rank: 4 (pid: 34944) of binary: /opt/conda/bin/python3.11
Traceback (most recent call last):
  File "/opt/conda/bin/torchrun", line 8, in <module>
    sys.exit(main())
             ^^^^^^
  File "/opt/conda/lib/python3.11/site-packages/torch/distributed/elastic/multiprocessing/errors/__init__.py", line 355, in wrapper
    return f(*args, **kwargs)
           ^^^^^^^^^^^^^^^^^^
  File "/opt/conda/lib/python3.11/site-packages/torch/distributed/run.py", line 919, in main
    run(args)
  File "/opt/conda/lib/python3.11/site-packages/torch/distributed/run.py", line 910, in run
    elastic_launch(
  File "/opt/conda/lib/python3.11/site-packages/torch/distributed/launcher/api.py", line 138, in __call__
    return launch_agent(self._config, self._entrypoint, list(args))
           ^^^^^^^^^^^^^^^^^^^^^^^^^^^^^^^^^^^^^^^^^^^^^^^^^^^^^^^^
  File "/opt/conda/lib/python3.11/site-packages/torch/distributed/launcher/api.py", line 269, in launch_agent
    raise ChildFailedError(
torch.distributed.elastic.multiprocessing.errors.ChildFailedError: 
============================================================
pp_train_llama_70b.py FAILED
------------------------------------------------------------
Failures:
  <NO_OTHER_FAILURES>
------------------------------------------------------------
Root Cause (first observed failure):
[0]:
  time      : 2026-01-27_09:08:22
  host      : s8
  rank      : 12 (local_rank: 4)
  exitcode  : 10 (pid: 34944)
  error_file: <N/A>
  traceback : To enable traceback see: https://pytorch.org/docs/stable/elastic/errors.html
============================================================
=================================================
RUN_ID            : Llama-3.3-70B-Instruct-512-64-2-8-1
Mode              : profile
Batch/Micro       : 512 / 64
PP/TP/DP          : 2 / 8 / 1
RDZV              : 192.168.100.107:29507
=================================================
Waiting for master rendezvous...
Still waiting...
W0127 09:08:35.829000 41961 site-packages/torch/distributed/run.py:793] 
W0127 09:08:35.829000 41961 site-packages/torch/distributed/run.py:793] *****************************************
W0127 09:08:35.829000 41961 site-packages/torch/distributed/run.py:793] Setting OMP_NUM_THREADS environment variable for each process to be 1 in default, to avoid your system being overloaded, please further tune the variable for optimal performance in your application as needed. 
W0127 09:08:35.829000 41961 site-packages/torch/distributed/run.py:793] *****************************************
[2026-01-27 09:08:39]  rank:12, world_size:16, init_method:tcp://192.168.100.107:29507
[2026-01-27 09:08:39]  rank:14, world_size:16, init_method:tcp://192.168.100.107:29507
[2026-01-27 09:08:39]  rank:8, world_size:16, init_method:tcp://192.168.100.107:29507
[2026-01-27 09:08:39]  rank:11, world_size:16, init_method:tcp://192.168.100.107:29507
[2026-01-27 09:08:39]  rank:13, world_size:16, init_method:tcp://192.168.100.107:29507
[2026-01-27 09:08:39]  rank:15, world_size:16, init_method:tcp://192.168.100.107:29507
[2026-01-27 09:08:39]  rank:9, world_size:16, init_method:tcp://192.168.100.107:29507
[2026-01-27 09:08:39]  rank:10, world_size:16, init_method:tcp://192.168.100.107:29507
[2026-01-27 09:08:43] [rank:10] torch=2.5.0+cu124, transformers=4.46.2 ✓
[2026-01-27 09:08:43] [rank:8] torch=2.5.0+cu124, transformers=4.46.2 ✓
[2026-01-27 09:08:43] [rank:12] torch=2.5.0+cu124, transformers=4.46.2 ✓
[2026-01-27 09:08:43] [rank:11] torch=2.5.0+cu124, transformers=4.46.2 ✓
[2026-01-27 09:08:43] [rank:13] torch=2.5.0+cu124, transformers=4.46.2 ✓
[2026-01-27 09:08:43] [rank:9] torch=2.5.0+cu124, transformers=4.46.2 ✓
[2026-01-27 09:08:43] [rank:14] torch=2.5.0+cu124, transformers=4.46.2 ✓
[2026-01-27 09:08:43] [rank:15] torch=2.5.0+cu124, transformers=4.46.2 ✓
[2026-01-27 09:08:43] [local_rank:1] Waiting for rank 0...
[2026-01-27 09:08:43] [local_rank:2] Waiting for rank 0...
[2026-01-27 09:08:43] [local_rank:6] Waiting for rank 0...
[2026-01-27 09:08:43] [local_rank:5] Waiting for rank 0...
[2026-01-27 09:08:43] [local_rank:7] Waiting for rank 0...
[2026-01-27 09:08:43] [local_rank:4] Waiting for rank 0...
[2026-01-27 09:08:43] ===> Model loading...
[2026-01-27 09:08:43] > Model: meta-llama/Llama-3.3-70B-Instruct (70B architecture)
[2026-01-27 09:08:43] > Config: hidden_size=8192, intermediate_size=28672, num_attention_heads=64, num_key_value_heads=8
[2026-01-27 09:08:43] > Using 8 layers (full model: 80 layers)
[2026-01-27 09:08:43] > Tokenizer vocab_size: 128000, Using: 128256
[2026-01-27 09:08:43] [local_rank:3] Waiting for rank 0...
[2026-01-27 09:10:02] > [PROFILE MODE] 8-layer Llama 70B model
[2026-01-27 09:10:02] > Total parameters: 8,946,589,696
[2026-01-27 09:10:02] > PP=2, TP=8, DP=1
[2026-01-27 09:10:02] > GBS=512, MBS=64, #MB=8
[2026-01-27 09:10:02] [rank:8] Available GPUs per server: 8
[2026-01-27 09:10:02] [rank:8] GPU mode is used.
[2026-01-27 09:10:02] [rank:8] Communication already initialized
[2026-01-27 09:10:02] [rank:8] before init_device_mesh
[2026-01-27 09:10:02] [rank:8] after init_device_mesh
[2026-01-27 09:10:02] [rank:8] pp group:DeviceMesh('cuda', [0, 8], mesh_dim_names=('pp',))
[2026-01-27 09:10:02] [rank:8] tp group:DeviceMesh('cuda', [8, 9, 10, 11, 12, 13, 14, 15], mesh_dim_names=('tp',))
[2026-01-27 09:10:02] [rank:8] dp group:DeviceMesh('cuda', [8], mesh_dim_names=('dp',))
[2026-01-27 09:10:02] [rank:8] Using GPU ... cuda:0
[2026-01-27 09:10:02] [rank:8] model class name: LlamaForCausalLM
[2026-01-27 09:10:02] [rank:8] split method: llama-tp-split
 ### Rank:8, name:submod_1, move submod_1 to cuda:0
[2026-01-27 09:10:05] [rank:8] clean_module_memory
[2026-01-27 09:10:05] [rank:8] PARALLEL MODE PROCESSING
[2026-01-27 09:10:25] [local_rank:3] Rank 0 finished
[2026-01-27 09:10:25] [local_rank:3] Waiting for rank 1...
[2026-01-27 09:10:25] [local_rank:4] Rank 0 finished
[2026-01-27 09:10:25] [local_rank:4] Waiting for rank 1...
[2026-01-27 09:10:25] [local_rank:6] Rank 0 finished
[2026-01-27 09:10:25] [local_rank:6] Waiting for rank 1...
[2026-01-27 09:10:25] [local_rank:2] Rank 0 finished[2026-01-27 09:10:25] [local_rank:7] Rank 0 finished

[2026-01-27 09:10:25] [local_rank:7] Waiting for rank 1...
[2026-01-27 09:10:25] [local_rank:2] Waiting for rank 1...
[2026-01-27 09:10:25] [local_rank:1] Rank 0 finished
[2026-01-27 09:10:25] [local_rank:5] Rank 0 finished
[2026-01-27 09:10:25] [local_rank:5] Waiting for rank 1...
[2026-01-27 09:11:49] [rank:9] GPU mode is used.
[2026-01-27 09:11:49] [rank:9] Communication already initialized
[2026-01-27 09:11:49] [rank:9] before init_device_mesh
[2026-01-27 09:11:49] [rank:9] after init_device_mesh
[2026-01-27 09:11:49] [rank:9] pp group:DeviceMesh('cuda', [1, 9], mesh_dim_names=('pp',))
[2026-01-27 09:11:49] [rank:9] tp group:DeviceMesh('cuda', [8, 9, 10, 11, 12, 13, 14, 15], mesh_dim_names=('tp',))
[2026-01-27 09:11:49] [rank:9] dp group:DeviceMesh('cuda', [9], mesh_dim_names=('dp',))
[2026-01-27 09:11:49] [rank:9] Using GPU ... cuda:1
[2026-01-27 09:11:49] [rank:9] model class name: LlamaForCausalLM
[2026-01-27 09:11:49] [rank:9] split method: llama-tp-split
 ### Rank:9, name:submod_1, move submod_1 to cuda:1
[2026-01-27 09:11:54] [rank:9] clean_module_memory
[2026-01-27 09:11:54] [rank:9] PARALLEL MODE PROCESSING
[2026-01-27 09:11:58] [local_rank:6] Rank 1 finished
[2026-01-27 09:11:58] [local_rank:6] Waiting for rank 2...
[2026-01-27 09:11:58] [local_rank:3] Rank 1 finished
[2026-01-27 09:11:58] [local_rank:2] Rank 1 finished[2026-01-27 09:11:58] [local_rank:5] Rank 1 finished[2026-01-27 09:11:58] [local_rank:3] Waiting for rank 2...


[2026-01-27 09:11:58] [local_rank:5] Waiting for rank 2...
[2026-01-27 09:11:58] [local_rank:4] Rank 1 finished[2026-01-27 09:11:58] [local_rank:7] Rank 1 finished

[2026-01-27 09:11:58] [local_rank:7] Waiting for rank 2...
[2026-01-27 09:11:58] [local_rank:4] Waiting for rank 2...
[2026-01-27 09:13:24] [rank:10] GPU mode is used.
[2026-01-27 09:13:24] [rank:10] Communication already initialized
[2026-01-27 09:13:24] [rank:10] before init_device_mesh
[2026-01-27 09:13:24] [rank:10] after init_device_mesh
[2026-01-27 09:13:24] [rank:10] pp group:DeviceMesh('cuda', [2, 10], mesh_dim_names=('pp',))
[2026-01-27 09:13:24] [rank:10] tp group:DeviceMesh('cuda', [8, 9, 10, 11, 12, 13, 14, 15], mesh_dim_names=('tp',))
[2026-01-27 09:13:24] [rank:10] dp group:DeviceMesh('cuda', [10], mesh_dim_names=('dp',))
[2026-01-27 09:13:24] [rank:10] Using GPU ... cuda:2
[2026-01-27 09:13:24] [rank:10] model class name: LlamaForCausalLM
[2026-01-27 09:13:24] [rank:10] split method: llama-tp-split
 ### Rank:10, name:submod_1, move submod_1 to cuda:2
[2026-01-27 09:13:29] [rank:10] clean_module_memory
[2026-01-27 09:13:29] [rank:10] PARALLEL MODE PROCESSING
[2026-01-27 09:13:44] [local_rank:4] Rank 2 finished[2026-01-27 09:13:44] [local_rank:6] Rank 2 finished

[2026-01-27 09:13:44] [local_rank:4] Waiting for rank 3...[2026-01-27 09:13:44] [local_rank:6] Waiting for rank 3...

[2026-01-27 09:13:44] [local_rank:7] Rank 2 finished
[2026-01-27 09:13:44] [local_rank:7] Waiting for rank 3...
[2026-01-27 09:13:44] [local_rank:5] Rank 2 finished
[2026-01-27 09:13:44] [local_rank:5] Waiting for rank 3...
[2026-01-27 09:13:44] [local_rank:3] Rank 2 finished
[2026-01-27 09:15:04] [rank:11] GPU mode is used.
[2026-01-27 09:15:04] [rank:11] Communication already initialized
[2026-01-27 09:15:04] [rank:11] before init_device_mesh
[2026-01-27 09:15:04] [rank:11] after init_device_mesh
[2026-01-27 09:15:04] [rank:11] pp group:DeviceMesh('cuda', [3, 11], mesh_dim_names=('pp',))
[2026-01-27 09:15:04] [rank:11] tp group:DeviceMesh('cuda', [8, 9, 10, 11, 12, 13, 14, 15], mesh_dim_names=('tp',))
[2026-01-27 09:15:04] [rank:11] dp group:DeviceMesh('cuda', [11], mesh_dim_names=('dp',))
[2026-01-27 09:15:04] [rank:11] Using GPU ... cuda:3
[2026-01-27 09:15:04] [rank:11] model class name: LlamaForCausalLM
[2026-01-27 09:15:04] [rank:11] split method: llama-tp-split
 ### Rank:11, name:submod_1, move submod_1 to cuda:3
[2026-01-27 09:15:06] [rank:11] clean_module_memory
[2026-01-27 09:15:06] [rank:11] PARALLEL MODE PROCESSING
[2026-01-27 09:15:18] [local_rank:6] Rank 3 finished
[2026-01-27 09:15:18] [local_rank:6] Waiting for rank 4...
[2026-01-27 09:15:18] [local_rank:4] Rank 3 finished
[2026-01-27 09:15:18] [local_rank:5] Rank 3 finished
[2026-01-27 09:15:18] [local_rank:5] Waiting for rank 4...
[2026-01-27 09:15:18] [local_rank:7] Rank 3 finished
[2026-01-27 09:15:18] [local_rank:7] Waiting for rank 4...
[2026-01-27 09:16:38] [rank:12] GPU mode is used.
[2026-01-27 09:16:38] [rank:12] Communication already initialized
[2026-01-27 09:16:38] [rank:12] before init_device_mesh
[2026-01-27 09:16:38] [rank:12] after init_device_mesh
[2026-01-27 09:16:38] [rank:12] pp group:DeviceMesh('cuda', [4, 12], mesh_dim_names=('pp',))
[2026-01-27 09:16:38] [rank:12] tp group:DeviceMesh('cuda', [8, 9, 10, 11, 12, 13, 14, 15], mesh_dim_names=('tp',))
[2026-01-27 09:16:38] [rank:12] dp group:DeviceMesh('cuda', [12], mesh_dim_names=('dp',))
[2026-01-27 09:16:38] [rank:12] Using GPU ... cuda:4
[2026-01-27 09:16:38] [rank:12] model class name: LlamaForCausalLM
[2026-01-27 09:16:38] [rank:12] split method: llama-tp-split
 ### Rank:12, name:submod_1, move submod_1 to cuda:4
[2026-01-27 09:16:40] [rank:12] clean_module_memory
[2026-01-27 09:16:40] [rank:12] PARALLEL MODE PROCESSING
[2026-01-27 09:16:59] [local_rank:6] Rank 4 finished
[2026-01-27 09:16:59] [local_rank:6] Waiting for rank 5...
[2026-01-27 09:16:59] [local_rank:7] Rank 4 finished
[2026-01-27 09:16:59] [local_rank:7] Waiting for rank 5...
[2026-01-27 09:16:59] [local_rank:5] Rank 4 finished
[2026-01-27 09:18:18] [rank:13] GPU mode is used.
[2026-01-27 09:18:18] [rank:13] Communication already initialized
[2026-01-27 09:18:18] [rank:13] before init_device_mesh
[2026-01-27 09:18:18] [rank:13] after init_device_mesh
[2026-01-27 09:18:18] [rank:13] pp group:DeviceMesh('cuda', [5, 13], mesh_dim_names=('pp',))
[2026-01-27 09:18:18] [rank:13] tp group:DeviceMesh('cuda', [8, 9, 10, 11, 12, 13, 14, 15], mesh_dim_names=('tp',))
[2026-01-27 09:18:18] [rank:13] dp group:DeviceMesh('cuda', [13], mesh_dim_names=('dp',))
[2026-01-27 09:18:18] [rank:13] Using GPU ... cuda:5
[2026-01-27 09:18:18] [rank:13] model class name: LlamaForCausalLM
[2026-01-27 09:18:18] [rank:13] split method: llama-tp-split
 ### Rank:13, name:submod_1, move submod_1 to cuda:5
[2026-01-27 09:18:20] [rank:13] clean_module_memory
[2026-01-27 09:18:20] [rank:13] PARALLEL MODE PROCESSING
[2026-01-27 09:18:39] [local_rank:6] Rank 5 finished
[2026-01-27 09:18:39] [local_rank:7] Rank 5 finished
[2026-01-27 09:18:39] [local_rank:7] Waiting for rank 6...
[2026-01-27 09:19:57] [rank:14] GPU mode is used.
[2026-01-27 09:19:57] [rank:14] Communication already initialized
[2026-01-27 09:19:57] [rank:14] before init_device_mesh
[2026-01-27 09:19:57] [rank:14] after init_device_mesh
[2026-01-27 09:19:57] [rank:14] pp group:DeviceMesh('cuda', [6, 14], mesh_dim_names=('pp',))
[2026-01-27 09:19:57] [rank:14] tp group:DeviceMesh('cuda', [8, 9, 10, 11, 12, 13, 14, 15], mesh_dim_names=('tp',))
[2026-01-27 09:19:57] [rank:14] dp group:DeviceMesh('cuda', [14], mesh_dim_names=('dp',))
[2026-01-27 09:19:58] [rank:14] Using GPU ... cuda:6
[2026-01-27 09:19:58] [rank:14] model class name: LlamaForCausalLM
[2026-01-27 09:19:58] [rank:14] split method: llama-tp-split
 ### Rank:14, name:submod_1, move submod_1 to cuda:6
[2026-01-27 09:20:00] [rank:14] clean_module_memory
[2026-01-27 09:20:00] [rank:14] PARALLEL MODE PROCESSING
[2026-01-27 09:20:20] [local_rank:7] Rank 6 finished
[2026-01-27 09:21:44] [rank:15] GPU mode is used.
[2026-01-27 09:21:44] [rank:15] Communication already initialized
[2026-01-27 09:21:44] [rank:15] before init_device_mesh
[2026-01-27 09:21:44] [rank:15] after init_device_mesh
[2026-01-27 09:21:44] [rank:15] pp group:DeviceMesh('cuda', [7, 15], mesh_dim_names=('pp',))
[2026-01-27 09:21:44] [rank:15] tp group:DeviceMesh('cuda', [8, 9, 10, 11, 12, 13, 14, 15], mesh_dim_names=('tp',))
[2026-01-27 09:21:44] [rank:15] dp group:DeviceMesh('cuda', [15], mesh_dim_names=('dp',))
[2026-01-27 09:21:45] [rank:15] Using GPU ... cuda:7
[2026-01-27 09:21:45] [rank:15] model class name: LlamaForCausalLM
[2026-01-27 09:21:45] [rank:15] split method: llama-tp-split
 ### Rank:15, name:submod_1, move submod_1 to cuda:7
[2026-01-27 09:21:48] [rank:15] clean_module_memory
[2026-01-27 09:21:48] [rank:15] PARALLEL MODE PROCESSING
 >> rank:15 -----------------------------------------------
rank: 15, #### last layer id:7
 >> rank:15 -----------------------------------------------
>>>> self.tpl.tp_mesh.size(): 8
 >> rank:8 -----------------------------------------------
rank: 8, #### last layer id:7
 >> rank:8 ----------------------------------------------->model_layers_5_self_attn_q_proj ==> node.args[3]:64

>>>> self.tpl.tp_mesh.size(): 8 >> rank:11 ----------------------------------------------- >> rank:13 -----------------------------------------------> >model_layers_5_self_attn_q_proj ==> node.args[3]:8



rank: 11, #### last layer id:7rank: 13, #### last layer id:7
>>model_layers_5_self_attn_k_proj ===> node.args[3]:8
 >> rank:11 -----------------------------------------------
 >> rank:13 -----------------------------------------------

>> >> model_layers_5_self_attn_k_proj ===> node.args[3]:1>model_layers_5_self_attn_q_proj ==> node.args[3]:64>>>> self.tpl.tp_mesh.size(): 8>>>> self.tpl.tp_mesh.size(): 8



>>>model_layers_5_self_attn_v_proj ===> node.args[3]:8
 >> rank:14 ----------------------------------------------->>> >>>model_layers_5_self_attn_v_proj ===> node.args[3]:1

rank: 14, #### last layer id:7>model_layers_5_self_attn_q_proj ==> node.args[3]:64

> >model_layers_5_self_attn_q_proj ==> node.args[3]:8>model_layers_5_self_attn_q_proj ==> node.args[3]:64 >> rank:14 -----------------------------------------------


>>model_layers_5_self_attn_k_proj ===> node.args[3]:8
>model_layers_6_self_attn_q_proj ==> node.args[3]:64
>>>> self.tpl.tp_mesh.size(): 8
>> >> model_layers_5_self_attn_k_proj ===> node.args[3]:1
> >model_layers_6_self_attn_q_proj ==> node.args[3]:8
>>>model_layers_5_self_attn_v_proj ===> node.args[3]:8>>model_layers_6_self_attn_k_proj ===> node.args[3]:8

> >model_layers_5_self_attn_q_proj ==> node.args[3]:8
> >model_layers_5_self_attn_q_proj ==> node.args[3]:8
>>model_layers_5_self_attn_k_proj ===> node.args[3]:8
>>> >>>model_layers_5_self_attn_v_proj ===> node.args[3]:1>>model_layers_5_self_attn_k_proj ===> node.args[3]:8>> >> model_layers_6_self_attn_k_proj ===> node.args[3]:1

>model_layers_5_self_attn_q_proj ==> node.args[3]:64

>>>model_layers_6_self_attn_v_proj ===> node.args[3]:8
>> >> model_layers_5_self_attn_k_proj ===> node.args[3]:1
>>>model_layers_5_self_attn_v_proj ===> node.args[3]:8>> >> model_layers_5_self_attn_k_proj ===> node.args[3]:1
>>> >>>model_layers_6_self_attn_v_proj ===> node.args[3]:1

>model_layers_6_self_attn_q_proj ==> node.args[3]:64
>>>model_layers_5_self_attn_v_proj ===> node.args[3]:8
>>> >>>model_layers_5_self_attn_v_proj ===> node.args[3]:1
> >model_layers_6_self_attn_q_proj ==> node.args[3]:8> >model_layers_5_self_attn_q_proj ==> node.args[3]:8
>>> >>>model_layers_5_self_attn_v_proj ===> node.args[3]:1

>>model_layers_6_self_attn_k_proj ===> node.args[3]:8
>>model_layers_5_self_attn_k_proj ===> node.args[3]:8
>model_layers_7_self_attn_q_proj ==> node.args[3]:64
 >> rank:12 ----------------------------------------------->model_layers_6_self_attn_q_proj ==> node.args[3]:64
>> >> model_layers_6_self_attn_k_proj ===> node.args[3]:1

rank: 12, #### last layer id:7
>>>model_layers_6_self_attn_v_proj ===> node.args[3]:8>model_layers_6_self_attn_q_proj ==> node.args[3]:64> >model_layers_7_self_attn_q_proj ==> node.args[3]:8
>> >> model_layers_5_self_attn_k_proj ===> node.args[3]:1
 >> rank:12 -----------------------------------------------
> >model_layers_6_self_attn_q_proj ==> node.args[3]:8


>>>model_layers_5_self_attn_v_proj ===> node.args[3]:8>>> >>>model_layers_6_self_attn_v_proj ===> node.args[3]:1> >model_layers_6_self_attn_q_proj ==> node.args[3]:8>>model_layers_7_self_attn_k_proj ===> node.args[3]:8
>>model_layers_6_self_attn_k_proj ===> node.args[3]:8



>>model_layers_6_self_attn_k_proj ===> node.args[3]:8
>>> >>>model_layers_5_self_attn_v_proj ===> node.args[3]:1
>> >> model_layers_6_self_attn_k_proj ===> node.args[3]:1>> >> model_layers_7_self_attn_k_proj ===> node.args[3]:1>> >> model_layers_6_self_attn_k_proj ===> node.args[3]:1


>>>> self.tpl.tp_mesh.size(): 8>>>model_layers_6_self_attn_v_proj ===> node.args[3]:8>model_layers_7_self_attn_q_proj ==> node.args[3]:64>>>model_layers_6_self_attn_v_proj ===> node.args[3]:8>>>model_layers_7_self_attn_v_proj ===> node.args[3]:8




>model_layers_6_self_attn_q_proj ==> node.args[3]:64
>>> >>>model_layers_6_self_attn_v_proj ===> node.args[3]:1
>>> >>>model_layers_6_self_attn_v_proj ===> node.args[3]:1>>> >>>model_layers_7_self_attn_v_proj ===> node.args[3]:1> >model_layers_7_self_attn_q_proj ==> node.args[3]:8


> >model_layers_6_self_attn_q_proj ==> node.args[3]:8
>>model_layers_7_self_attn_k_proj ===> node.args[3]:8>>model_layers_6_self_attn_k_proj ===> node.args[3]:8

>model_layers_7_self_attn_q_proj ==> node.args[3]:64
>> >> model_layers_7_self_attn_k_proj ===> node.args[3]:1>> >> model_layers_6_self_attn_k_proj ===> node.args[3]:1

>model_layers_7_self_attn_q_proj ==> node.args[3]:64
>>>model_layers_7_self_attn_v_proj ===> node.args[3]:8
> >model_layers_7_self_attn_q_proj ==> node.args[3]:8>>>model_layers_6_self_attn_v_proj ===> node.args[3]:8

>>model_layers_7_self_attn_k_proj ===> node.args[3]:8
>>> >>>model_layers_7_self_attn_v_proj ===> node.args[3]:1> >model_layers_7_self_attn_q_proj ==> node.args[3]:8

>>> >>>model_layers_6_self_attn_v_proj ===> node.args[3]:1
>>model_layers_7_self_attn_k_proj ===> node.args[3]:8
>> >> model_layers_7_self_attn_k_proj ===> node.args[3]:1
>>>model_layers_7_self_attn_v_proj ===> node.args[3]:8
>> >> model_layers_7_self_attn_k_proj ===> node.args[3]:1
>model_layers_5_self_attn_q_proj ==> node.args[3]:64
>>> >>>model_layers_7_self_attn_v_proj ===> node.args[3]:1>>>model_layers_7_self_attn_v_proj ===> node.args[3]:8

>model_layers_7_self_attn_q_proj ==> node.args[3]:64
>>> >>>model_layers_7_self_attn_v_proj ===> node.args[3]:1
> >model_layers_7_self_attn_q_proj ==> node.args[3]:8
>>model_layers_7_self_attn_k_proj ===> node.args[3]:8
>> >> model_layers_7_self_attn_k_proj ===> node.args[3]:1
>>>model_layers_7_self_attn_v_proj ===> node.args[3]:8
>>> >>>model_layers_7_self_attn_v_proj ===> node.args[3]:1
> >model_layers_5_self_attn_q_proj ==> node.args[3]:8
>>model_layers_5_self_attn_k_proj ===> node.args[3]:8
>> >> model_layers_5_self_attn_k_proj ===> node.args[3]:1
>>>model_layers_5_self_attn_v_proj ===> node.args[3]:8
>>> >>>model_layers_5_self_attn_v_proj ===> node.args[3]:1
>model_layers_6_self_attn_q_proj ==> node.args[3]:64
> >model_layers_6_self_attn_q_proj ==> node.args[3]:8
>>model_layers_6_self_attn_k_proj ===> node.args[3]:8
>> >> model_layers_6_self_attn_k_proj ===> node.args[3]:1
>>>model_layers_6_self_attn_v_proj ===> node.args[3]:8
>>> >>>model_layers_6_self_attn_v_proj ===> node.args[3]:1
>model_layers_7_self_attn_q_proj ==> node.args[3]:64
> >model_layers_7_self_attn_q_proj ==> node.args[3]:8
>>model_layers_7_self_attn_k_proj ===> node.args[3]:8
>> >> model_layers_7_self_attn_k_proj ===> node.args[3]:1
>>>model_layers_7_self_attn_v_proj ===> node.args[3]:8
>>> >>>model_layers_7_self_attn_v_proj ===> node.args[3]:1
 >> rank:10 -----------------------------------------------
rank: 10, #### last layer id:7
 >> rank:10 -----------------------------------------------
 >> rank:9 -----------------------------------------------
rank: 9, #### last layer id:7
 >> rank:9 -----------------------------------------------
>>>> self.tpl.tp_mesh.size(): 8
>>>> self.tpl.tp_mesh.size(): 8
>model_layers_5_self_attn_q_proj ==> node.args[3]:64
>model_layers_5_self_attn_q_proj ==> node.args[3]:64
> >model_layers_5_self_attn_q_proj ==> node.args[3]:8
>>model_layers_5_self_attn_k_proj ===> node.args[3]:8
>> >> model_layers_5_self_attn_k_proj ===> node.args[3]:1
>>>model_layers_5_self_attn_v_proj ===> node.args[3]:8
>>> >>>model_layers_5_self_attn_v_proj ===> node.args[3]:1
>model_layers_6_self_attn_q_proj ==> node.args[3]:64
> >model_layers_5_self_attn_q_proj ==> node.args[3]:8
> >model_layers_6_self_attn_q_proj ==> node.args[3]:8
>>model_layers_5_self_attn_k_proj ===> node.args[3]:8>>model_layers_6_self_attn_k_proj ===> node.args[3]:8

>> >> model_layers_6_self_attn_k_proj ===> node.args[3]:1
>>>model_layers_6_self_attn_v_proj ===> node.args[3]:8
>> >> model_layers_5_self_attn_k_proj ===> node.args[3]:1
>>>model_layers_5_self_attn_v_proj ===> node.args[3]:8
>>> >>>model_layers_6_self_attn_v_proj ===> node.args[3]:1
>>> >>>model_layers_5_self_attn_v_proj ===> node.args[3]:1
>model_layers_7_self_attn_q_proj ==> node.args[3]:64
>model_layers_6_self_attn_q_proj ==> node.args[3]:64
> >model_layers_7_self_attn_q_proj ==> node.args[3]:8
> >model_layers_6_self_attn_q_proj ==> node.args[3]:8>>model_layers_7_self_attn_k_proj ===> node.args[3]:8

>>model_layers_6_self_attn_k_proj ===> node.args[3]:8
>> >> model_layers_7_self_attn_k_proj ===> node.args[3]:1
>> >> model_layers_6_self_attn_k_proj ===> node.args[3]:1
>>>model_layers_7_self_attn_v_proj ===> node.args[3]:8
>>>model_layers_6_self_attn_v_proj ===> node.args[3]:8
>>> >>>model_layers_6_self_attn_v_proj ===> node.args[3]:1>>> >>>model_layers_7_self_attn_v_proj ===> node.args[3]:1

>model_layers_7_self_attn_q_proj ==> node.args[3]:64
> >model_layers_7_self_attn_q_proj ==> node.args[3]:8
>>model_layers_7_self_attn_k_proj ===> node.args[3]:8
>> >> model_layers_7_self_attn_k_proj ===> node.args[3]:1
>>>model_layers_7_self_attn_v_proj ===> node.args[3]:8
>>> >>>model_layers_7_self_attn_v_proj ===> node.args[3]:1
[2026-01-27 09:21:56]  special_nodes | total=1 far=0 max_span=0 dropped_submod_adj=1
[2026-01-27 09:21:56] [rank:14] Optimus_p initialized
[2026-01-27 09:21:56]  special_nodes | total=1 far=0 max_span=0 dropped_submod_adj=1
[2026-01-27 09:21:56] [rank:15] Optimus_p initialized
[2026-01-27 09:21:56]  special_nodes | total=1 far=0 max_span=0 dropped_submod_adj=1
[2026-01-27 09:21:56] [rank:13] Optimus_p initialized
Using the latest cached version of the dataset since squad couldn't be found on the Hugging Face Hub (offline mode is enabled).
WARNING:datasets.load:Using the latest cached version of the dataset since squad couldn't be found on the Hugging Face Hub (offline mode is enabled).
Using the latest cached version of the dataset since squad couldn't be found on the Hugging Face Hub (offline mode is enabled).
WARNING:datasets.load:Using the latest cached version of the dataset since squad couldn't be found on the Hugging Face Hub (offline mode is enabled).
Found the latest cached dataset configuration 'plain_text' at /root/.cache/huggingface/datasets/squad/plain_text/0.0.0/7b6d24c440a36b6815f21b70d25016731768db1f (last modified on Wed Nov 12 05:58:19 2025).
WARNING:datasets.packaged_modules.cache.cache:Found the latest cached dataset configuration 'plain_text' at /root/.cache/huggingface/datasets/squad/plain_text/0.0.0/7b6d24c440a36b6815f21b70d25016731768db1f (last modified on Wed Nov 12 05:58:19 2025).
Found the latest cached dataset configuration 'plain_text' at /root/.cache/huggingface/datasets/squad/plain_text/0.0.0/7b6d24c440a36b6815f21b70d25016731768db1f (last modified on Wed Nov 12 05:58:19 2025).
WARNING:datasets.packaged_modules.cache.cache:Found the latest cached dataset configuration 'plain_text' at /root/.cache/huggingface/datasets/squad/plain_text/0.0.0/7b6d24c440a36b6815f21b70d25016731768db1f (last modified on Wed Nov 12 05:58:19 2025).
[2026-01-27 09:21:56]  special_nodes | total=1 far=0 max_span=0 dropped_submod_adj=1
[2026-01-27 09:21:56] [rank:12] Optimus_p initialized
Using the latest cached version of the dataset since squad couldn't be found on the Hugging Face Hub (offline mode is enabled).
WARNING:datasets.load:Using the latest cached version of the dataset since squad couldn't be found on the Hugging Face Hub (offline mode is enabled).
[2026-01-27 09:21:56]  special_nodes | total=1 far=0 max_span=0 dropped_submod_adj=1
[2026-01-27 09:21:56] [rank:8] Optimus_p initialized
[2026-01-27 09:21:56] ===> Model loading completed
Found the latest cached dataset configuration 'plain_text' at /root/.cache/huggingface/datasets/squad/plain_text/0.0.0/7b6d24c440a36b6815f21b70d25016731768db1f (last modified on Wed Nov 12 05:58:19 2025).
WARNING:datasets.packaged_modules.cache.cache:Found the latest cached dataset configuration 'plain_text' at /root/.cache/huggingface/datasets/squad/plain_text/0.0.0/7b6d24c440a36b6815f21b70d25016731768db1f (last modified on Wed Nov 12 05:58:19 2025).
Using the latest cached version of the dataset since squad couldn't be found on the Hugging Face Hub (offline mode is enabled).
WARNING:datasets.load:Using the latest cached version of the dataset since squad couldn't be found on the Hugging Face Hub (offline mode is enabled).
Using the latest cached version of the dataset since squad couldn't be found on the Hugging Face Hub (offline mode is enabled).
WARNING:datasets.load:Using the latest cached version of the dataset since squad couldn't be found on the Hugging Face Hub (offline mode is enabled).
Found the latest cached dataset configuration 'plain_text' at /root/.cache/huggingface/datasets/squad/plain_text/0.0.0/7b6d24c440a36b6815f21b70d25016731768db1f (last modified on Wed Nov 12 05:58:19 2025).
WARNING:datasets.packaged_modules.cache.cache:Found the latest cached dataset configuration 'plain_text' at /root/.cache/huggingface/datasets/squad/plain_text/0.0.0/7b6d24c440a36b6815f21b70d25016731768db1f (last modified on Wed Nov 12 05:58:19 2025).
[2026-01-27 09:21:56]  special_nodes | total=1 far=0 max_span=0 dropped_submod_adj=1
[2026-01-27 09:21:56] [rank:11] Optimus_p initialized
Found the latest cached dataset configuration 'plain_text' at /root/.cache/huggingface/datasets/squad/plain_text/0.0.0/7b6d24c440a36b6815f21b70d25016731768db1f (last modified on Wed Nov 12 05:58:19 2025).
WARNING:datasets.packaged_modules.cache.cache:Found the latest cached dataset configuration 'plain_text' at /root/.cache/huggingface/datasets/squad/plain_text/0.0.0/7b6d24c440a36b6815f21b70d25016731768db1f (last modified on Wed Nov 12 05:58:19 2025).
Using the latest cached version of the dataset since squad couldn't be found on the Hugging Face Hub (offline mode is enabled).
WARNING:datasets.load:Using the latest cached version of the dataset since squad couldn't be found on the Hugging Face Hub (offline mode is enabled).
Found the latest cached dataset configuration 'plain_text' at /root/.cache/huggingface/datasets/squad/plain_text/0.0.0/7b6d24c440a36b6815f21b70d25016731768db1f (last modified on Wed Nov 12 05:58:19 2025).
WARNING:datasets.packaged_modules.cache.cache:Found the latest cached dataset configuration 'plain_text' at /root/.cache/huggingface/datasets/squad/plain_text/0.0.0/7b6d24c440a36b6815f21b70d25016731768db1f (last modified on Wed Nov 12 05:58:19 2025).
[2026-01-27 09:21:56]  special_nodes | total=1 far=0 max_span=0 dropped_submod_adj=1
[2026-01-27 09:21:56] [rank:9] Optimus_p initialized
[2026-01-27 09:21:56] [rank:14] Profile: 10 steps (50 warmup)
Using the latest cached version of the dataset since squad couldn't be found on the Hugging Face Hub (offline mode is enabled).
WARNING:datasets.load:Using the latest cached version of the dataset since squad couldn't be found on the Hugging Face Hub (offline mode is enabled).
Found the latest cached dataset configuration 'plain_text' at /root/.cache/huggingface/datasets/squad/plain_text/0.0.0/7b6d24c440a36b6815f21b70d25016731768db1f (last modified on Wed Nov 12 05:58:19 2025).
WARNING:datasets.packaged_modules.cache.cache:Found the latest cached dataset configuration 'plain_text' at /root/.cache/huggingface/datasets/squad/plain_text/0.0.0/7b6d24c440a36b6815f21b70d25016731768db1f (last modified on Wed Nov 12 05:58:19 2025).
[2026-01-27 09:21:56] [rank:13] Profile: 10 steps (50 warmup)
[2026-01-27 09:21:56] [rank:11] Profile: 10 steps (50 warmup)
[2026-01-27 09:21:56] [rank:12] Profile: 10 steps (50 warmup)
[2026-01-27 09:21:56]  special_nodes | total=1 far=0 max_span=0 dropped_submod_adj=1
[2026-01-27 09:21:56] [rank:10] Optimus_p initialized
Using the latest cached version of the dataset since squad couldn't be found on the Hugging Face Hub (offline mode is enabled).
WARNING:datasets.load:Using the latest cached version of the dataset since squad couldn't be found on the Hugging Face Hub (offline mode is enabled).
Found the latest cached dataset configuration 'plain_text' at /root/.cache/huggingface/datasets/squad/plain_text/0.0.0/7b6d24c440a36b6815f21b70d25016731768db1f (last modified on Wed Nov 12 05:58:19 2025).
WARNING:datasets.packaged_modules.cache.cache:Found the latest cached dataset configuration 'plain_text' at /root/.cache/huggingface/datasets/squad/plain_text/0.0.0/7b6d24c440a36b6815f21b70d25016731768db1f (last modified on Wed Nov 12 05:58:19 2025).
[2026-01-27 09:21:57] [rank:15] Profile: 10 steps (50 warmup)
[2026-01-27 09:21:57] [rank:8] Profile: 10 steps (50 warmup)
[2026-01-27 09:21:57] [rank:9] Profile: 10 steps (50 warmup)
[2026-01-27 09:21:57] [rank:10] Profile: 10 steps (50 warmup)
[2026-01-27 09:22:27]  ERROR: OOM - CUDA out of memory. Tried to allocate 3.79 GiB. GPU 4 has a total capacity of 44.45 GiB of which 3.18 GiB is free. Including non-PyTorch memory, this process has 0 bytes memory in use. Of the allocated memory 37.42 GiB is allocated by PyTorch, and 3.28 GiB is reserved by PyTorch but unallocated. If reserved but unallocated memory is large try setting PYTORCH_CUDA_ALLOC_CONF=expandable_segments:True to avoid fragmentation.  See documentation for Memory Management  (https://pytorch.org/docs/stable/notes/cuda.html#environment-variables)
[2026-01-27 09:22:27]  ERROR: OOM - CUDA out of memory. Tried to allocate 3.79 GiB. GPU 5 has a total capacity of 44.45 GiB of which 3.18 GiB is free. Including non-PyTorch memory, this process has 0 bytes memory in use. Of the allocated memory 37.42 GiB is allocated by PyTorch, and 3.28 GiB is reserved by PyTorch but unallocated. If reserved but unallocated memory is large try setting PYTORCH_CUDA_ALLOC_CONF=expandable_segments:True to avoid fragmentation.  See documentation for Memory Management  (https://pytorch.org/docs/stable/notes/cuda.html#environment-variables)
[2026-01-27 09:22:27]  ERROR: OOM - CUDA out of memory. Tried to allocate 3.79 GiB. GPU 2 has a total capacity of 44.45 GiB of which 3.18 GiB is free. Including non-PyTorch memory, this process has 0 bytes memory in use. Of the allocated memory 37.42 GiB is allocated by PyTorch, and 3.28 GiB is reserved by PyTorch but unallocated. If reserved but unallocated memory is large try setting PYTORCH_CUDA_ALLOC_CONF=expandable_segments:True to avoid fragmentation.  See documentation for Memory Management  (https://pytorch.org/docs/stable/notes/cuda.html#environment-variables)
[2026-01-27 09:22:27]  ERROR: OOM - CUDA out of memory. Tried to allocate 3.79 GiB. GPU 7 has a total capacity of 44.45 GiB of which 3.20 GiB is free. Including non-PyTorch memory, this process has 0 bytes memory in use. Of the allocated memory 37.42 GiB is allocated by PyTorch, and 3.28 GiB is reserved by PyTorch but unallocated. If reserved but unallocated memory is large try setting PYTORCH_CUDA_ALLOC_CONF=expandable_segments:True to avoid fragmentation.  See documentation for Memory Management  (https://pytorch.org/docs/stable/notes/cuda.html#environment-variables)
[2026-01-27 09:22:27]  ERROR: OOM - CUDA out of memory. Tried to allocate 3.79 GiB. GPU 6 has a total capacity of 44.45 GiB of which 3.18 GiB is free. Including non-PyTorch memory, this process has 0 bytes memory in use. Of the allocated memory 37.42 GiB is allocated by PyTorch, and 3.28 GiB is reserved by PyTorch but unallocated. If reserved but unallocated memory is large try setting PYTORCH_CUDA_ALLOC_CONF=expandable_segments:True to avoid fragmentation.  See documentation for Memory Management  (https://pytorch.org/docs/stable/notes/cuda.html#environment-variables)
[2026-01-27 09:22:27]  ERROR: OOM - CUDA out of memory. Tried to allocate 3.79 GiB. GPU 1 has a total capacity of 44.45 GiB of which 3.18 GiB is free. Including non-PyTorch memory, this process has 0 bytes memory in use. Of the allocated memory 37.42 GiB is allocated by PyTorch, and 3.28 GiB is reserved by PyTorch but unallocated. If reserved but unallocated memory is large try setting PYTORCH_CUDA_ALLOC_CONF=expandable_segments:True to avoid fragmentation.  See documentation for Memory Management  (https://pytorch.org/docs/stable/notes/cuda.html#environment-variables)
[2026-01-27 09:22:27]  ERROR: OOM - CUDA out of memory. Tried to allocate 3.79 GiB. GPU 0 has a total capacity of 44.45 GiB of which 3.18 GiB is free. Including non-PyTorch memory, this process has 0 bytes memory in use. Of the allocated memory 37.42 GiB is allocated by PyTorch, and 3.28 GiB is reserved by PyTorch but unallocated. If reserved but unallocated memory is large try setting PYTORCH_CUDA_ALLOC_CONF=expandable_segments:True to avoid fragmentation.  See documentation for Memory Management  (https://pytorch.org/docs/stable/notes/cuda.html#environment-variables)
[2026-01-27 09:22:27]  ERROR: OOM - CUDA out of memory. Tried to allocate 3.79 GiB. GPU 3 has a total capacity of 44.45 GiB of which 3.18 GiB is free. Including non-PyTorch memory, this process has 0 bytes memory in use. Of the allocated memory 37.42 GiB is allocated by PyTorch, and 3.28 GiB is reserved by PyTorch but unallocated. If reserved but unallocated memory is large try setting PYTORCH_CUDA_ALLOC_CONF=expandable_segments:True to avoid fragmentation.  See documentation for Memory Management  (https://pytorch.org/docs/stable/notes/cuda.html#environment-variables)
[rank:12] process group destroyed.
>>> EXIT_CODE: 10, ELAPSED_TIME: None
[rank:13] process group destroyed.
>>> EXIT_CODE: 10, ELAPSED_TIME: None
[rank:15] process group destroyed.
>>> EXIT_CODE: 10, ELAPSED_TIME: None
[rank:10] process group destroyed.
>>> EXIT_CODE: 10, ELAPSED_TIME: None
[rank:9] process group destroyed.
>>> EXIT_CODE: 10, ELAPSED_TIME: None
[rank:14] process group destroyed.
>>> EXIT_CODE: 10, ELAPSED_TIME: None
[rank:11] process group destroyed.
>>> EXIT_CODE: 10, ELAPSED_TIME: None
[rank:8] process group destroyed.
>>> EXIT_CODE: 10, ELAPSED_TIME: None
W0127 09:22:29.855000 41961 site-packages/torch/distributed/elastic/multiprocessing/api.py:897] Sending process 42039 closing signal SIGTERM
W0127 09:22:29.856000 41961 site-packages/torch/distributed/elastic/multiprocessing/api.py:897] Sending process 42040 closing signal SIGTERM
W0127 09:22:29.856000 41961 site-packages/torch/distributed/elastic/multiprocessing/api.py:897] Sending process 42041 closing signal SIGTERM
W0127 09:22:29.856000 41961 site-packages/torch/distributed/elastic/multiprocessing/api.py:897] Sending process 42042 closing signal SIGTERM
W0127 09:22:29.857000 41961 site-packages/torch/distributed/elastic/multiprocessing/api.py:897] Sending process 42043 closing signal SIGTERM
W0127 09:22:29.857000 41961 site-packages/torch/distributed/elastic/multiprocessing/api.py:897] Sending process 42044 closing signal SIGTERM
W0127 09:22:29.857000 41961 site-packages/torch/distributed/elastic/multiprocessing/api.py:897] Sending process 42045 closing signal SIGTERM
E0127 09:22:30.837000 41961 site-packages/torch/distributed/elastic/multiprocessing/api.py:869] failed (exitcode: 10) local_rank: 0 (pid: 42038) of binary: /opt/conda/bin/python3.11
W0127 09:22:30.842000 41961 site-packages/torch/distributed/elastic/rendezvous/dynamic_rendezvous.py:1282] The node 's8_41961_0' has failed to shutdown the rendezvous 'Llama-3.3-70B-Instruct-512-64-2-8-1' due to an error of type RendezvousConnectionError.
[W127 09:22:30.712489216 TCPStore.cpp:122] [c10d] sendBytes failed on SocketImpl(fd=3, addr=[s8]:33860, remote=[s7]:29507): Broken pipe
Exception raised from sendBytes at ../torch/csrc/distributed/c10d/Utils.hpp:645 (most recent call first):
frame #0: c10::Error::Error(c10::SourceLocation, std::string) + 0x96 (0x7fa020d6c446 in /opt/conda/lib/python3.11/site-packages/torch/lib/libc10.so)
frame #1: <unknown function> + 0x5fecb29 (0x7fa010948b29 in /opt/conda/lib/python3.11/site-packages/torch/lib/libtorch_cpu.so)
frame #2: c10d::TCPStore::doWait(c10::ArrayRef<std::string>, std::chrono::duration<long, std::ratio<1l, 1000l> >) + 0x27e (0x7fa01094656e in /opt/conda/lib/python3.11/site-packages/torch/lib/libtorch_cpu.so)
frame #3: c10d::TCPStore::doGet(std::string const&) + 0x2a (0x7fa0109469ca in /opt/conda/lib/python3.11/site-packages/torch/lib/libtorch_cpu.so)
frame #4: c10d::TCPStore::get(std::string const&) + 0x7a (0x7fa01094783a in /opt/conda/lib/python3.11/site-packages/torch/lib/libtorch_cpu.so)
frame #5: <unknown function> + 0xd7cbec (0x7fa02030bbec in /opt/conda/lib/python3.11/site-packages/torch/lib/libtorch_python.so)
frame #6: <unknown function> + 0x4ccad4 (0x7fa01fa5bad4 in /opt/conda/lib/python3.11/site-packages/torch/lib/libtorch_python.so)
frame #7: <unknown function> + 0x1f8f36 (0x55676d204f36 in /opt/conda/bin/python3.11)
frame #8: _PyObject_MakeTpCall + 0x29b (0x55676d1e297b in /opt/conda/bin/python3.11)
frame #9: <unknown function> + 0x227038 (0x55676d233038 in /opt/conda/bin/python3.11)
frame #10: _PyEval_EvalFrameDefault + 0x45c7 (0x55676d1f3ec7 in /opt/conda/bin/python3.11)
frame #11: _PyFunction_Vectorcall + 0x17f (0x55676d2147df in /opt/conda/bin/python3.11)
frame #12: _PyEval_EvalFrameDefault + 0x45c7 (0x55676d1f3ec7 in /opt/conda/bin/python3.11)
frame #13: _PyFunction_Vectorcall + 0x17f (0x55676d2147df in /opt/conda/bin/python3.11)
frame #14: _PyObject_FastCallDictTstate + 0x63 (0x55676d1e7573 in /opt/conda/bin/python3.11)
frame #15: _PyObject_Call_Prepend + 0xe9 (0x55676d21c1f9 in /opt/conda/bin/python3.11)
frame #16: <unknown function> + 0x2df369 (0x55676d2eb369 in /opt/conda/bin/python3.11)
frame #17: PyObject_Call + 0xbe (0x55676d21e58e in /opt/conda/bin/python3.11)
frame #18: _PyEval_EvalFrameDefault + 0x45c7 (0x55676d1f3ec7 in /opt/conda/bin/python3.11)
frame #19: _PyFunction_Vectorcall + 0x17f (0x55676d2147df in /opt/conda/bin/python3.11)
frame #20: _PyEval_EvalFrameDefault + 0x45c7 (0x55676d1f3ec7 in /opt/conda/bin/python3.11)
frame #21: <unknown function> + 0x29ac5d (0x55676d2a6c5d in /opt/conda/bin/python3.11)
frame #22: PyEval_EvalCode + 0x9f (0x55676d2a639f in /opt/conda/bin/python3.11)
frame #23: <unknown function> + 0x2b831a (0x55676d2c431a in /opt/conda/bin/python3.11)
frame #24: <unknown function> + 0x2b3f93 (0x55676d2bff93 in /opt/conda/bin/python3.11)
frame #25: <unknown function> + 0x2c9540 (0x55676d2d5540 in /opt/conda/bin/python3.11)
frame #26: _PyRun_SimpleFileObject + 0x1bc (0x55676d2d4ecc in /opt/conda/bin/python3.11)
frame #27: _PyRun_AnyFileObject + 0x44 (0x55676d2d4c64 in /opt/conda/bin/python3.11)
frame #28: Py_RunMain + 0x383 (0x55676d2cf233 in /opt/conda/bin/python3.11)
frame #29: Py_BytesMain + 0x37 (0x55676d296617 in /opt/conda/bin/python3.11)
frame #30: <unknown function> + 0x29d90 (0x7fa021a13d90 in /usr/lib/x86_64-linux-gnu/libc.so.6)
frame #31: __libc_start_main + 0x80 (0x7fa021a13e40 in /usr/lib/x86_64-linux-gnu/libc.so.6)
frame #32: <unknown function> + 0x28a4ca (0x55676d2964ca in /opt/conda/bin/python3.11)

W0127 09:22:30.849000 41961 site-packages/torch/distributed/elastic/rendezvous/dynamic_rendezvous.py:1282] The node 's8_41961_0' has failed to shutdown the rendezvous 'Llama-3.3-70B-Instruct-512-64-2-8-1' due to an error of type RendezvousConnectionError.
[W127 09:22:30.716901626 TCPStore.cpp:122] [c10d] sendBytes failed on SocketImpl(fd=3, addr=[s8]:33860, remote=[s7]:29507): Broken pipe
Exception raised from sendBytes at ../torch/csrc/distributed/c10d/Utils.hpp:645 (most recent call first):
frame #0: c10::Error::Error(c10::SourceLocation, std::string) + 0x96 (0x7fa020d6c446 in /opt/conda/lib/python3.11/site-packages/torch/lib/libc10.so)
frame #1: <unknown function> + 0x5fecb29 (0x7fa010948b29 in /opt/conda/lib/python3.11/site-packages/torch/lib/libtorch_cpu.so)
frame #2: c10d::TCPStore::doWait(c10::ArrayRef<std::string>, std::chrono::duration<long, std::ratio<1l, 1000l> >) + 0x27e (0x7fa01094656e in /opt/conda/lib/python3.11/site-packages/torch/lib/libtorch_cpu.so)
frame #3: c10d::TCPStore::doGet(std::string const&) + 0x2a (0x7fa0109469ca in /opt/conda/lib/python3.11/site-packages/torch/lib/libtorch_cpu.so)
frame #4: c10d::TCPStore::get(std::string const&) + 0x7a (0x7fa01094783a in /opt/conda/lib/python3.11/site-packages/torch/lib/libtorch_cpu.so)
frame #5: <unknown function> + 0xd7cbec (0x7fa02030bbec in /opt/conda/lib/python3.11/site-packages/torch/lib/libtorch_python.so)
frame #6: <unknown function> + 0x4ccad4 (0x7fa01fa5bad4 in /opt/conda/lib/python3.11/site-packages/torch/lib/libtorch_python.so)
frame #7: <unknown function> + 0x1f8f36 (0x55676d204f36 in /opt/conda/bin/python3.11)
frame #8: _PyObject_MakeTpCall + 0x29b (0x55676d1e297b in /opt/conda/bin/python3.11)
frame #9: <unknown function> + 0x227038 (0x55676d233038 in /opt/conda/bin/python3.11)
frame #10: _PyEval_EvalFrameDefault + 0x45c7 (0x55676d1f3ec7 in /opt/conda/bin/python3.11)
frame #11: _PyFunction_Vectorcall + 0x17f (0x55676d2147df in /opt/conda/bin/python3.11)
frame #12: _PyObject_FastCallDictTstate + 0x63 (0x55676d1e7573 in /opt/conda/bin/python3.11)
frame #13: _PyObject_Call_Prepend + 0xe9 (0x55676d21c1f9 in /opt/conda/bin/python3.11)
frame #14: <unknown function> + 0x2df369 (0x55676d2eb369 in /opt/conda/bin/python3.11)
frame #15: PyObject_Call + 0xbe (0x55676d21e58e in /opt/conda/bin/python3.11)
frame #16: _PyEval_EvalFrameDefault + 0x45c7 (0x55676d1f3ec7 in /opt/conda/bin/python3.11)
frame #17: _PyFunction_Vectorcall + 0x17f (0x55676d2147df in /opt/conda/bin/python3.11)
frame #18: _PyEval_EvalFrameDefault + 0x45c7 (0x55676d1f3ec7 in /opt/conda/bin/python3.11)
frame #19: <unknown function> + 0x29ac5d (0x55676d2a6c5d in /opt/conda/bin/python3.11)
frame #20: PyEval_EvalCode + 0x9f (0x55676d2a639f in /opt/conda/bin/python3.11)
frame #21: <unknown function> + 0x2b831a (0x55676d2c431a in /opt/conda/bin/python3.11)
frame #22: <unknown function> + 0x2b3f93 (0x55676d2bff93 in /opt/conda/bin/python3.11)
frame #23: <unknown function> + 0x2c9540 (0x55676d2d5540 in /opt/conda/bin/python3.11)
frame #24: _PyRun_SimpleFileObject + 0x1bc (0x55676d2d4ecc in /opt/conda/bin/python3.11)
frame #25: _PyRun_AnyFileObject + 0x44 (0x55676d2d4c64 in /opt/conda/bin/python3.11)
frame #26: Py_RunMain + 0x383 (0x55676d2cf233 in /opt/conda/bin/python3.11)
frame #27: Py_BytesMain + 0x37 (0x55676d296617 in /opt/conda/bin/python3.11)
frame #28: <unknown function> + 0x29d90 (0x7fa021a13d90 in /usr/lib/x86_64-linux-gnu/libc.so.6)
frame #29: __libc_start_main + 0x80 (0x7fa021a13e40 in /usr/lib/x86_64-linux-gnu/libc.so.6)
frame #30: <unknown function> + 0x28a4ca (0x55676d2964ca in /opt/conda/bin/python3.11)

W0127 09:22:30.853000 41961 site-packages/torch/distributed/elastic/rendezvous/dynamic_rendezvous.py:1282] The node 's8_41961_0' has failed to shutdown the rendezvous 'Llama-3.3-70B-Instruct-512-64-2-8-1' due to an error of type RendezvousConnectionError.
Traceback (most recent call last):
  File "/opt/conda/bin/torchrun", line 8, in <module>
    sys.exit(main())
             ^^^^^^
  File "/opt/conda/lib/python3.11/site-packages/torch/distributed/elastic/multiprocessing/errors/__init__.py", line 355, in wrapper
    return f(*args, **kwargs)
           ^^^^^^^^^^^^^^^^^^
  File "/opt/conda/lib/python3.11/site-packages/torch/distributed/run.py", line 919, in main
    run(args)
  File "/opt/conda/lib/python3.11/site-packages/torch/distributed/run.py", line 910, in run
    elastic_launch(
  File "/opt/conda/lib/python3.11/site-packages/torch/distributed/launcher/api.py", line 138, in __call__
    return launch_agent(self._config, self._entrypoint, list(args))
           ^^^^^^^^^^^^^^^^^^^^^^^^^^^^^^^^^^^^^^^^^^^^^^^^^^^^^^^^
  File "/opt/conda/lib/python3.11/site-packages/torch/distributed/launcher/api.py", line 269, in launch_agent
    raise ChildFailedError(
torch.distributed.elastic.multiprocessing.errors.ChildFailedError: 
============================================================
pp_train_llama_70b.py FAILED
------------------------------------------------------------
Failures:
  <NO_OTHER_FAILURES>
------------------------------------------------------------
Root Cause (first observed failure):
[0]:
  time      : 2026-01-27_09:22:29
  host      : s8
  rank      : 8 (local_rank: 0)
  exitcode  : 10 (pid: 42038)
  error_file: <N/A>
  traceback : To enable traceback see: https://pytorch.org/docs/stable/elastic/errors.html
============================================================
=================================================
RUN_ID            : Llama-3.3-70B-Instruct-1024-128-2-8-1
Mode              : profile
Batch/Micro       : 1024 / 128
PP/TP/DP          : 2 / 8 / 1
RDZV              : 192.168.100.107:29508
=================================================
Waiting for master rendezvous...
Still waiting...
W0127 09:22:43.241000 48587 site-packages/torch/distributed/run.py:793] 
W0127 09:22:43.241000 48587 site-packages/torch/distributed/run.py:793] *****************************************
W0127 09:22:43.241000 48587 site-packages/torch/distributed/run.py:793] Setting OMP_NUM_THREADS environment variable for each process to be 1 in default, to avoid your system being overloaded, please further tune the variable for optimal performance in your application as needed. 
W0127 09:22:43.241000 48587 site-packages/torch/distributed/run.py:793] *****************************************
[2026-01-27 09:22:46]  rank:10, world_size:16, init_method:tcp://192.168.100.107:29508
[2026-01-27 09:22:46]  rank:15, world_size:16, init_method:tcp://192.168.100.107:29508
[2026-01-27 09:22:46]  rank:12, world_size:16, init_method:tcp://192.168.100.107:29508
[2026-01-27 09:22:46]  rank:9, world_size:16, init_method:tcp://192.168.100.107:29508
[2026-01-27 09:22:46]  rank:11, world_size:16, init_method:tcp://192.168.100.107:29508
[2026-01-27 09:22:46]  rank:14, world_size:16, init_method:tcp://192.168.100.107:29508
[2026-01-27 09:22:46]  rank:8, world_size:16, init_method:tcp://192.168.100.107:29508
[2026-01-27 09:22:47]  rank:13, world_size:16, init_method:tcp://192.168.100.107:29508
[2026-01-27 09:22:50] [rank:8] torch=2.5.0+cu124, transformers=4.46.2 ✓
[2026-01-27 09:22:50] [rank:10] torch=2.5.0+cu124, transformers=4.46.2 ✓[2026-01-27 09:22:50] [rank:9] torch=2.5.0+cu124, transformers=4.46.2 ✓

[2026-01-27 09:22:50] [rank:13] torch=2.5.0+cu124, transformers=4.46.2 ✓
[2026-01-27 09:22:50] [rank:15] torch=2.5.0+cu124, transformers=4.46.2 ✓
[2026-01-27 09:22:50] [rank:14] torch=2.5.0+cu124, transformers=4.46.2 ✓
[2026-01-27 09:22:50] [rank:12] torch=2.5.0+cu124, transformers=4.46.2 ✓
[2026-01-27 09:22:50] [rank:11] torch=2.5.0+cu124, transformers=4.46.2 ✓
[2026-01-27 09:22:50] ===> Model loading...
[2026-01-27 09:22:50] > Model: meta-llama/Llama-3.3-70B-Instruct (70B architecture)
[2026-01-27 09:22:50] > Config: hidden_size=8192, intermediate_size=28672, num_attention_heads=64, num_key_value_heads=8
[2026-01-27 09:22:50] > Using 8 layers (full model: 80 layers)
[2026-01-27 09:22:50] > Tokenizer vocab_size: 128000, Using: 128256
[2026-01-27 09:22:50] [local_rank:7] Waiting for rank 0...
[2026-01-27 09:22:50] [local_rank:2] Waiting for rank 0...
[2026-01-27 09:22:50] [local_rank:4] Waiting for rank 0...
[2026-01-27 09:22:50] [local_rank:3] Waiting for rank 0...
[2026-01-27 09:22:50] [local_rank:6] Waiting for rank 0...
[2026-01-27 09:22:50] [local_rank:1] Waiting for rank 0...
[2026-01-27 09:22:50] [local_rank:5] Waiting for rank 0...
[2026-01-27 09:24:17] > [PROFILE MODE] 8-layer Llama 70B model
[2026-01-27 09:24:17] > Total parameters: 8,946,589,696
[2026-01-27 09:24:17] > PP=2, TP=8, DP=1
[2026-01-27 09:24:17] > GBS=1024, MBS=128, #MB=8
[2026-01-27 09:24:17] [rank:8] Available GPUs per server: 8
[2026-01-27 09:24:17] [rank:8] GPU mode is used.
[2026-01-27 09:24:17] [rank:8] Communication already initialized
[2026-01-27 09:24:17] [rank:8] before init_device_mesh
[2026-01-27 09:24:17] [rank:8] after init_device_mesh
[2026-01-27 09:24:17] [rank:8] pp group:DeviceMesh('cuda', [0, 8], mesh_dim_names=('pp',))
[2026-01-27 09:24:17] [rank:8] tp group:DeviceMesh('cuda', [8, 9, 10, 11, 12, 13, 14, 15], mesh_dim_names=('tp',))
[2026-01-27 09:24:17] [rank:8] dp group:DeviceMesh('cuda', [8], mesh_dim_names=('dp',))
[2026-01-27 09:24:17] [rank:8] Using GPU ... cuda:0
[2026-01-27 09:24:17] [rank:8] model class name: LlamaForCausalLM
[2026-01-27 09:24:17] [rank:8] split method: llama-tp-split
 ### Rank:8, name:submod_1, move submod_1 to cuda:0
[2026-01-27 09:24:20] [rank:8] clean_module_memory
[2026-01-27 09:24:20] [rank:8] PARALLEL MODE PROCESSING
[2026-01-27 09:24:24] [local_rank:7] Rank 0 finished
[2026-01-27 09:24:24] [local_rank:7] Waiting for rank 1...
[2026-01-27 09:24:24] [local_rank:3] Rank 0 finished
[2026-01-27 09:24:24] [local_rank:2] Rank 0 finished[2026-01-27 09:24:24] [local_rank:6] Rank 0 finished[2026-01-27 09:24:24] [local_rank:1] Rank 0 finished


[2026-01-27 09:24:24] [local_rank:3] Waiting for rank 1...
[2026-01-27 09:24:24] [local_rank:2] Waiting for rank 1...
[2026-01-27 09:24:24] [local_rank:6] Waiting for rank 1...
[2026-01-27 09:24:24] [local_rank:5] Rank 0 finished
[2026-01-27 09:24:24] [local_rank:5] Waiting for rank 1...
[2026-01-27 09:24:24] [local_rank:4] Rank 0 finished
[2026-01-27 09:24:24] [local_rank:4] Waiting for rank 1...
[2026-01-27 09:25:43] [rank:9] GPU mode is used.
[2026-01-27 09:25:43] [rank:9] Communication already initialized
[2026-01-27 09:25:43] [rank:9] before init_device_mesh
[2026-01-27 09:25:43] [rank:9] after init_device_mesh
[2026-01-27 09:25:43] [rank:9] pp group:DeviceMesh('cuda', [1, 9], mesh_dim_names=('pp',))
[2026-01-27 09:25:43] [rank:9] tp group:DeviceMesh('cuda', [8, 9, 10, 11, 12, 13, 14, 15], mesh_dim_names=('tp',))
[2026-01-27 09:25:43] [rank:9] dp group:DeviceMesh('cuda', [9], mesh_dim_names=('dp',))
[2026-01-27 09:25:43] [rank:9] Using GPU ... cuda:1
[2026-01-27 09:25:43] [rank:9] model class name: LlamaForCausalLM
[2026-01-27 09:25:43] [rank:9] split method: llama-tp-split
 ### Rank:9, name:submod_1, move submod_1 to cuda:1
[2026-01-27 09:25:45] [rank:9] clean_module_memory
[2026-01-27 09:25:45] [rank:9] PARALLEL MODE PROCESSING
[2026-01-27 09:26:02] [local_rank:6] Rank 1 finished
[2026-01-27 09:26:02] [local_rank:7] Rank 1 finished[2026-01-27 09:26:02] [local_rank:6] Waiting for rank 2...

[2026-01-27 09:26:02] [local_rank:2] Rank 1 finished[2026-01-27 09:26:02] [local_rank:7] Waiting for rank 2...

[2026-01-27 09:26:02] [local_rank:4] Rank 1 finished
[2026-01-27 09:26:02] [local_rank:3] Rank 1 finished
[2026-01-27 09:26:02] [local_rank:4] Waiting for rank 2...
[2026-01-27 09:26:02] [local_rank:3] Waiting for rank 2...
[2026-01-27 09:26:02] [local_rank:5] Rank 1 finished
[2026-01-27 09:26:02] [local_rank:5] Waiting for rank 2...
[2026-01-27 09:27:20] [rank:10] GPU mode is used.
[2026-01-27 09:27:20] [rank:10] Communication already initialized
[2026-01-27 09:27:20] [rank:10] before init_device_mesh
[2026-01-27 09:27:20] [rank:10] after init_device_mesh
[2026-01-27 09:27:20] [rank:10] pp group:DeviceMesh('cuda', [2, 10], mesh_dim_names=('pp',))
[2026-01-27 09:27:20] [rank:10] tp group:DeviceMesh('cuda', [8, 9, 10, 11, 12, 13, 14, 15], mesh_dim_names=('tp',))
[2026-01-27 09:27:20] [rank:10] dp group:DeviceMesh('cuda', [10], mesh_dim_names=('dp',))
[2026-01-27 09:27:20] [rank:10] Using GPU ... cuda:2
[2026-01-27 09:27:20] [rank:10] model class name: LlamaForCausalLM
[2026-01-27 09:27:20] [rank:10] split method: llama-tp-split
 ### Rank:10, name:submod_1, move submod_1 to cuda:2
[2026-01-27 09:27:23] [rank:10] clean_module_memory
[2026-01-27 09:27:23] [rank:10] PARALLEL MODE PROCESSING
[2026-01-27 09:27:40] [local_rank:4] Rank 2 finished
[2026-01-27 09:27:40] [local_rank:4] Waiting for rank 3...
[2026-01-27 09:27:40] [local_rank:6] Rank 2 finished
[2026-01-27 09:27:40] [local_rank:6] Waiting for rank 3...
[2026-01-27 09:27:40] [local_rank:5] Rank 2 finished
[2026-01-27 09:27:40] [local_rank:5] Waiting for rank 3...
[2026-01-27 09:27:40] [local_rank:3] Rank 2 finished
[2026-01-27 09:27:40] [local_rank:7] Rank 2 finished
[2026-01-27 09:27:40] [local_rank:7] Waiting for rank 3...
[2026-01-27 09:29:08] [rank:11] GPU mode is used.
[2026-01-27 09:29:08] [rank:11] Communication already initialized
[2026-01-27 09:29:08] [rank:11] before init_device_mesh
[2026-01-27 09:29:08] [rank:11] after init_device_mesh
[2026-01-27 09:29:08] [rank:11] pp group:DeviceMesh('cuda', [3, 11], mesh_dim_names=('pp',))
[2026-01-27 09:29:08] [rank:11] tp group:DeviceMesh('cuda', [8, 9, 10, 11, 12, 13, 14, 15], mesh_dim_names=('tp',))
[2026-01-27 09:29:08] [rank:11] dp group:DeviceMesh('cuda', [11], mesh_dim_names=('dp',))
[2026-01-27 09:29:08] [rank:11] Using GPU ... cuda:3
[2026-01-27 09:29:08] [rank:11] model class name: LlamaForCausalLM
[2026-01-27 09:29:08] [rank:11] split method: llama-tp-split
 ### Rank:11, name:submod_1, move submod_1 to cuda:3
[2026-01-27 09:29:11] [rank:11] clean_module_memory
[2026-01-27 09:29:11] [rank:11] PARALLEL MODE PROCESSING
[2026-01-27 09:29:23] [local_rank:7] Rank 3 finished
[2026-01-27 09:29:23] [local_rank:7] Waiting for rank 4...
[2026-01-27 09:29:23] [local_rank:4] Rank 3 finished
[2026-01-27 09:29:23] [local_rank:6] Rank 3 finished
[2026-01-27 09:29:23] [local_rank:6] Waiting for rank 4...
[2026-01-27 09:29:23] [local_rank:5] Rank 3 finished
[2026-01-27 09:29:23] [local_rank:5] Waiting for rank 4...
[2026-01-27 09:30:40] [rank:12] GPU mode is used.
[2026-01-27 09:30:40] [rank:12] Communication already initialized
[2026-01-27 09:30:40] [rank:12] before init_device_mesh
[2026-01-27 09:30:40] [rank:12] after init_device_mesh
[2026-01-27 09:30:40] [rank:12] pp group:DeviceMesh('cuda', [4, 12], mesh_dim_names=('pp',))
[2026-01-27 09:30:40] [rank:12] tp group:DeviceMesh('cuda', [8, 9, 10, 11, 12, 13, 14, 15], mesh_dim_names=('tp',))
[2026-01-27 09:30:40] [rank:12] dp group:DeviceMesh('cuda', [12], mesh_dim_names=('dp',))
[2026-01-27 09:30:41] [rank:12] Using GPU ... cuda:4
[2026-01-27 09:30:41] [rank:12] model class name: LlamaForCausalLM
[2026-01-27 09:30:41] [rank:12] split method: llama-tp-split
 ### Rank:12, name:submod_1, move submod_1 to cuda:4
[2026-01-27 09:30:43] [rank:12] clean_module_memory
[2026-01-27 09:30:43] [rank:12] PARALLEL MODE PROCESSING
[2026-01-27 09:31:04] [local_rank:5] Rank 4 finished
[2026-01-27 09:31:04] [local_rank:7] Rank 4 finished
[2026-01-27 09:31:04] [local_rank:6] Rank 4 finished
[2026-01-27 09:31:04] [local_rank:7] Waiting for rank 5...
[2026-01-27 09:31:04] [local_rank:6] Waiting for rank 5...
[2026-01-27 09:32:34] [rank:13] GPU mode is used.
[2026-01-27 09:32:34] [rank:13] Communication already initialized
[2026-01-27 09:32:34] [rank:13] before init_device_mesh
[2026-01-27 09:32:34] [rank:13] after init_device_mesh
[2026-01-27 09:32:34] [rank:13] pp group:DeviceMesh('cuda', [5, 13], mesh_dim_names=('pp',))
[2026-01-27 09:32:34] [rank:13] tp group:DeviceMesh('cuda', [8, 9, 10, 11, 12, 13, 14, 15], mesh_dim_names=('tp',))
[2026-01-27 09:32:34] [rank:13] dp group:DeviceMesh('cuda', [13], mesh_dim_names=('dp',))
[2026-01-27 09:32:34] [rank:13] Using GPU ... cuda:5
[2026-01-27 09:32:34] [rank:13] model class name: LlamaForCausalLM
[2026-01-27 09:32:34] [rank:13] split method: llama-tp-split
 ### Rank:13, name:submod_1, move submod_1 to cuda:5
[2026-01-27 09:32:38] [rank:13] clean_module_memory
[2026-01-27 09:32:38] [rank:13] PARALLEL MODE PROCESSING
[2026-01-27 09:32:46] [local_rank:7] Rank 5 finished
[2026-01-27 09:32:46] [local_rank:7] Waiting for rank 6...
[2026-01-27 09:32:46] [local_rank:6] Rank 5 finished
[2026-01-27 09:34:02] [rank:14] GPU mode is used.
[2026-01-27 09:34:02] [rank:14] Communication already initialized
[2026-01-27 09:34:02] [rank:14] before init_device_mesh
[2026-01-27 09:34:02] [rank:14] after init_device_mesh
[2026-01-27 09:34:02] [rank:14] pp group:DeviceMesh('cuda', [6, 14], mesh_dim_names=('pp',))
[2026-01-27 09:34:02] [rank:14] tp group:DeviceMesh('cuda', [8, 9, 10, 11, 12, 13, 14, 15], mesh_dim_names=('tp',))
[2026-01-27 09:34:02] [rank:14] dp group:DeviceMesh('cuda', [14], mesh_dim_names=('dp',))
[2026-01-27 09:34:02] [rank:14] Using GPU ... cuda:6
[2026-01-27 09:34:02] [rank:14] model class name: LlamaForCausalLM
[2026-01-27 09:34:02] [rank:14] split method: llama-tp-split
 ### Rank:14, name:submod_1, move submod_1 to cuda:6
[2026-01-27 09:34:04] [rank:14] clean_module_memory
[2026-01-27 09:34:04] [rank:14] PARALLEL MODE PROCESSING
[2026-01-27 09:34:27] [local_rank:7] Rank 6 finished
[2026-01-27 09:35:46] [rank:15] GPU mode is used.
[2026-01-27 09:35:46] [rank:15] Communication already initialized
[2026-01-27 09:35:46] [rank:15] before init_device_mesh
[2026-01-27 09:35:46] [rank:15] after init_device_mesh
[2026-01-27 09:35:46] [rank:15] pp group:DeviceMesh('cuda', [7, 15], mesh_dim_names=('pp',))
[2026-01-27 09:35:46] [rank:15] tp group:DeviceMesh('cuda', [8, 9, 10, 11, 12, 13, 14, 15], mesh_dim_names=('tp',))
[2026-01-27 09:35:46] [rank:15] dp group:DeviceMesh('cuda', [15], mesh_dim_names=('dp',))
[2026-01-27 09:35:46] [rank:15] Using GPU ... cuda:7
[2026-01-27 09:35:46] [rank:15] model class name: LlamaForCausalLM
[2026-01-27 09:35:46] [rank:15] split method: llama-tp-split
 ### Rank:15, name:submod_1, move submod_1 to cuda:7
[2026-01-27 09:35:48] [rank:15] clean_module_memory
[2026-01-27 09:35:48] [rank:15] PARALLEL MODE PROCESSING
 >> rank:15 -----------------------------------------------
rank: 15, #### last layer id:7
 >> rank:15 -----------------------------------------------
 >> rank:11 -----------------------------------------------
rank: 11, #### last layer id:7
>>>> self.tpl.tp_mesh.size(): 8 >> rank:11 -----------------------------------------------

>>>> self.tpl.tp_mesh.size(): 8>model_layers_5_self_attn_q_proj ==> node.args[3]:64

 >> rank:13 -----------------------------------------------
rank: 13, #### last layer id:7
 >> rank:13 -----------------------------------------------
>model_layers_5_self_attn_q_proj ==> node.args[3]:64
> >model_layers_5_self_attn_q_proj ==> node.args[3]:8
>>model_layers_5_self_attn_k_proj ===> node.args[3]:8
>>>> self.tpl.tp_mesh.size(): 8>> >> model_layers_5_self_attn_k_proj ===> node.args[3]:1> >model_layers_5_self_attn_q_proj ==> node.args[3]:8 >> rank:9 -----------------------------------------------



>>>model_layers_5_self_attn_v_proj ===> node.args[3]:8rank: 9, #### last layer id:7
>>model_layers_5_self_attn_k_proj ===> node.args[3]:8

 >> rank:9 -----------------------------------------------
>>> >>>model_layers_5_self_attn_v_proj ===> node.args[3]:1
>> >> model_layers_5_self_attn_k_proj ===> node.args[3]:1
>>>model_layers_5_self_attn_v_proj ===> node.args[3]:8
>>>> self.tpl.tp_mesh.size(): 8
>model_layers_6_self_attn_q_proj ==> node.args[3]:64
>>> >>>model_layers_5_self_attn_v_proj ===> node.args[3]:1>model_layers_5_self_attn_q_proj ==> node.args[3]:64

> >model_layers_6_self_attn_q_proj ==> node.args[3]:8
>model_layers_6_self_attn_q_proj ==> node.args[3]:64
>>model_layers_6_self_attn_k_proj ===> node.args[3]:8
>model_layers_5_self_attn_q_proj ==> node.args[3]:64
> >model_layers_6_self_attn_q_proj ==> node.args[3]:8
>>model_layers_6_self_attn_k_proj ===> node.args[3]:8
>> >> model_layers_6_self_attn_k_proj ===> node.args[3]:1
>>>model_layers_6_self_attn_v_proj ===> node.args[3]:8
>> >> model_layers_6_self_attn_k_proj ===> node.args[3]:1
>>>model_layers_6_self_attn_v_proj ===> node.args[3]:8
>>> >>>model_layers_6_self_attn_v_proj ===> node.args[3]:1 >> rank:12 -----------------------------------------------

>>> >>>model_layers_6_self_attn_v_proj ===> node.args[3]:1
rank: 12, #### last layer id:7
 >> rank:12 -----------------------------------------------
> >model_layers_5_self_attn_q_proj ==> node.args[3]:8> >model_layers_5_self_attn_q_proj ==> node.args[3]:8

>>model_layers_5_self_attn_k_proj ===> node.args[3]:8>>>> self.tpl.tp_mesh.size(): 8>>model_layers_5_self_attn_k_proj ===> node.args[3]:8>model_layers_7_self_attn_q_proj ==> node.args[3]:64>model_layers_7_self_attn_q_proj ==> node.args[3]:64




>> >> model_layers_5_self_attn_k_proj ===> node.args[3]:1> >model_layers_7_self_attn_q_proj ==> node.args[3]:8> >model_layers_7_self_attn_q_proj ==> node.args[3]:8>> >> model_layers_5_self_attn_k_proj ===> node.args[3]:1



>>model_layers_7_self_attn_k_proj ===> node.args[3]:8>>>model_layers_5_self_attn_v_proj ===> node.args[3]:8

>>>model_layers_5_self_attn_v_proj ===> node.args[3]:8>>model_layers_7_self_attn_k_proj ===> node.args[3]:8>model_layers_5_self_attn_q_proj ==> node.args[3]:64


>> >> model_layers_7_self_attn_k_proj ===> node.args[3]:1
>>> >>>model_layers_5_self_attn_v_proj ===> node.args[3]:1
>>>model_layers_7_self_attn_v_proj ===> node.args[3]:8
>> >> model_layers_7_self_attn_k_proj ===> node.args[3]:1>>> >>>model_layers_5_self_attn_v_proj ===> node.args[3]:1

 >> rank:8 ----------------------------------------------->>>model_layers_7_self_attn_v_proj ===> node.args[3]:8
>>> >>>model_layers_7_self_attn_v_proj ===> node.args[3]:1

rank: 8, #### last layer id:7
>>> >>>model_layers_7_self_attn_v_proj ===> node.args[3]:1>model_layers_6_self_attn_q_proj ==> node.args[3]:64 >> rank:8 -----------------------------------------------


>model_layers_6_self_attn_q_proj ==> node.args[3]:64> >model_layers_5_self_attn_q_proj ==> node.args[3]:8

> >model_layers_6_self_attn_q_proj ==> node.args[3]:8
>>model_layers_5_self_attn_k_proj ===> node.args[3]:8
>>model_layers_6_self_attn_k_proj ===> node.args[3]:8
> >model_layers_6_self_attn_q_proj ==> node.args[3]:8
>>model_layers_6_self_attn_k_proj ===> node.args[3]:8
>> >> model_layers_6_self_attn_k_proj ===> node.args[3]:1
>> >> model_layers_5_self_attn_k_proj ===> node.args[3]:1
>>>model_layers_6_self_attn_v_proj ===> node.args[3]:8
>> >> model_layers_6_self_attn_k_proj ===> node.args[3]:1>>>model_layers_5_self_attn_v_proj ===> node.args[3]:8

>>> >>>model_layers_6_self_attn_v_proj ===> node.args[3]:1>>>model_layers_6_self_attn_v_proj ===> node.args[3]:8
>>>> self.tpl.tp_mesh.size(): 8

>>> >>>model_layers_5_self_attn_v_proj ===> node.args[3]:1
>>> >>>model_layers_6_self_attn_v_proj ===> node.args[3]:1
>model_layers_7_self_attn_q_proj ==> node.args[3]:64 >> rank:14 ----------------------------------------------->model_layers_6_self_attn_q_proj ==> node.args[3]:64


 >> rank:10 ----------------------------------------------->model_layers_7_self_attn_q_proj ==> node.args[3]:64
rank: 14, #### last layer id:7

 >> rank:14 -----------------------------------------------rank: 10, #### last layer id:7

> >model_layers_7_self_attn_q_proj ==> node.args[3]:8> >model_layers_6_self_attn_q_proj ==> node.args[3]:8 >> rank:10 -----------------------------------------------> >model_layers_7_self_attn_q_proj ==> node.args[3]:8



>model_layers_5_self_attn_q_proj ==> node.args[3]:64>>model_layers_6_self_attn_k_proj ===> node.args[3]:8
>>model_layers_7_self_attn_k_proj ===> node.args[3]:8>>>> self.tpl.tp_mesh.size(): 8
>>model_layers_7_self_attn_k_proj ===> node.args[3]:8


>> >> model_layers_6_self_attn_k_proj ===> node.args[3]:1
>> >> model_layers_7_self_attn_k_proj ===> node.args[3]:1>>>> self.tpl.tp_mesh.size(): 8>> >> model_layers_7_self_attn_k_proj ===> node.args[3]:1>>>model_layers_6_self_attn_v_proj ===> node.args[3]:8



>>>model_layers_7_self_attn_v_proj ===> node.args[3]:8>>>model_layers_7_self_attn_v_proj ===> node.args[3]:8

>>> >>>model_layers_6_self_attn_v_proj ===> node.args[3]:1
>>> >>>model_layers_7_self_attn_v_proj ===> node.args[3]:1>>> >>>model_layers_7_self_attn_v_proj ===> node.args[3]:1

>model_layers_5_self_attn_q_proj ==> node.args[3]:64
>model_layers_7_self_attn_q_proj ==> node.args[3]:64>model_layers_5_self_attn_q_proj ==> node.args[3]:64

> >model_layers_7_self_attn_q_proj ==> node.args[3]:8
> >model_layers_5_self_attn_q_proj ==> node.args[3]:8> >model_layers_5_self_attn_q_proj ==> node.args[3]:8

>>model_layers_7_self_attn_k_proj ===> node.args[3]:8
>>model_layers_5_self_attn_k_proj ===> node.args[3]:8>>model_layers_5_self_attn_k_proj ===> node.args[3]:8

>> >> model_layers_7_self_attn_k_proj ===> node.args[3]:1
>>>model_layers_7_self_attn_v_proj ===> node.args[3]:8
>> >> model_layers_5_self_attn_k_proj ===> node.args[3]:1
>> >> model_layers_5_self_attn_k_proj ===> node.args[3]:1> >model_layers_5_self_attn_q_proj ==> node.args[3]:8
>>>model_layers_5_self_attn_v_proj ===> node.args[3]:8

>>> >>>model_layers_7_self_attn_v_proj ===> node.args[3]:1
>>model_layers_5_self_attn_k_proj ===> node.args[3]:8>>>model_layers_5_self_attn_v_proj ===> node.args[3]:8

>>> >>>model_layers_5_self_attn_v_proj ===> node.args[3]:1
>>> >>>model_layers_5_self_attn_v_proj ===> node.args[3]:1
>> >> model_layers_5_self_attn_k_proj ===> node.args[3]:1
>>>model_layers_5_self_attn_v_proj ===> node.args[3]:8
>model_layers_6_self_attn_q_proj ==> node.args[3]:64
>>> >>>model_layers_5_self_attn_v_proj ===> node.args[3]:1
> >model_layers_6_self_attn_q_proj ==> node.args[3]:8
>>model_layers_6_self_attn_k_proj ===> node.args[3]:8
>model_layers_6_self_attn_q_proj ==> node.args[3]:64
>> >> model_layers_6_self_attn_k_proj ===> node.args[3]:1>model_layers_6_self_attn_q_proj ==> node.args[3]:64

> >model_layers_6_self_attn_q_proj ==> node.args[3]:8
>>>model_layers_6_self_attn_v_proj ===> node.args[3]:8
>>model_layers_6_self_attn_k_proj ===> node.args[3]:8
> >model_layers_6_self_attn_q_proj ==> node.args[3]:8>>> >>>model_layers_6_self_attn_v_proj ===> node.args[3]:1

>> >> model_layers_6_self_attn_k_proj ===> node.args[3]:1>>model_layers_6_self_attn_k_proj ===> node.args[3]:8

>>>model_layers_6_self_attn_v_proj ===> node.args[3]:8
>> >> model_layers_6_self_attn_k_proj ===> node.args[3]:1
>>> >>>model_layers_6_self_attn_v_proj ===> node.args[3]:1>>>model_layers_6_self_attn_v_proj ===> node.args[3]:8>model_layers_7_self_attn_q_proj ==> node.args[3]:64


>>> >>>model_layers_6_self_attn_v_proj ===> node.args[3]:1
> >model_layers_7_self_attn_q_proj ==> node.args[3]:8
>>model_layers_7_self_attn_k_proj ===> node.args[3]:8
>model_layers_7_self_attn_q_proj ==> node.args[3]:64>> >> model_layers_7_self_attn_k_proj ===> node.args[3]:1

>model_layers_7_self_attn_q_proj ==> node.args[3]:64>>>model_layers_7_self_attn_v_proj ===> node.args[3]:8

> >model_layers_7_self_attn_q_proj ==> node.args[3]:8>>> >>>model_layers_7_self_attn_v_proj ===> node.args[3]:1

> >model_layers_7_self_attn_q_proj ==> node.args[3]:8>>model_layers_7_self_attn_k_proj ===> node.args[3]:8

>>model_layers_7_self_attn_k_proj ===> node.args[3]:8
>> >> model_layers_7_self_attn_k_proj ===> node.args[3]:1
>> >> model_layers_7_self_attn_k_proj ===> node.args[3]:1>>>model_layers_7_self_attn_v_proj ===> node.args[3]:8

>>>model_layers_7_self_attn_v_proj ===> node.args[3]:8
>>> >>>model_layers_7_self_attn_v_proj ===> node.args[3]:1
>>> >>>model_layers_7_self_attn_v_proj ===> node.args[3]:1
[2026-01-27 09:36:07]  special_nodes | total=1 far=0 max_span=0 dropped_submod_adj=1
[2026-01-27 09:36:07] [rank:15] Optimus_p initialized
Using the latest cached version of the dataset since squad couldn't be found on the Hugging Face Hub (offline mode is enabled).
WARNING:datasets.load:Using the latest cached version of the dataset since squad couldn't be found on the Hugging Face Hub (offline mode is enabled).
Found the latest cached dataset configuration 'plain_text' at /root/.cache/huggingface/datasets/squad/plain_text/0.0.0/7b6d24c440a36b6815f21b70d25016731768db1f (last modified on Wed Nov 12 05:58:19 2025).
WARNING:datasets.packaged_modules.cache.cache:Found the latest cached dataset configuration 'plain_text' at /root/.cache/huggingface/datasets/squad/plain_text/0.0.0/7b6d24c440a36b6815f21b70d25016731768db1f (last modified on Wed Nov 12 05:58:19 2025).
[2026-01-27 09:36:07]  special_nodes | total=1 far=0 max_span=0 dropped_submod_adj=1
[2026-01-27 09:36:07] [rank:9] Optimus_p initialized
[2026-01-27 09:36:07]  special_nodes | total=1 far=0 max_span=0 dropped_submod_adj=1
[2026-01-27 09:36:07] [rank:14] Optimus_p initialized
[2026-01-27 09:36:07]  special_nodes | total=1 far=0 max_span=0 dropped_submod_adj=1
[2026-01-27 09:36:07] [rank:12] Optimus_p initialized
[2026-01-27 09:36:07]  special_nodes | total=1 far=0 max_span=0 dropped_submod_adj=1
[2026-01-27 09:36:07] [rank:11] Optimus_p initialized
Using the latest cached version of the dataset since squad couldn't be found on the Hugging Face Hub (offline mode is enabled).
WARNING:datasets.load:Using the latest cached version of the dataset since squad couldn't be found on the Hugging Face Hub (offline mode is enabled).
[2026-01-27 09:36:07]  special_nodes | total=1 far=0 max_span=0 dropped_submod_adj=1
[2026-01-27 09:36:07] [rank:10] Optimus_p initialized
Using the latest cached version of the dataset since squad couldn't be found on the Hugging Face Hub (offline mode is enabled).
WARNING:datasets.load:Using the latest cached version of the dataset since squad couldn't be found on the Hugging Face Hub (offline mode is enabled).
Using the latest cached version of the dataset since squad couldn't be found on the Hugging Face Hub (offline mode is enabled).
[2026-01-27 09:36:07]  special_nodes | total=1 far=0 max_span=0 dropped_submod_adj=1
WARNING:datasets.load:Using the latest cached version of the dataset since squad couldn't be found on the Hugging Face Hub (offline mode is enabled).
Found the latest cached dataset configuration 'plain_text' at /root/.cache/huggingface/datasets/squad/plain_text/0.0.0/7b6d24c440a36b6815f21b70d25016731768db1f (last modified on Wed Nov 12 05:58:19 2025).
[2026-01-27 09:36:07] [rank:13] Optimus_p initialized
WARNING:datasets.packaged_modules.cache.cache:Found the latest cached dataset configuration 'plain_text' at /root/.cache/huggingface/datasets/squad/plain_text/0.0.0/7b6d24c440a36b6815f21b70d25016731768db1f (last modified on Wed Nov 12 05:58:19 2025).
Found the latest cached dataset configuration 'plain_text' at /root/.cache/huggingface/datasets/squad/plain_text/0.0.0/7b6d24c440a36b6815f21b70d25016731768db1f (last modified on Wed Nov 12 05:58:19 2025).
WARNING:datasets.packaged_modules.cache.cache:Found the latest cached dataset configuration 'plain_text' at /root/.cache/huggingface/datasets/squad/plain_text/0.0.0/7b6d24c440a36b6815f21b70d25016731768db1f (last modified on Wed Nov 12 05:58:19 2025).
Using the latest cached version of the dataset since squad couldn't be found on the Hugging Face Hub (offline mode is enabled).
WARNING:datasets.load:Using the latest cached version of the dataset since squad couldn't be found on the Hugging Face Hub (offline mode is enabled).
Found the latest cached dataset configuration 'plain_text' at /root/.cache/huggingface/datasets/squad/plain_text/0.0.0/7b6d24c440a36b6815f21b70d25016731768db1f (last modified on Wed Nov 12 05:58:19 2025).
WARNING:datasets.packaged_modules.cache.cache:Found the latest cached dataset configuration 'plain_text' at /root/.cache/huggingface/datasets/squad/plain_text/0.0.0/7b6d24c440a36b6815f21b70d25016731768db1f (last modified on Wed Nov 12 05:58:19 2025).
Using the latest cached version of the dataset since squad couldn't be found on the Hugging Face Hub (offline mode is enabled).
WARNING:datasets.load:Using the latest cached version of the dataset since squad couldn't be found on the Hugging Face Hub (offline mode is enabled).
Found the latest cached dataset configuration 'plain_text' at /root/.cache/huggingface/datasets/squad/plain_text/0.0.0/7b6d24c440a36b6815f21b70d25016731768db1f (last modified on Wed Nov 12 05:58:19 2025).
WARNING:datasets.packaged_modules.cache.cache:Found the latest cached dataset configuration 'plain_text' at /root/.cache/huggingface/datasets/squad/plain_text/0.0.0/7b6d24c440a36b6815f21b70d25016731768db1f (last modified on Wed Nov 12 05:58:19 2025).
[2026-01-27 09:36:07]  special_nodes | total=1 far=0 max_span=0 dropped_submod_adj=1
[2026-01-27 09:36:07] [rank:8] Optimus_p initialized
[2026-01-27 09:36:07] ===> Model loading completed
Using the latest cached version of the dataset since squad couldn't be found on the Hugging Face Hub (offline mode is enabled).
WARNING:datasets.load:Using the latest cached version of the dataset since squad couldn't be found on the Hugging Face Hub (offline mode is enabled).
Found the latest cached dataset configuration 'plain_text' at /root/.cache/huggingface/datasets/squad/plain_text/0.0.0/7b6d24c440a36b6815f21b70d25016731768db1f (last modified on Wed Nov 12 05:58:19 2025).
WARNING:datasets.packaged_modules.cache.cache:Found the latest cached dataset configuration 'plain_text' at /root/.cache/huggingface/datasets/squad/plain_text/0.0.0/7b6d24c440a36b6815f21b70d25016731768db1f (last modified on Wed Nov 12 05:58:19 2025).
Found the latest cached dataset configuration 'plain_text' at /root/.cache/huggingface/datasets/squad/plain_text/0.0.0/7b6d24c440a36b6815f21b70d25016731768db1f (last modified on Wed Nov 12 05:58:19 2025).
WARNING:datasets.packaged_modules.cache.cache:Found the latest cached dataset configuration 'plain_text' at /root/.cache/huggingface/datasets/squad/plain_text/0.0.0/7b6d24c440a36b6815f21b70d25016731768db1f (last modified on Wed Nov 12 05:58:19 2025).
Using the latest cached version of the dataset since squad couldn't be found on the Hugging Face Hub (offline mode is enabled).
WARNING:datasets.load:Using the latest cached version of the dataset since squad couldn't be found on the Hugging Face Hub (offline mode is enabled).
Found the latest cached dataset configuration 'plain_text' at /root/.cache/huggingface/datasets/squad/plain_text/0.0.0/7b6d24c440a36b6815f21b70d25016731768db1f (last modified on Wed Nov 12 05:58:19 2025).
WARNING:datasets.packaged_modules.cache.cache:Found the latest cached dataset configuration 'plain_text' at /root/.cache/huggingface/datasets/squad/plain_text/0.0.0/7b6d24c440a36b6815f21b70d25016731768db1f (last modified on Wed Nov 12 05:58:19 2025).
[2026-01-27 09:36:07] [rank:9] Profile: 10 steps (50 warmup)[2026-01-27 09:36:07] [rank:8] Profile: 10 steps (50 warmup)

[2026-01-27 09:36:07] [rank:14] Profile: 10 steps (50 warmup)
[2026-01-27 09:36:07] [rank:15] Profile: 10 steps (50 warmup)
[2026-01-27 09:36:07] [rank:10] Profile: 10 steps (50 warmup)
[2026-01-27 09:36:07] [rank:11] Profile: 10 steps (50 warmup)
[2026-01-27 09:36:07] [rank:12] Profile: 10 steps (50 warmup)
[2026-01-27 09:36:07] [rank:13] Profile: 10 steps (50 warmup)
###[rank:10], remain[:3177447424], total[:47729344512], cached[:44551897088] ... forcefully free memory
###[rank:12], remain[:3177447424], total[:47729344512], cached[:44551897088] ... forcefully free memory
###[rank:14], remain[:3177447424], total[:47729344512], cached[:44551897088] ... forcefully free memory
###[rank:11], remain[:3177447424], total[:47729344512], cached[:44551897088] ... forcefully free memory
###[rank:15], remain[:3177447424], total[:47729344512], cached[:44551897088] ... forcefully free memory
###[rank:8], remain[:3177447424], total[:47729344512], cached[:44551897088] ... forcefully free memory
###[rank:13], remain[:3177447424], total[:47729344512], cached[:44551897088] ... forcefully free memory
###[rank:9], remain[:3177447424], total[:47729344512], cached[:44551897088] ... forcefully free memory
[2026-01-27 09:36:36]  ERROR: OOM - CUDA out of memory. Tried to allocate 9.11 GiB. GPU 2 has a total capacity of 44.45 GiB of which 2.39 GiB is free. Including non-PyTorch memory, this process has 0 bytes memory in use. Of the allocated memory 40.77 GiB is allocated by PyTorch, and 735.48 MiB is reserved by PyTorch but unallocated. If reserved but unallocated memory is large try setting PYTORCH_CUDA_ALLOC_CONF=expandable_segments:True to avoid fragmentation.  See documentation for Memory Management  (https://pytorch.org/docs/stable/notes/cuda.html#environment-variables)
[2026-01-27 09:36:36]  ERROR: OOM - CUDA out of memory. Tried to allocate 9.11 GiB. GPU 4 has a total capacity of 44.45 GiB of which 2.39 GiB is free. Including non-PyTorch memory, this process has 0 bytes memory in use. Of the allocated memory 40.77 GiB is allocated by PyTorch, and 735.48 MiB is reserved by PyTorch but unallocated. If reserved but unallocated memory is large try setting PYTORCH_CUDA_ALLOC_CONF=expandable_segments:True to avoid fragmentation.  See documentation for Memory Management  (https://pytorch.org/docs/stable/notes/cuda.html#environment-variables)
[2026-01-27 09:36:36]  ERROR: OOM - CUDA out of memory. Tried to allocate 9.11 GiB. GPU 3 has a total capacity of 44.45 GiB of which 2.39 GiB is free. Including non-PyTorch memory, this process has 0 bytes memory in use. Of the allocated memory 40.77 GiB is allocated by PyTorch, and 735.48 MiB is reserved by PyTorch but unallocated. If reserved but unallocated memory is large try setting PYTORCH_CUDA_ALLOC_CONF=expandable_segments:True to avoid fragmentation.  See documentation for Memory Management  (https://pytorch.org/docs/stable/notes/cuda.html#environment-variables)
[2026-01-27 09:36:36]  ERROR: OOM - CUDA out of memory. Tried to allocate 9.11 GiB. GPU 6 has a total capacity of 44.45 GiB of which 2.39 GiB is free. Including non-PyTorch memory, this process has 0 bytes memory in use. Of the allocated memory 40.77 GiB is allocated by PyTorch, and 735.48 MiB is reserved by PyTorch but unallocated. If reserved but unallocated memory is large try setting PYTORCH_CUDA_ALLOC_CONF=expandable_segments:True to avoid fragmentation.  See documentation for Memory Management  (https://pytorch.org/docs/stable/notes/cuda.html#environment-variables)
[2026-01-27 09:36:36]  ERROR: OOM - CUDA out of memory. Tried to allocate 9.11 GiB. GPU 7 has a total capacity of 44.45 GiB of which 2.41 GiB is free. Including non-PyTorch memory, this process has 0 bytes memory in use. Of the allocated memory 40.77 GiB is allocated by PyTorch, and 735.48 MiB is reserved by PyTorch but unallocated. If reserved but unallocated memory is large try setting PYTORCH_CUDA_ALLOC_CONF=expandable_segments:True to avoid fragmentation.  See documentation for Memory Management  (https://pytorch.org/docs/stable/notes/cuda.html#environment-variables)
[2026-01-27 09:36:37]  ERROR: OOM - CUDA out of memory. Tried to allocate 9.11 GiB. GPU 5 has a total capacity of 44.45 GiB of which 2.39 GiB is free. Including non-PyTorch memory, this process has 0 bytes memory in use. Of the allocated memory 40.77 GiB is allocated by PyTorch, and 735.48 MiB is reserved by PyTorch but unallocated. If reserved but unallocated memory is large try setting PYTORCH_CUDA_ALLOC_CONF=expandable_segments:True to avoid fragmentation.  See documentation for Memory Management  (https://pytorch.org/docs/stable/notes/cuda.html#environment-variables)
[2026-01-27 09:36:37]  ERROR: OOM - CUDA out of memory. Tried to allocate 9.11 GiB. GPU 1 has a total capacity of 44.45 GiB of which 2.39 GiB is free. Including non-PyTorch memory, this process has 0 bytes memory in use. Of the allocated memory 40.77 GiB is allocated by PyTorch, and 735.48 MiB is reserved by PyTorch but unallocated. If reserved but unallocated memory is large try setting PYTORCH_CUDA_ALLOC_CONF=expandable_segments:True to avoid fragmentation.  See documentation for Memory Management  (https://pytorch.org/docs/stable/notes/cuda.html#environment-variables)
[2026-01-27 09:36:37]  ERROR: OOM - CUDA out of memory. Tried to allocate 9.11 GiB. GPU 0 has a total capacity of 44.45 GiB of which 2.39 GiB is free. Including non-PyTorch memory, this process has 0 bytes memory in use. Of the allocated memory 40.77 GiB is allocated by PyTorch, and 735.48 MiB is reserved by PyTorch but unallocated. If reserved but unallocated memory is large try setting PYTORCH_CUDA_ALLOC_CONF=expandable_segments:True to avoid fragmentation.  See documentation for Memory Management  (https://pytorch.org/docs/stable/notes/cuda.html#environment-variables)
[rank:10] process group destroyed.
>>> EXIT_CODE: 10, ELAPSED_TIME: None
[rank:12] process group destroyed.
>>> EXIT_CODE: 10, ELAPSED_TIME: None
[rank:14] process group destroyed.
>>> EXIT_CODE: 10, ELAPSED_TIME: None
[rank:11] process group destroyed.
>>> EXIT_CODE: 10, ELAPSED_TIME: None
[rank:15] process group destroyed.
>>> EXIT_CODE: 10, ELAPSED_TIME: None
[rank:13] process group destroyed.
>>> EXIT_CODE: 10, ELAPSED_TIME: None
W0127 09:36:38.084000 48587 site-packages/torch/distributed/elastic/multiprocessing/api.py:897] Sending process 48662 closing signal SIGTERM
W0127 09:36:38.086000 48587 site-packages/torch/distributed/elastic/multiprocessing/api.py:897] Sending process 48663 closing signal SIGTERM
W0127 09:36:38.087000 48587 site-packages/torch/distributed/elastic/multiprocessing/api.py:897] Sending process 48664 closing signal SIGTERM
W0127 09:36:38.087000 48587 site-packages/torch/distributed/elastic/multiprocessing/api.py:897] Sending process 48665 closing signal SIGTERM
W0127 09:36:38.088000 48587 site-packages/torch/distributed/elastic/multiprocessing/api.py:897] Sending process 48666 closing signal SIGTERM
W0127 09:36:38.088000 48587 site-packages/torch/distributed/elastic/multiprocessing/api.py:897] Sending process 48667 closing signal SIGTERM
W0127 09:36:38.089000 48587 site-packages/torch/distributed/elastic/multiprocessing/api.py:897] Sending process 48668 closing signal SIGTERM
W0127 09:36:38.089000 48587 site-packages/torch/distributed/elastic/multiprocessing/api.py:897] Sending process 48669 closing signal SIGTERM
[W127 09:36:39.874119213 TCPStore.cpp:122] [c10d] sendBytes failed on SocketImpl(fd=3, addr=[s8]:47562, remote=[s7]:29508): Broken pipe
Exception raised from sendBytes at ../torch/csrc/distributed/c10d/Utils.hpp:645 (most recent call first):
frame #0: c10::Error::Error(c10::SourceLocation, std::string) + 0x96 (0x7f77e5b6c446 in /opt/conda/lib/python3.11/site-packages/torch/lib/libc10.so)
frame #1: <unknown function> + 0x5fecb29 (0x7f77d5748b29 in /opt/conda/lib/python3.11/site-packages/torch/lib/libtorch_cpu.so)
frame #2: c10d::TCPStore::doWait(c10::ArrayRef<std::string>, std::chrono::duration<long, std::ratio<1l, 1000l> >) + 0x27e (0x7f77d574656e in /opt/conda/lib/python3.11/site-packages/torch/lib/libtorch_cpu.so)
frame #3: c10d::TCPStore::doGet(std::string const&) + 0x2a (0x7f77d57469ca in /opt/conda/lib/python3.11/site-packages/torch/lib/libtorch_cpu.so)
frame #4: c10d::TCPStore::get(std::string const&) + 0x7a (0x7f77d574783a in /opt/conda/lib/python3.11/site-packages/torch/lib/libtorch_cpu.so)
frame #5: <unknown function> + 0xd7cbec (0x7f77e510bbec in /opt/conda/lib/python3.11/site-packages/torch/lib/libtorch_python.so)
frame #6: <unknown function> + 0x4ccad4 (0x7f77e485bad4 in /opt/conda/lib/python3.11/site-packages/torch/lib/libtorch_python.so)
frame #7: <unknown function> + 0x1f8f36 (0x56101fb37f36 in /opt/conda/bin/python3.11)
frame #8: _PyObject_MakeTpCall + 0x29b (0x56101fb1597b in /opt/conda/bin/python3.11)
frame #9: <unknown function> + 0x227038 (0x56101fb66038 in /opt/conda/bin/python3.11)
frame #10: _PyEval_EvalFrameDefault + 0x45c7 (0x56101fb26ec7 in /opt/conda/bin/python3.11)
frame #11: _PyFunction_Vectorcall + 0x17f (0x56101fb477df in /opt/conda/bin/python3.11)
frame #12: _PyEval_EvalFrameDefault + 0x45c7 (0x56101fb26ec7 in /opt/conda/bin/python3.11)
frame #13: _PyFunction_Vectorcall + 0x17f (0x56101fb477df in /opt/conda/bin/python3.11)
frame #14: _PyEval_EvalFrameDefault + 0x45c7 (0x56101fb26ec7 in /opt/conda/bin/python3.11)
frame #15: <unknown function> + 0x2276c2 (0x56101fb666c2 in /opt/conda/bin/python3.11)
frame #16: <unknown function> + 0x226f90 (0x56101fb65f90 in /opt/conda/bin/python3.11)
frame #17: <unknown function> + 0x2f862f (0x56101fc3762f in /opt/conda/bin/python3.11)
frame #18: <unknown function> + 0x2c5954 (0x56101fc04954 in /opt/conda/bin/python3.11)
frame #19: <unknown function> + 0x94ac3 (0x7f77e6884ac3 in /usr/lib/x86_64-linux-gnu/libc.so.6)
frame #20: clone + 0x44 (0x7f77e6915a04 in /usr/lib/x86_64-linux-gnu/libc.so.6)

W0127 09:36:39.016000 48587 site-packages/torch/distributed/elastic/rendezvous/dynamic_rendezvous.py:1331] The node 's8_48587_0' has failed to send a keep-alive heartbeat to the rendezvous 'Llama-3.3-70B-Instruct-1024-128-2-8-1' due to an error of type RendezvousConnectionError.
[W127 09:36:39.251496707 TCPStore.cpp:122] [c10d] sendBytes failed on SocketImpl(fd=3, addr=[s8]:47562, remote=[s7]:29508): Broken pipe
Exception raised from sendBytes at ../torch/csrc/distributed/c10d/Utils.hpp:645 (most recent call first):
frame #0: c10::Error::Error(c10::SourceLocation, std::string) + 0x96 (0x7f77e5b6c446 in /opt/conda/lib/python3.11/site-packages/torch/lib/libc10.so)
frame #1: <unknown function> + 0x5fecb29 (0x7f77d5748b29 in /opt/conda/lib/python3.11/site-packages/torch/lib/libtorch_cpu.so)
frame #2: c10d::TCPStore::doWait(c10::ArrayRef<std::string>, std::chrono::duration<long, std::ratio<1l, 1000l> >) + 0x27e (0x7f77d574656e in /opt/conda/lib/python3.11/site-packages/torch/lib/libtorch_cpu.so)
frame #3: c10d::TCPStore::doGet(std::string const&) + 0x2a (0x7f77d57469ca in /opt/conda/lib/python3.11/site-packages/torch/lib/libtorch_cpu.so)
frame #4: c10d::TCPStore::get(std::string const&) + 0x7a (0x7f77d574783a in /opt/conda/lib/python3.11/site-packages/torch/lib/libtorch_cpu.so)
frame #5: <unknown function> + 0xd7cbec (0x7f77e510bbec in /opt/conda/lib/python3.11/site-packages/torch/lib/libtorch_python.so)
frame #6: <unknown function> + 0x4ccad4 (0x7f77e485bad4 in /opt/conda/lib/python3.11/site-packages/torch/lib/libtorch_python.so)
frame #7: <unknown function> + 0x1f8f36 (0x56101fb37f36 in /opt/conda/bin/python3.11)
frame #8: _PyObject_MakeTpCall + 0x29b (0x56101fb1597b in /opt/conda/bin/python3.11)
frame #9: <unknown function> + 0x227038 (0x56101fb66038 in /opt/conda/bin/python3.11)
frame #10: _PyEval_EvalFrameDefault + 0x45c7 (0x56101fb26ec7 in /opt/conda/bin/python3.11)
frame #11: _PyFunction_Vectorcall + 0x17f (0x56101fb477df in /opt/conda/bin/python3.11)
frame #12: _PyEval_EvalFrameDefault + 0x45c7 (0x56101fb26ec7 in /opt/conda/bin/python3.11)
frame #13: _PyFunction_Vectorcall + 0x17f (0x56101fb477df in /opt/conda/bin/python3.11)
frame #14: _PyObject_FastCallDictTstate + 0x63 (0x56101fb1a573 in /opt/conda/bin/python3.11)
frame #15: _PyObject_Call_Prepend + 0xe9 (0x56101fb4f1f9 in /opt/conda/bin/python3.11)
frame #16: <unknown function> + 0x2df369 (0x56101fc1e369 in /opt/conda/bin/python3.11)
frame #17: PyObject_Call + 0xbe (0x56101fb5158e in /opt/conda/bin/python3.11)
frame #18: _PyEval_EvalFrameDefault + 0x45c7 (0x56101fb26ec7 in /opt/conda/bin/python3.11)
frame #19: _PyFunction_Vectorcall + 0x17f (0x56101fb477df in /opt/conda/bin/python3.11)
frame #20: _PyEval_EvalFrameDefault + 0x45c7 (0x56101fb26ec7 in /opt/conda/bin/python3.11)
frame #21: <unknown function> + 0x29ac5d (0x56101fbd9c5d in /opt/conda/bin/python3.11)
frame #22: PyEval_EvalCode + 0x9f (0x56101fbd939f in /opt/conda/bin/python3.11)
frame #23: <unknown function> + 0x2b831a (0x56101fbf731a in /opt/conda/bin/python3.11)
frame #24: <unknown function> + 0x2b3f93 (0x56101fbf2f93 in /opt/conda/bin/python3.11)
frame #25: <unknown function> + 0x2c9540 (0x56101fc08540 in /opt/conda/bin/python3.11)
frame #26: _PyRun_SimpleFileObject + 0x1bc (0x56101fc07ecc in /opt/conda/bin/python3.11)
frame #27: _PyRun_AnyFileObject + 0x44 (0x56101fc07c64 in /opt/conda/bin/python3.11)
frame #28: Py_RunMain + 0x383 (0x56101fc02233 in /opt/conda/bin/python3.11)
frame #29: Py_BytesMain + 0x37 (0x56101fbc9617 in /opt/conda/bin/python3.11)
frame #30: <unknown function> + 0x29d90 (0x7f77e6819d90 in /usr/lib/x86_64-linux-gnu/libc.so.6)
frame #31: __libc_start_main + 0x80 (0x7f77e6819e40 in /usr/lib/x86_64-linux-gnu/libc.so.6)
frame #32: <unknown function> + 0x28a4ca (0x56101fbc94ca in /opt/conda/bin/python3.11)

W0127 09:36:39.394000 48587 site-packages/torch/distributed/elastic/rendezvous/dynamic_rendezvous.py:1282] The node 's8_48587_0' has failed to shutdown the rendezvous 'Llama-3.3-70B-Instruct-1024-128-2-8-1' due to an error of type RendezvousConnectionError.
[W127 09:36:39.262858895 TCPStore.cpp:122] [c10d] sendBytes failed on SocketImpl(fd=3, addr=[s8]:47562, remote=[s7]:29508): Broken pipe
Exception raised from sendBytes at ../torch/csrc/distributed/c10d/Utils.hpp:645 (most recent call first):
frame #0: c10::Error::Error(c10::SourceLocation, std::string) + 0x96 (0x7f77e5b6c446 in /opt/conda/lib/python3.11/site-packages/torch/lib/libc10.so)
frame #1: <unknown function> + 0x5fecb29 (0x7f77d5748b29 in /opt/conda/lib/python3.11/site-packages/torch/lib/libtorch_cpu.so)
frame #2: c10d::TCPStore::doWait(c10::ArrayRef<std::string>, std::chrono::duration<long, std::ratio<1l, 1000l> >) + 0x27e (0x7f77d574656e in /opt/conda/lib/python3.11/site-packages/torch/lib/libtorch_cpu.so)
frame #3: c10d::TCPStore::doGet(std::string const&) + 0x2a (0x7f77d57469ca in /opt/conda/lib/python3.11/site-packages/torch/lib/libtorch_cpu.so)
frame #4: c10d::TCPStore::get(std::string const&) + 0x7a (0x7f77d574783a in /opt/conda/lib/python3.11/site-packages/torch/lib/libtorch_cpu.so)
frame #5: <unknown function> + 0xd7cbec (0x7f77e510bbec in /opt/conda/lib/python3.11/site-packages/torch/lib/libtorch_python.so)
frame #6: <unknown function> + 0x4ccad4 (0x7f77e485bad4 in /opt/conda/lib/python3.11/site-packages/torch/lib/libtorch_python.so)
frame #7: <unknown function> + 0x1f8f36 (0x56101fb37f36 in /opt/conda/bin/python3.11)
frame #8: _PyObject_MakeTpCall + 0x29b (0x56101fb1597b in /opt/conda/bin/python3.11)
frame #9: <unknown function> + 0x227038 (0x56101fb66038 in /opt/conda/bin/python3.11)
frame #10: _PyEval_EvalFrameDefault + 0x45c7 (0x56101fb26ec7 in /opt/conda/bin/python3.11)
frame #11: _PyFunction_Vectorcall + 0x17f (0x56101fb477df in /opt/conda/bin/python3.11)
frame #12: _PyObject_FastCallDictTstate + 0x63 (0x56101fb1a573 in /opt/conda/bin/python3.11)
frame #13: _PyObject_Call_Prepend + 0xe9 (0x56101fb4f1f9 in /opt/conda/bin/python3.11)
frame #14: <unknown function> + 0x2df369 (0x56101fc1e369 in /opt/conda/bin/python3.11)
frame #15: PyObject_Call + 0xbe (0x56101fb5158e in /opt/conda/bin/python3.11)
frame #16: _PyEval_EvalFrameDefault + 0x45c7 (0x56101fb26ec7 in /opt/conda/bin/python3.11)
frame #17: _PyFunction_Vectorcall + 0x17f (0x56101fb477df in /opt/conda/bin/python3.11)
frame #18: _PyEval_EvalFrameDefault + 0x45c7 (0x56101fb26ec7 in /opt/conda/bin/python3.11)
frame #19: <unknown function> + 0x29ac5d (0x56101fbd9c5d in /opt/conda/bin/python3.11)
frame #20: PyEval_EvalCode + 0x9f (0x56101fbd939f in /opt/conda/bin/python3.11)
frame #21: <unknown function> + 0x2b831a (0x56101fbf731a in /opt/conda/bin/python3.11)
frame #22: <unknown function> + 0x2b3f93 (0x56101fbf2f93 in /opt/conda/bin/python3.11)
frame #23: <unknown function> + 0x2c9540 (0x56101fc08540 in /opt/conda/bin/python3.11)
frame #24: _PyRun_SimpleFileObject + 0x1bc (0x56101fc07ecc in /opt/conda/bin/python3.11)
frame #25: _PyRun_AnyFileObject + 0x44 (0x56101fc07c64 in /opt/conda/bin/python3.11)
frame #26: Py_RunMain + 0x383 (0x56101fc02233 in /opt/conda/bin/python3.11)
frame #27: Py_BytesMain + 0x37 (0x56101fbc9617 in /opt/conda/bin/python3.11)
frame #28: <unknown function> + 0x29d90 (0x7f77e6819d90 in /usr/lib/x86_64-linux-gnu/libc.so.6)
frame #29: __libc_start_main + 0x80 (0x7f77e6819e40 in /usr/lib/x86_64-linux-gnu/libc.so.6)
frame #30: <unknown function> + 0x28a4ca (0x56101fbc94ca in /opt/conda/bin/python3.11)

W0127 09:36:39.404000 48587 site-packages/torch/distributed/elastic/rendezvous/dynamic_rendezvous.py:1282] The node 's8_48587_0' has failed to shutdown the rendezvous 'Llama-3.3-70B-Instruct-1024-128-2-8-1' due to an error of type RendezvousConnectionError.
Traceback (most recent call last):
  File "/opt/conda/lib/python3.11/site-packages/torch/distributed/elastic/rendezvous/c10d_rendezvous_backend.py", line 117, in _call_store
    return getattr(self._store, store_op)(*args, **kwargs)
           ^^^^^^^^^^^^^^^^^^^^^^^^^^^^^^^^^^^^^^^^^^^^^^^
torch.distributed.DistNetworkError: failed to recv, got 0 bytes

The above exception was the direct cause of the following exception:

Traceback (most recent call last):
  File "/opt/conda/bin/torchrun", line 8, in <module>
    sys.exit(main())
             ^^^^^^
  File "/opt/conda/lib/python3.11/site-packages/torch/distributed/elastic/multiprocessing/errors/__init__.py", line 355, in wrapper
    return f(*args, **kwargs)
           ^^^^^^^^^^^^^^^^^^
  File "/opt/conda/lib/python3.11/site-packages/torch/distributed/run.py", line 919, in main
    run(args)
  File "/opt/conda/lib/python3.11/site-packages/torch/distributed/run.py", line 910, in run
    elastic_launch(
  File "/opt/conda/lib/python3.11/site-packages/torch/distributed/launcher/api.py", line 138, in __call__
    return launch_agent(self._config, self._entrypoint, list(args))
           ^^^^^^^^^^^^^^^^^^^^^^^^^^^^^^^^^^^^^^^^^^^^^^^^^^^^^^^^
  File "/opt/conda/lib/python3.11/site-packages/torch/distributed/launcher/api.py", line 260, in launch_agent
    result = agent.run()
             ^^^^^^^^^^^
  File "/opt/conda/lib/python3.11/site-packages/torch/distributed/elastic/metrics/api.py", line 137, in wrapper
    result = f(*args, **kwargs)
             ^^^^^^^^^^^^^^^^^^
  File "/opt/conda/lib/python3.11/site-packages/torch/distributed/elastic/agent/server/api.py", line 696, in run
    result = self._invoke_run(role)
             ^^^^^^^^^^^^^^^^^^^^^^
  File "/opt/conda/lib/python3.11/site-packages/torch/distributed/elastic/agent/server/api.py", line 891, in _invoke_run
    num_nodes_waiting = rdzv_handler.num_nodes_waiting()
                        ^^^^^^^^^^^^^^^^^^^^^^^^^^^^^^^^
  File "/opt/conda/lib/python3.11/site-packages/torch/distributed/elastic/rendezvous/dynamic_rendezvous.py", line 1253, in num_nodes_waiting
    self._state_holder.sync()
  File "/opt/conda/lib/python3.11/site-packages/torch/distributed/elastic/rendezvous/dynamic_rendezvous.py", line 437, in sync
    get_response = self._backend.get_state()
                   ^^^^^^^^^^^^^^^^^^^^^^^^^
  File "/opt/conda/lib/python3.11/site-packages/torch/distributed/elastic/rendezvous/c10d_rendezvous_backend.py", line 75, in get_state
    base64_state: bytes = self._call_store("get", self._key)
                          ^^^^^^^^^^^^^^^^^^^^^^^^^^^^^^^^^^
  File "/opt/conda/lib/python3.11/site-packages/torch/distributed/elastic/rendezvous/c10d_rendezvous_backend.py", line 119, in _call_store
    raise RendezvousConnectionError(
torch.distributed.elastic.rendezvous.api.RendezvousConnectionError: The connection to the C10d store has failed. See inner exception for details.

=================================================
 Completed!
=================================================
