===== 2026-01-26 08:00:24 =====
s8             Mon Jan 26 08:00:25 2026  560.35.05
[0] NVIDIA A40 | 33°C,   0 % |     0 / 46068 MB |
[1] NVIDIA A40 | 32°C,   0 % |     0 / 46068 MB |
[2] NVIDIA A40 | 32°C,   0 % |     0 / 46068 MB |
[3] NVIDIA A40 | 31°C,   0 % |     0 / 46068 MB |
[4] NVIDIA A40 | 31°C,   0 % |     0 / 46068 MB |
[5] NVIDIA A40 | 32°C,   0 % |     0 / 46068 MB |
[6] NVIDIA A40 | 32°C,   0 % |     0 / 46068 MB |
[7] NVIDIA A40 | 32°C,   0 % |     0 / 46068 MB |

===== 2026-01-26 08:00:26 =====
s8             Mon Jan 26 08:00:28 2026  560.35.05
[0] NVIDIA A40 | 33°C,   0 % |     0 / 46068 MB |
[1] NVIDIA A40 | 32°C,   0 % |     0 / 46068 MB |
[2] NVIDIA A40 | 32°C,   0 % |     0 / 46068 MB |
[3] NVIDIA A40 | 31°C,   0 % |     0 / 46068 MB |
[4] NVIDIA A40 | 31°C,   0 % |     0 / 46068 MB |
[5] NVIDIA A40 | 32°C,   0 % |     0 / 46068 MB |
[6] NVIDIA A40 | 32°C,   0 % |     0 / 46068 MB |
[7] NVIDIA A40 | 32°C,   0 % |     0 / 46068 MB |

===== 2026-01-26 08:00:29 =====
s8             Mon Jan 26 08:00:31 2026  560.35.05
[0] NVIDIA A40 | 33°C,   1 % |     0 / 46068 MB |
[1] NVIDIA A40 | 32°C,   1 % |     0 / 46068 MB |
[2] NVIDIA A40 | 32°C,   0 % |     0 / 46068 MB |
[3] NVIDIA A40 | 31°C,   0 % |     0 / 46068 MB |
[4] NVIDIA A40 | 32°C,   1 % |     0 / 46068 MB |
[5] NVIDIA A40 | 32°C,   0 % |     0 / 46068 MB |
[6] NVIDIA A40 | 32°C,   0 % |     0 / 46068 MB |
[7] NVIDIA A40 | 32°C,   0 % |     0 / 46068 MB |

===== 2026-01-26 08:00:32 =====
s8             Mon Jan 26 08:00:33 2026  560.35.05
[0] NVIDIA A40 | 33°C,   0 % |     3 / 46068 MB |
[1] NVIDIA A40 | 32°C,   0 % |     3 / 46068 MB |
[2] NVIDIA A40 | 32°C,   0 % |     3 / 46068 MB |
[3] NVIDIA A40 | 31°C,   0 % |     3 / 46068 MB |
[4] NVIDIA A40 | 32°C,   0 % |     3 / 46068 MB |
[5] NVIDIA A40 | 32°C,   0 % |     3 / 46068 MB |
[6] NVIDIA A40 | 33°C,   0 % |     3 / 46068 MB |
[7] NVIDIA A40 | 33°C,   0 % |     3 / 46068 MB |

===== 2026-01-26 08:00:34 =====
s8             Mon Jan 26 08:00:35 2026  560.35.05
[0] NVIDIA A40 | 33°C,   0 % |     3 / 46068 MB |
[1] NVIDIA A40 | 32°C,   0 % |     3 / 46068 MB |
[2] NVIDIA A40 | 32°C,   0 % |     3 / 46068 MB |
[3] NVIDIA A40 | 31°C,   0 % |     3 / 46068 MB |
[4] NVIDIA A40 | 32°C,   0 % |     3 / 46068 MB |
[5] NVIDIA A40 | 32°C,   0 % |     3 / 46068 MB |
[6] NVIDIA A40 | 32°C,   0 % |     3 / 46068 MB |
[7] NVIDIA A40 | 32°C,   0 % |     3 / 46068 MB |

===== 2026-01-26 08:00:36 =====
s8             Mon Jan 26 08:00:37 2026  560.35.05
[0] NVIDIA A40 | 33°C,   0 % |     3 / 46068 MB |
[1] NVIDIA A40 | 32°C,   0 % |     3 / 46068 MB |
[2] NVIDIA A40 | 32°C,   0 % |     3 / 46068 MB |
[3] NVIDIA A40 | 31°C,   0 % |     3 / 46068 MB |
[4] NVIDIA A40 | 32°C,   0 % |     3 / 46068 MB |
[5] NVIDIA A40 | 32°C,   0 % |     3 / 46068 MB |
[6] NVIDIA A40 | 32°C,   0 % |     3 / 46068 MB |
[7] NVIDIA A40 | 32°C,   0 % |     3 / 46068 MB |

===== 2026-01-26 08:00:38 =====
s8             Mon Jan 26 08:00:39 2026  560.35.05
[0] NVIDIA A40 | 33°C,   0 % |     3 / 46068 MB |
[1] NVIDIA A40 | 32°C,   0 % |     3 / 46068 MB |
[2] NVIDIA A40 | 32°C,   0 % |     3 / 46068 MB |
[3] NVIDIA A40 | 31°C,   0 % |     3 / 46068 MB |
[4] NVIDIA A40 | 31°C,   0 % |     3 / 46068 MB |
[5] NVIDIA A40 | 32°C,   0 % |     3 / 46068 MB |
[6] NVIDIA A40 | 32°C,   0 % |     3 / 46068 MB |
[7] NVIDIA A40 | 32°C,   0 % |     3 / 46068 MB |

===== 2026-01-26 08:00:40 =====
s8             Mon Jan 26 08:00:41 2026  560.35.05
[0] NVIDIA A40 | 33°C,   0 % |     3 / 46068 MB |
[1] NVIDIA A40 | 32°C,   0 % |     3 / 46068 MB |
[2] NVIDIA A40 | 32°C,   0 % |     3 / 46068 MB |
[3] NVIDIA A40 | 31°C,   0 % |     3 / 46068 MB |
[4] NVIDIA A40 | 32°C,   0 % |     3 / 46068 MB |
[5] NVIDIA A40 | 32°C,   0 % |     3 / 46068 MB |
[6] NVIDIA A40 | 33°C,   0 % |     3 / 46068 MB |
[7] NVIDIA A40 | 33°C,   0 % |     3 / 46068 MB |

===== 2026-01-26 08:00:42 =====
s8             Mon Jan 26 08:00:43 2026  560.35.05
[0] NVIDIA A40 | 35°C,   0 % |  1517 / 46068 MB | root(?M)
[1] NVIDIA A40 | 32°C,   0 % |     3 / 46068 MB |
[2] NVIDIA A40 | 32°C,   0 % |     3 / 46068 MB |
[3] NVIDIA A40 | 31°C,   0 % |     3 / 46068 MB |
[4] NVIDIA A40 | 32°C,   0 % |     3 / 46068 MB |
[5] NVIDIA A40 | 32°C,   0 % |     3 / 46068 MB |
[6] NVIDIA A40 | 33°C,   0 % |     3 / 46068 MB |
[7] NVIDIA A40 | 33°C,   0 % |     3 / 46068 MB |

===== 2026-01-26 08:00:44 =====
s8             Mon Jan 26 08:00:46 2026  560.35.05
[0] NVIDIA A40 | 35°C,   0 % |  1517 / 46068 MB | root(?M)
[1] NVIDIA A40 | 32°C,   0 % |     3 / 46068 MB |
[2] NVIDIA A40 | 32°C,   0 % |     3 / 46068 MB |
[3] NVIDIA A40 | 31°C,   0 % |     3 / 46068 MB |
[4] NVIDIA A40 | 32°C,   0 % |     3 / 46068 MB |
[5] NVIDIA A40 | 32°C,   0 % |     3 / 46068 MB |
[6] NVIDIA A40 | 32°C,   0 % |     3 / 46068 MB |
[7] NVIDIA A40 | 32°C,   0 % |     3 / 46068 MB |

===== 2026-01-26 08:00:47 =====
s8             Mon Jan 26 08:00:48 2026  560.35.05
[0] NVIDIA A40 | 36°C,   0 % |  1517 / 46068 MB | root(?M)
[1] NVIDIA A40 | 32°C,   0 % |     3 / 46068 MB |
[2] NVIDIA A40 | 32°C,   0 % |     3 / 46068 MB |
[3] NVIDIA A40 | 31°C,   0 % |     3 / 46068 MB |
[4] NVIDIA A40 | 32°C,   0 % |     3 / 46068 MB |
[5] NVIDIA A40 | 32°C,   0 % |     3 / 46068 MB |
[6] NVIDIA A40 | 32°C,   0 % |     3 / 46068 MB |
[7] NVIDIA A40 | 32°C,   0 % |     3 / 46068 MB |

===== 2026-01-26 08:00:49 =====
s8             Mon Jan 26 08:00:50 2026  560.35.05
[0] NVIDIA A40 | 36°C,   0 % |  1517 / 46068 MB | root(?M)
[1] NVIDIA A40 | 32°C,   0 % |     3 / 46068 MB |
[2] NVIDIA A40 | 32°C,   0 % |     3 / 46068 MB |
[3] NVIDIA A40 | 31°C,   0 % |     3 / 46068 MB |
[4] NVIDIA A40 | 31°C,   0 % |     3 / 46068 MB |
[5] NVIDIA A40 | 32°C,   0 % |     3 / 46068 MB |
[6] NVIDIA A40 | 32°C,   0 % |     3 / 46068 MB |
[7] NVIDIA A40 | 32°C,   0 % |     3 / 46068 MB |

===== 2026-01-26 08:00:51 =====
s8             Mon Jan 26 08:00:52 2026  560.35.05
[0] NVIDIA A40 | 36°C,   0 % |  1517 / 46068 MB | root(?M)
[1] NVIDIA A40 | 34°C,   5 % |   515 / 46068 MB | root(?M)
[2] NVIDIA A40 | 32°C,   0 % |     3 / 46068 MB |
[3] NVIDIA A40 | 31°C,   0 % |     3 / 46068 MB |
[4] NVIDIA A40 | 32°C,   0 % |     3 / 46068 MB |
[5] NVIDIA A40 | 32°C,   0 % |     3 / 46068 MB |
[6] NVIDIA A40 | 33°C,   0 % |     3 / 46068 MB |
[7] NVIDIA A40 | 33°C,   0 % |     3 / 46068 MB |

===== 2026-01-26 08:00:53 =====
s8             Mon Jan 26 08:00:54 2026  560.35.05
[0] NVIDIA A40 | 37°C,   0 % |  1517 / 46068 MB | root(?M)
[1] NVIDIA A40 | 35°C,   0 % |   515 / 46068 MB | root(?M)
[2] NVIDIA A40 | 32°C,   0 % |     3 / 46068 MB |
[3] NVIDIA A40 | 31°C,   0 % |     3 / 46068 MB |
[4] NVIDIA A40 | 32°C,   0 % |     3 / 46068 MB |
[5] NVIDIA A40 | 32°C,   0 % |     3 / 46068 MB |
[6] NVIDIA A40 | 32°C,   0 % |     3 / 46068 MB |
[7] NVIDIA A40 | 32°C,   0 % |     3 / 46068 MB |

===== 2026-01-26 08:00:55 =====
s8             Mon Jan 26 08:00:56 2026  560.35.05
[0] NVIDIA A40 | 37°C,   0 % |  1517 / 46068 MB | root(?M)
[1] NVIDIA A40 | 35°C,   0 % |   515 / 46068 MB | root(?M)
[2] NVIDIA A40 | 32°C,   0 % |     3 / 46068 MB |
[3] NVIDIA A40 | 31°C,   0 % |     3 / 46068 MB |
[4] NVIDIA A40 | 32°C,   0 % |     3 / 46068 MB |
[5] NVIDIA A40 | 32°C,   0 % |     3 / 46068 MB |
[6] NVIDIA A40 | 32°C,   0 % |     3 / 46068 MB |
[7] NVIDIA A40 | 32°C,   0 % |     3 / 46068 MB |

===== 2026-01-26 08:00:57 =====
s8             Mon Jan 26 08:00:58 2026  560.35.05
[0] NVIDIA A40 | 37°C,   0 % |  1517 / 46068 MB | root(?M)
[1] NVIDIA A40 | 35°C,   0 % |   515 / 46068 MB | root(?M)
[2] NVIDIA A40 | 32°C,   0 % |     3 / 46068 MB |
[3] NVIDIA A40 | 31°C,   0 % |     3 / 46068 MB |
[4] NVIDIA A40 | 32°C,   0 % |     3 / 46068 MB |
[5] NVIDIA A40 | 32°C,   0 % |     3 / 46068 MB |
[6] NVIDIA A40 | 32°C,   0 % |     3 / 46068 MB |
[7] NVIDIA A40 | 32°C,   0 % |     3 / 46068 MB |

===== 2026-01-26 08:00:59 =====
s8             Mon Jan 26 08:01:00 2026  560.35.05
[0] NVIDIA A40 | 37°C,   0 % |  1517 / 46068 MB | root(?M)
[1] NVIDIA A40 | 36°C,   0 % |   515 / 46068 MB | root(?M)
[2] NVIDIA A40 | 32°C,   0 % |     3 / 46068 MB |
[3] NVIDIA A40 | 31°C,   0 % |     3 / 46068 MB |
[4] NVIDIA A40 | 32°C,   0 % |     3 / 46068 MB |
[5] NVIDIA A40 | 32°C,   0 % |     3 / 46068 MB |
[6] NVIDIA A40 | 32°C,   0 % |     3 / 46068 MB |
[7] NVIDIA A40 | 32°C,   0 % |     3 / 46068 MB |

===== 2026-01-26 08:01:01 =====
s8             Mon Jan 26 08:01:02 2026  560.35.05
[0] NVIDIA A40 | 37°C,   0 % |  1517 / 46068 MB | root(?M)
[1] NVIDIA A40 | 36°C,   0 % |   515 / 46068 MB | root(?M)
[2] NVIDIA A40 | 34°C,   0 % |   515 / 46068 MB | root(?M)
[3] NVIDIA A40 | 31°C,   0 % |     3 / 46068 MB |
[4] NVIDIA A40 | 32°C,   0 % |     3 / 46068 MB |
[5] NVIDIA A40 | 32°C,   0 % |     3 / 46068 MB |
[6] NVIDIA A40 | 33°C,   0 % |     3 / 46068 MB |
[7] NVIDIA A40 | 33°C,   0 % |     3 / 46068 MB |

===== 2026-01-26 08:01:03 =====
s8             Mon Jan 26 08:01:04 2026  560.35.05
[0] NVIDIA A40 | 38°C,   0 % |  1517 / 46068 MB | root(?M)
[1] NVIDIA A40 | 36°C,   0 % |   515 / 46068 MB | root(?M)
[2] NVIDIA A40 | 35°C,   0 % |   515 / 46068 MB | root(?M)
[3] NVIDIA A40 | 31°C,   0 % |     3 / 46068 MB |
[4] NVIDIA A40 | 32°C,   0 % |     3 / 46068 MB |
[5] NVIDIA A40 | 32°C,   0 % |     3 / 46068 MB |
[6] NVIDIA A40 | 32°C,   0 % |     3 / 46068 MB |
[7] NVIDIA A40 | 32°C,   0 % |     3 / 46068 MB |

===== 2026-01-26 08:01:05 =====
s8             Mon Jan 26 08:01:07 2026  560.35.05
[0] NVIDIA A40 | 38°C,   0 % |  1517 / 46068 MB | root(?M)
[1] NVIDIA A40 | 36°C,   0 % |   515 / 46068 MB | root(?M)
[2] NVIDIA A40 | 35°C,   0 % |   515 / 46068 MB | root(?M)
[3] NVIDIA A40 | 31°C,   0 % |     3 / 46068 MB |
[4] NVIDIA A40 | 32°C,   0 % |     3 / 46068 MB |
[5] NVIDIA A40 | 32°C,   0 % |     3 / 46068 MB |
[6] NVIDIA A40 | 32°C,   0 % |     3 / 46068 MB |
[7] NVIDIA A40 | 32°C,   0 % |     3 / 46068 MB |

===== 2026-01-26 08:01:08 =====
s8             Mon Jan 26 08:01:09 2026  560.35.05
[0] NVIDIA A40 | 38°C,   0 % |  1517 / 46068 MB | root(?M)
[1] NVIDIA A40 | 37°C,   0 % |   515 / 46068 MB | root(?M)
[2] NVIDIA A40 | 35°C,   0 % |   515 / 46068 MB | root(?M)
[3] NVIDIA A40 | 31°C,   0 % |     3 / 46068 MB |
[4] NVIDIA A40 | 32°C,   0 % |     3 / 46068 MB |
[5] NVIDIA A40 | 32°C,   0 % |     3 / 46068 MB |
[6] NVIDIA A40 | 32°C,   0 % |     3 / 46068 MB |
[7] NVIDIA A40 | 32°C,   0 % |     3 / 46068 MB |

===== 2026-01-26 08:01:10 =====
s8             Mon Jan 26 08:01:11 2026  560.35.05
[0] NVIDIA A40 | 38°C,   0 % |  1517 / 46068 MB | root(?M)
[1] NVIDIA A40 | 37°C,   0 % |   515 / 46068 MB | root(?M)
[2] NVIDIA A40 | 35°C,   0 % |   515 / 46068 MB | root(?M)
[3] NVIDIA A40 | 33°C,   2 % |   515 / 46068 MB | root(?M)
[4] NVIDIA A40 | 32°C,   0 % |     3 / 46068 MB |
[5] NVIDIA A40 | 32°C,   0 % |     3 / 46068 MB |
[6] NVIDIA A40 | 33°C,   0 % |     3 / 46068 MB |
[7] NVIDIA A40 | 33°C,   0 % |     3 / 46068 MB |

===== 2026-01-26 08:01:12 =====
s8             Mon Jan 26 08:01:13 2026  560.35.05
[0] NVIDIA A40 | 38°C,   0 % |  1517 / 46068 MB | root(?M)
[1] NVIDIA A40 | 37°C,   0 % |   515 / 46068 MB | root(?M)
[2] NVIDIA A40 | 36°C,   0 % |   515 / 46068 MB | root(?M)
[3] NVIDIA A40 | 33°C,   0 % |   515 / 46068 MB | root(?M)
[4] NVIDIA A40 | 32°C,   0 % |     3 / 46068 MB |
[5] NVIDIA A40 | 32°C,   0 % |     3 / 46068 MB |
[6] NVIDIA A40 | 32°C,   0 % |     3 / 46068 MB |
[7] NVIDIA A40 | 32°C,   0 % |     3 / 46068 MB |

===== 2026-01-26 08:01:14 =====
s8             Mon Jan 26 08:01:15 2026  560.35.05
[0] NVIDIA A40 | 38°C,   0 % |  1517 / 46068 MB | root(?M)
[1] NVIDIA A40 | 37°C,   0 % |   515 / 46068 MB | root(?M)
[2] NVIDIA A40 | 36°C,   0 % |   515 / 46068 MB | root(?M)
[3] NVIDIA A40 | 34°C,   0 % |   515 / 46068 MB | root(?M)
[4] NVIDIA A40 | 32°C,   0 % |     3 / 46068 MB |
[5] NVIDIA A40 | 32°C,   0 % |     3 / 46068 MB |
[6] NVIDIA A40 | 32°C,   0 % |     3 / 46068 MB |
[7] NVIDIA A40 | 32°C,   0 % |     3 / 46068 MB |

===== 2026-01-26 08:01:16 =====
s8             Mon Jan 26 08:01:17 2026  560.35.05
[0] NVIDIA A40 | 39°C,   0 % |  1517 / 46068 MB | root(?M)
[1] NVIDIA A40 | 37°C,   0 % |   515 / 46068 MB | root(?M)
[2] NVIDIA A40 | 36°C,   0 % |   515 / 46068 MB | root(?M)
[3] NVIDIA A40 | 34°C,   0 % |   515 / 46068 MB | root(?M)
[4] NVIDIA A40 | 32°C,   0 % |     3 / 46068 MB |
[5] NVIDIA A40 | 32°C,   0 % |     3 / 46068 MB |
[6] NVIDIA A40 | 32°C,   0 % |     3 / 46068 MB |
[7] NVIDIA A40 | 32°C,   0 % |     3 / 46068 MB |

===== 2026-01-26 08:01:18 =====
s8             Mon Jan 26 08:01:19 2026  560.35.05
[0] NVIDIA A40 | 39°C,   0 % |  1517 / 46068 MB | root(?M)
[1] NVIDIA A40 | 38°C,   0 % |   515 / 46068 MB | root(?M)
[2] NVIDIA A40 | 36°C,   0 % |   515 / 46068 MB | root(?M)
[3] NVIDIA A40 | 34°C,   0 % |   515 / 46068 MB | root(?M)
[4] NVIDIA A40 | 32°C,   0 % |     3 / 46068 MB |
[5] NVIDIA A40 | 32°C,   0 % |     3 / 46068 MB |
[6] NVIDIA A40 | 32°C,   0 % |     3 / 46068 MB |
[7] NVIDIA A40 | 32°C,   0 % |     3 / 46068 MB |

===== 2026-01-26 08:01:20 =====
s8             Mon Jan 26 08:01:21 2026  560.35.05
[0] NVIDIA A40 | 39°C,   0 % |  1517 / 46068 MB | root(?M)
[1] NVIDIA A40 | 38°C,   0 % |   515 / 46068 MB | root(?M)
[2] NVIDIA A40 | 36°C,   0 % |   515 / 46068 MB | root(?M)
[3] NVIDIA A40 | 34°C,   0 % |   515 / 46068 MB | root(?M)
[4] NVIDIA A40 | 34°C,   0 % |   515 / 46068 MB | root(?M)
[5] NVIDIA A40 | 32°C,   0 % |     3 / 46068 MB |
[6] NVIDIA A40 | 33°C,   0 % |     3 / 46068 MB |
[7] NVIDIA A40 | 33°C,   0 % |     3 / 46068 MB |

===== 2026-01-26 08:01:22 =====
s8             Mon Jan 26 08:01:23 2026  560.35.05
[0] NVIDIA A40 | 39°C,   0 % |  1517 / 46068 MB | root(?M)
[1] NVIDIA A40 | 38°C,   0 % |   515 / 46068 MB | root(?M)
[2] NVIDIA A40 | 37°C,   0 % |   515 / 46068 MB | root(?M)
[3] NVIDIA A40 | 35°C,   0 % |   515 / 46068 MB | root(?M)
[4] NVIDIA A40 | 34°C,   0 % |   515 / 46068 MB | root(?M)
[5] NVIDIA A40 | 32°C,   0 % |     3 / 46068 MB |
[6] NVIDIA A40 | 32°C,   0 % |     3 / 46068 MB |
[7] NVIDIA A40 | 32°C,   0 % |     3 / 46068 MB |

===== 2026-01-26 08:01:24 =====
s8             Mon Jan 26 08:01:25 2026  560.35.05
[0] NVIDIA A40 | 39°C,   0 % |  1517 / 46068 MB | root(?M)
[1] NVIDIA A40 | 38°C,   0 % |   515 / 46068 MB | root(?M)
[2] NVIDIA A40 | 37°C,   0 % |   515 / 46068 MB | root(?M)
[3] NVIDIA A40 | 35°C,   0 % |   515 / 46068 MB | root(?M)
[4] NVIDIA A40 | 34°C,   0 % |   515 / 46068 MB | root(?M)
[5] NVIDIA A40 | 32°C,   0 % |     3 / 46068 MB |
[6] NVIDIA A40 | 32°C,   0 % |     3 / 46068 MB |
[7] NVIDIA A40 | 32°C,   0 % |     3 / 46068 MB |

===== 2026-01-26 08:01:26 =====
s8             Mon Jan 26 08:01:27 2026  560.35.05
[0] NVIDIA A40 | 39°C,   0 % |  1517 / 46068 MB | root(?M)
[1] NVIDIA A40 | 38°C,   0 % |   515 / 46068 MB | root(?M)
[2] NVIDIA A40 | 37°C,   0 % |   515 / 46068 MB | root(?M)
[3] NVIDIA A40 | 35°C,   0 % |   515 / 46068 MB | root(?M)
[4] NVIDIA A40 | 35°C,   0 % |   515 / 46068 MB | root(?M)
[5] NVIDIA A40 | 32°C,   0 % |     3 / 46068 MB |
[6] NVIDIA A40 | 32°C,   0 % |     3 / 46068 MB |
[7] NVIDIA A40 | 32°C,   0 % |     3 / 46068 MB |

===== 2026-01-26 08:01:28 =====
s8             Mon Jan 26 08:01:29 2026  560.35.05
[0] NVIDIA A40 | 39°C,   0 % |  1517 / 46068 MB | root(?M)
[1] NVIDIA A40 | 39°C,   0 % |   515 / 46068 MB | root(?M)
[2] NVIDIA A40 | 37°C,   0 % |   515 / 46068 MB | root(?M)
[3] NVIDIA A40 | 35°C,   0 % |   515 / 46068 MB | root(?M)
[4] NVIDIA A40 | 35°C,   0 % |   515 / 46068 MB | root(?M)
[5] NVIDIA A40 | 33°C,   1 % |   269 / 46068 MB | root(?M)
[6] NVIDIA A40 | 32°C,   0 % |     3 / 46068 MB |
[7] NVIDIA A40 | 33°C,   0 % |     3 / 46068 MB |

===== 2026-01-26 08:01:31 =====
s8             Mon Jan 26 08:01:32 2026  560.35.05
[0] NVIDIA A40 | 40°C,   0 % |  1517 / 46068 MB | root(?M)
[1] NVIDIA A40 | 39°C,   0 % |   515 / 46068 MB | root(?M)
[2] NVIDIA A40 | 37°C,   0 % |   515 / 46068 MB | root(?M)
[3] NVIDIA A40 | 35°C,   0 % |   515 / 46068 MB | root(?M)
[4] NVIDIA A40 | 35°C,   0 % |   515 / 46068 MB | root(?M)
[5] NVIDIA A40 | 34°C,   0 % |   515 / 46068 MB | root(?M)
[6] NVIDIA A40 | 33°C,   0 % |     3 / 46068 MB |
[7] NVIDIA A40 | 33°C,   0 % |     3 / 46068 MB |

===== 2026-01-26 08:01:33 =====
s8             Mon Jan 26 08:01:34 2026  560.35.05
[0] NVIDIA A40 | 40°C,   0 % |  1517 / 46068 MB | root(?M)
[1] NVIDIA A40 | 39°C,   0 % |   515 / 46068 MB | root(?M)
[2] NVIDIA A40 | 37°C,   0 % |   515 / 46068 MB | root(?M)
[3] NVIDIA A40 | 36°C,   0 % |   515 / 46068 MB | root(?M)
[4] NVIDIA A40 | 35°C,   0 % |   515 / 46068 MB | root(?M)
[5] NVIDIA A40 | 35°C,   0 % |   515 / 46068 MB | root(?M)
[6] NVIDIA A40 | 32°C,   0 % |     3 / 46068 MB |
[7] NVIDIA A40 | 32°C,   0 % |     3 / 46068 MB |

===== 2026-01-26 08:01:35 =====
s8             Mon Jan 26 08:01:36 2026  560.35.05
[0] NVIDIA A40 | 40°C,   0 % |  1517 / 46068 MB | root(?M)
[1] NVIDIA A40 | 39°C,   0 % |   515 / 46068 MB | root(?M)
[2] NVIDIA A40 | 38°C,   0 % |   515 / 46068 MB | root(?M)
[3] NVIDIA A40 | 36°C,   0 % |   515 / 46068 MB | root(?M)
[4] NVIDIA A40 | 36°C,   0 % |   515 / 46068 MB | root(?M)
[5] NVIDIA A40 | 35°C,   0 % |   515 / 46068 MB | root(?M)
[6] NVIDIA A40 | 32°C,   0 % |     3 / 46068 MB |
[7] NVIDIA A40 | 32°C,   0 % |     3 / 46068 MB |

===== 2026-01-26 08:01:37 =====
s8             Mon Jan 26 08:01:38 2026  560.35.05
[0] NVIDIA A40 | 40°C,   0 % |  1517 / 46068 MB | root(?M)
[1] NVIDIA A40 | 39°C,   0 % |   515 / 46068 MB | root(?M)
[2] NVIDIA A40 | 38°C,   0 % |   515 / 46068 MB | root(?M)
[3] NVIDIA A40 | 36°C,   0 % |   515 / 46068 MB | root(?M)
[4] NVIDIA A40 | 36°C,   0 % |   515 / 46068 MB | root(?M)
[5] NVIDIA A40 | 35°C,   0 % |   515 / 46068 MB | root(?M)
[6] NVIDIA A40 | 32°C,   0 % |     3 / 46068 MB |
[7] NVIDIA A40 | 32°C,   0 % |     3 / 46068 MB |

===== 2026-01-26 08:01:39 =====
s8             Mon Jan 26 08:01:40 2026  560.35.05
[0] NVIDIA A40 | 40°C,   0 % |  1517 / 46068 MB | root(?M)
[1] NVIDIA A40 | 39°C,   0 % |   515 / 46068 MB | root(?M)
[2] NVIDIA A40 | 38°C,   0 % |   515 / 46068 MB | root(?M)
[3] NVIDIA A40 | 36°C,   0 % |   515 / 46068 MB | root(?M)
[4] NVIDIA A40 | 36°C,   0 % |   515 / 46068 MB | root(?M)
[5] NVIDIA A40 | 35°C,   0 % |   515 / 46068 MB | root(?M)
[6] NVIDIA A40 | 34°C,   9 % |   515 / 46068 MB | root(?M)
[7] NVIDIA A40 | 33°C,   0 % |     3 / 46068 MB |

===== 2026-01-26 08:01:41 =====
s8             Mon Jan 26 08:01:42 2026  560.35.05
[0] NVIDIA A40 | 40°C,   0 % |  1517 / 46068 MB | root(?M)
[1] NVIDIA A40 | 40°C,   0 % |   515 / 46068 MB | root(?M)
[2] NVIDIA A40 | 38°C,   0 % |   515 / 46068 MB | root(?M)
[3] NVIDIA A40 | 36°C,   0 % |   515 / 46068 MB | root(?M)
[4] NVIDIA A40 | 36°C,   0 % |   515 / 46068 MB | root(?M)
[5] NVIDIA A40 | 36°C,   0 % |   515 / 46068 MB | root(?M)
[6] NVIDIA A40 | 35°C,   0 % |   515 / 46068 MB | root(?M)
[7] NVIDIA A40 | 32°C,   0 % |     3 / 46068 MB |

===== 2026-01-26 08:01:43 =====
s8             Mon Jan 26 08:01:44 2026  560.35.05
[0] NVIDIA A40 | 40°C,   0 % |  1517 / 46068 MB | root(?M)
[1] NVIDIA A40 | 40°C,   0 % |   515 / 46068 MB | root(?M)
[2] NVIDIA A40 | 38°C,   0 % |   515 / 46068 MB | root(?M)
[3] NVIDIA A40 | 36°C,   0 % |   515 / 46068 MB | root(?M)
[4] NVIDIA A40 | 36°C,   0 % |   515 / 46068 MB | root(?M)
[5] NVIDIA A40 | 36°C,   0 % |   515 / 46068 MB | root(?M)
[6] NVIDIA A40 | 35°C,   0 % |   515 / 46068 MB | root(?M)
[7] NVIDIA A40 | 32°C,   0 % |     3 / 46068 MB |

===== 2026-01-26 08:01:45 =====
s8             Mon Jan 26 08:01:46 2026  560.35.05
[0] NVIDIA A40 | 40°C,   0 % |  1517 / 46068 MB | root(?M)
[1] NVIDIA A40 | 40°C,   0 % |   515 / 46068 MB | root(?M)
[2] NVIDIA A40 | 38°C,   0 % |   515 / 46068 MB | root(?M)
[3] NVIDIA A40 | 36°C,   0 % |   515 / 46068 MB | root(?M)
[4] NVIDIA A40 | 37°C,   0 % |   515 / 46068 MB | root(?M)
[5] NVIDIA A40 | 36°C,   0 % |   515 / 46068 MB | root(?M)
[6] NVIDIA A40 | 35°C,   0 % |   515 / 46068 MB | root(?M)
[7] NVIDIA A40 | 32°C,   0 % |     3 / 46068 MB |

===== 2026-01-26 08:01:47 =====
s8             Mon Jan 26 08:01:48 2026  560.35.05
[0] NVIDIA A40 | 40°C,   0 % |  1517 / 46068 MB | root(?M)
[1] NVIDIA A40 | 40°C,   0 % |   515 / 46068 MB | root(?M)
[2] NVIDIA A40 | 38°C,   0 % |   515 / 46068 MB | root(?M)
[3] NVIDIA A40 | 37°C,   0 % |   515 / 46068 MB | root(?M)
[4] NVIDIA A40 | 37°C,   0 % |   515 / 46068 MB | root(?M)
[5] NVIDIA A40 | 36°C,   0 % |   515 / 46068 MB | root(?M)
[6] NVIDIA A40 | 36°C,   0 % |   515 / 46068 MB | root(?M)
[7] NVIDIA A40 | 32°C,   0 % |     3 / 46068 MB |

===== 2026-01-26 08:01:49 =====
s8             Mon Jan 26 08:01:50 2026  560.35.05
[0] NVIDIA A40 | 40°C,   0 % |  1517 / 46068 MB | root(?M)
[1] NVIDIA A40 | 40°C,   0 % |   515 / 46068 MB | root(?M)
[2] NVIDIA A40 | 39°C,   0 % |   515 / 46068 MB | root(?M)
[3] NVIDIA A40 | 37°C,   0 % |   515 / 46068 MB | root(?M)
[4] NVIDIA A40 | 37°C,   0 % |   515 / 46068 MB | root(?M)
[5] NVIDIA A40 | 36°C,   0 % |   515 / 46068 MB | root(?M)
[6] NVIDIA A40 | 36°C,   0 % |   515 / 46068 MB | root(?M)
[7] NVIDIA A40 | 34°C,   0 % |  1517 / 46068 MB | root(?M)

===== 2026-01-26 08:01:51 =====
s8             Mon Jan 26 08:01:52 2026  560.35.05
[0] NVIDIA A40 | 41°C, 100 % |  1911 / 46068 MB | root(?M)
[1] NVIDIA A40 | 41°C,   1 % |   989 / 46068 MB | root(?M)
[2] NVIDIA A40 | 39°C,   3 % |   819 / 46068 MB | root(?M)
[3] NVIDIA A40 | 37°C,   0 % |   539 / 46068 MB | root(?M)
[4] NVIDIA A40 | 37°C,   0 % |   515 / 46068 MB | root(?M)
[5] NVIDIA A40 | 37°C,   0 % |   515 / 46068 MB | root(?M)
[6] NVIDIA A40 | 36°C,   0 % |   515 / 46068 MB | root(?M)
[7] NVIDIA A40 | 35°C,   0 % |  1761 / 46068 MB | root(?M)

===== 2026-01-26 08:01:53 =====
s8             Mon Jan 26 08:01:54 2026  560.35.05
[0] NVIDIA A40 | 42°C, 100 % |  2027 / 46068 MB | root(?M)
[1] NVIDIA A40 | 41°C,  97 % |  1109 / 46068 MB | root(?M)
[2] NVIDIA A40 | 40°C,  96 % |  1105 / 46068 MB | root(?M)
[3] NVIDIA A40 | 38°C,  96 % |  1045 / 46068 MB | root(?M)
[4] NVIDIA A40 | 38°C, 100 % |  1051 / 46068 MB | root(?M)
[5] NVIDIA A40 | 38°C,  75 % |  1161 / 46068 MB | root(?M)
[6] NVIDIA A40 | 37°C,  58 % |  1153 / 46068 MB | root(?M)
[7] NVIDIA A40 | 37°C,  79 % |  5435 / 46068 MB | root(?M)

===== 2026-01-26 08:01:55 =====
s8             Mon Jan 26 08:01:56 2026  560.35.05
[0] NVIDIA A40 | 43°C,  83 % |  7063 / 46068 MB | root(?M)
[1] NVIDIA A40 | 42°C,  56 % |  1203 / 46068 MB | root(?M)
[2] NVIDIA A40 | 40°C,  42 % |  1185 / 46068 MB | root(?M)
[3] NVIDIA A40 | 38°C,  35 % |  1229 / 46068 MB | root(?M)
[4] NVIDIA A40 | 39°C,  63 % |  1245 / 46068 MB | root(?M)
[5] NVIDIA A40 | 38°C,  49 % |  1259 / 46068 MB | root(?M)
[6] NVIDIA A40 | 38°C,  33 % |  1171 / 46068 MB | root(?M)
[7] NVIDIA A40 | 40°C,  24 % |  6913 / 46068 MB | root(?M)

===== 2026-01-26 08:01:57 =====
s8             Mon Jan 26 08:01:59 2026  560.35.05
[0] NVIDIA A40 | 44°C,  86 % |  7127 / 46068 MB | root(?M)
[1] NVIDIA A40 | 42°C,  66 % |  1351 / 46068 MB | root(?M)
[2] NVIDIA A40 | 40°C,  71 % |  1179 / 46068 MB | root(?M)
[3] NVIDIA A40 | 38°C,  49 % |  1141 / 46068 MB | root(?M)
[4] NVIDIA A40 | 39°C, 100 % |  1149 / 46068 MB | root(?M)
[5] NVIDIA A40 | 39°C, 100 % |  1245 / 46068 MB | root(?M)
[6] NVIDIA A40 | 39°C,  82 % |  1259 / 46068 MB | root(?M)
[7] NVIDIA A40 | 41°C,  77 % |  7957 / 46068 MB | root(?M)

===== 2026-01-26 08:02:00 =====
s8             Mon Jan 26 08:02:01 2026  560.35.05
[0] NVIDIA A40 | 42°C,   0 % |  7039 / 46068 MB | root(?M)
[1] NVIDIA A40 | 41°C,   0 % |  1177 / 46068 MB | root(?M)
[2] NVIDIA A40 | 40°C,   0 % |  1239 / 46068 MB | root(?M)
[3] NVIDIA A40 | 38°C,   0 % |  1215 / 46068 MB | root(?M)
[4] NVIDIA A40 | 38°C,   0 % |  1211 / 46068 MB | root(?M)
[5] NVIDIA A40 | 38°C,   0 % |  1269 / 46068 MB | root(?M)
[6] NVIDIA A40 | 38°C,   0 % |  1271 / 46068 MB | root(?M)
[7] NVIDIA A40 | 38°C,   0 % |  6897 / 46068 MB | root(?M)

===== 2026-01-26 08:02:02 =====
s8             Mon Jan 26 08:02:03 2026  560.35.05
[0] NVIDIA A40 | 42°C,   2 % |  7244 / 46068 MB | root(?M) root(?M) root(?M)
[1] NVIDIA A40 | 41°C,   0 % |  1408 / 46068 MB | root(?M) root(?M)
[2] NVIDIA A40 | 40°C,   0 % |  1386 / 46068 MB | root(?M) root(?M)
[3] NVIDIA A40 | 38°C,   0 % |  1384 / 46068 MB | root(?M) root(?M)
[4] NVIDIA A40 | 38°C,   0 % |  1340 / 46068 MB | root(?M) root(?M)
[5] NVIDIA A40 | 38°C,   0 % |  1196 / 46068 MB | root(?M) root(?M)
[6] NVIDIA A40 | 38°C,   1 % |  1198 / 46068 MB | root(?M) root(?M)
[7] NVIDIA A40 | 38°C,   0 % |  6681 / 46068 MB | root(?M)

===== 2026-01-26 08:02:04 =====
s8             Mon Jan 26 08:02:05 2026  560.35.05
[0] NVIDIA A40 | 42°C,   0 % |   265 / 46068 MB | root(?M)
[1] NVIDIA A40 | 41°C,   0 % |     0 / 46068 MB |
[2] NVIDIA A40 | 40°C,   0 % |     0 / 46068 MB |
[3] NVIDIA A40 | 38°C,   0 % |     0 / 46068 MB |
[4] NVIDIA A40 | 38°C,   0 % |     0 / 46068 MB |
[5] NVIDIA A40 | 38°C,   0 % |     0 / 46068 MB |
[6] NVIDIA A40 | 38°C,   0 % |     0 / 46068 MB |
[7] NVIDIA A40 | 38°C,   0 % |     0 / 46068 MB |

===== 2026-01-26 08:02:06 =====
s8             Mon Jan 26 08:02:07 2026  560.35.05
[0] NVIDIA A40 | 41°C,   0 % |     0 / 46068 MB |
[1] NVIDIA A40 | 40°C,   0 % |     0 / 46068 MB |
[2] NVIDIA A40 | 39°C,   0 % |     0 / 46068 MB |
[3] NVIDIA A40 | 37°C,   0 % |     0 / 46068 MB |
[4] NVIDIA A40 | 37°C,   0 % |     0 / 46068 MB |
[5] NVIDIA A40 | 37°C,   0 % |     0 / 46068 MB |
[6] NVIDIA A40 | 37°C,   0 % |     0 / 46068 MB |
[7] NVIDIA A40 | 37°C,   0 % |     0 / 46068 MB |

===== 2026-01-26 08:02:08 =====
s8             Mon Jan 26 08:02:09 2026  560.35.05
[0] NVIDIA A40 | 40°C,   0 % |     0 / 46068 MB |
[1] NVIDIA A40 | 40°C,   0 % |     0 / 46068 MB |
[2] NVIDIA A40 | 39°C,   0 % |     0 / 46068 MB |
[3] NVIDIA A40 | 37°C,   0 % |     0 / 46068 MB |
[4] NVIDIA A40 | 37°C,   0 % |     0 / 46068 MB |
[5] NVIDIA A40 | 37°C,   0 % |     0 / 46068 MB |
[6] NVIDIA A40 | 36°C,   0 % |     0 / 46068 MB |
[7] NVIDIA A40 | 36°C,   0 % |     0 / 46068 MB |

===== 2026-01-26 08:02:10 =====
s8             Mon Jan 26 08:02:12 2026  560.35.05
[0] NVIDIA A40 | 40°C,   0 % |     0 / 46068 MB |
[1] NVIDIA A40 | 39°C,   0 % |     0 / 46068 MB |
[2] NVIDIA A40 | 37°C,   0 % |     0 / 46068 MB |
[3] NVIDIA A40 | 35°C,   0 % |     0 / 46068 MB |
[4] NVIDIA A40 | 36°C,   0 % |     0 / 46068 MB |
[5] NVIDIA A40 | 35°C,   0 % |     0 / 46068 MB |
[6] NVIDIA A40 | 35°C,   0 % |     0 / 46068 MB |
[7] NVIDIA A40 | 36°C,   0 % |     0 / 46068 MB |

===== 2026-01-26 08:02:13 =====
s8             Mon Jan 26 08:02:14 2026  560.35.05
[0] NVIDIA A40 | 40°C,   0 % |     0 / 46068 MB |
[1] NVIDIA A40 | 38°C,   0 % |     0 / 46068 MB |
[2] NVIDIA A40 | 37°C,   0 % |     0 / 46068 MB |
[3] NVIDIA A40 | 35°C,   0 % |     0 / 46068 MB |
[4] NVIDIA A40 | 35°C,   0 % |     0 / 46068 MB |
[5] NVIDIA A40 | 35°C,   0 % |     0 / 46068 MB |
[6] NVIDIA A40 | 35°C,   0 % |     0 / 46068 MB |
[7] NVIDIA A40 | 36°C,   0 % |     0 / 46068 MB |

===== 2026-01-26 08:02:15 =====
s8             Mon Jan 26 08:02:16 2026  560.35.05
[0] NVIDIA A40 | 39°C,   0 % |     0 / 46068 MB |
[1] NVIDIA A40 | 38°C,   0 % |     0 / 46068 MB |
[2] NVIDIA A40 | 37°C,   0 % |     0 / 46068 MB |
[3] NVIDIA A40 | 35°C,   0 % |     0 / 46068 MB |
[4] NVIDIA A40 | 35°C,   0 % |     0 / 46068 MB |
[5] NVIDIA A40 | 35°C,   0 % |     0 / 46068 MB |
[6] NVIDIA A40 | 35°C,   0 % |     0 / 46068 MB |
[7] NVIDIA A40 | 36°C,   0 % |     0 / 46068 MB |

===== 2026-01-26 08:02:17 =====
s8             Mon Jan 26 08:02:19 2026  560.35.05
[0] NVIDIA A40 | 38°C,   1 % |     0 / 46068 MB |
[1] NVIDIA A40 | 38°C,   1 % |     0 / 46068 MB |
[2] NVIDIA A40 | 36°C,   0 % |     0 / 46068 MB |
[3] NVIDIA A40 | 35°C,   0 % |     0 / 46068 MB |
[4] NVIDIA A40 | 35°C,   1 % |     0 / 46068 MB |
[5] NVIDIA A40 | 35°C,   1 % |     0 / 46068 MB |
[6] NVIDIA A40 | 35°C,   0 % |     0 / 46068 MB |
[7] NVIDIA A40 | 35°C,   0 % |     0 / 46068 MB |

===== 2026-01-26 08:02:20 =====
s8             Mon Jan 26 08:02:21 2026  560.35.05
[0] NVIDIA A40 | 38°C,   0 % |     3 / 46068 MB |
[1] NVIDIA A40 | 38°C,   0 % |     3 / 46068 MB |
[2] NVIDIA A40 | 37°C,   0 % |     3 / 46068 MB |
[3] NVIDIA A40 | 36°C,   0 % |     3 / 46068 MB |
[4] NVIDIA A40 | 35°C,   0 % |     3 / 46068 MB |
[5] NVIDIA A40 | 35°C,   0 % |     3 / 46068 MB |
[6] NVIDIA A40 | 35°C,   0 % |     3 / 46068 MB |
[7] NVIDIA A40 | 35°C,   0 % |     3 / 46068 MB |

===== 2026-01-26 08:02:22 =====
s8             Mon Jan 26 08:02:23 2026  560.35.05
[0] NVIDIA A40 | 38°C,   0 % |     3 / 46068 MB |
[1] NVIDIA A40 | 37°C,   0 % |     3 / 46068 MB |
[2] NVIDIA A40 | 36°C,   0 % |     3 / 46068 MB |
[3] NVIDIA A40 | 34°C,   0 % |     3 / 46068 MB |
[4] NVIDIA A40 | 35°C,   0 % |     3 / 46068 MB |
[5] NVIDIA A40 | 34°C,   0 % |     3 / 46068 MB |
[6] NVIDIA A40 | 34°C,   0 % |     3 / 46068 MB |
[7] NVIDIA A40 | 35°C,   0 % |     3 / 46068 MB |

===== 2026-01-26 08:02:24 =====
s8             Mon Jan 26 08:02:25 2026  560.35.05
[0] NVIDIA A40 | 37°C,   0 % |     3 / 46068 MB |
[1] NVIDIA A40 | 37°C,   0 % |     3 / 46068 MB |
[2] NVIDIA A40 | 36°C,   0 % |     3 / 46068 MB |
[3] NVIDIA A40 | 34°C,   0 % |     3 / 46068 MB |
[4] NVIDIA A40 | 35°C,   0 % |     3 / 46068 MB |
[5] NVIDIA A40 | 34°C,   0 % |     3 / 46068 MB |
[6] NVIDIA A40 | 34°C,   0 % |     3 / 46068 MB |
[7] NVIDIA A40 | 35°C,   0 % |     3 / 46068 MB |

===== 2026-01-26 08:02:26 =====
s8             Mon Jan 26 08:02:27 2026  560.35.05
[0] NVIDIA A40 | 37°C,   0 % |     3 / 46068 MB |
[1] NVIDIA A40 | 37°C,   0 % |     3 / 46068 MB |
[2] NVIDIA A40 | 36°C,   0 % |     3 / 46068 MB |
[3] NVIDIA A40 | 34°C,   0 % |     3 / 46068 MB |
[4] NVIDIA A40 | 35°C,   0 % |     3 / 46068 MB |
[5] NVIDIA A40 | 34°C,   0 % |     3 / 46068 MB |
[6] NVIDIA A40 | 34°C,   0 % |     3 / 46068 MB |
[7] NVIDIA A40 | 35°C,   0 % |     3 / 46068 MB |

===== 2026-01-26 08:02:28 =====
s8             Mon Jan 26 08:02:30 2026  560.35.05
[0] NVIDIA A40 | 37°C,   0 % |     3 / 46068 MB |
[1] NVIDIA A40 | 37°C,   0 % |     3 / 46068 MB |
[2] NVIDIA A40 | 36°C,   0 % |     3 / 46068 MB |
[3] NVIDIA A40 | 34°C,   0 % |     3 / 46068 MB |
[4] NVIDIA A40 | 35°C,   0 % |     3 / 46068 MB |
[5] NVIDIA A40 | 34°C,   0 % |     3 / 46068 MB |
[6] NVIDIA A40 | 34°C,   0 % |     3 / 46068 MB |
[7] NVIDIA A40 | 35°C,   0 % |     3 / 46068 MB |

===== 2026-01-26 08:02:31 =====
s8             Mon Jan 26 08:02:32 2026  560.35.05
[0] NVIDIA A40 | 40°C,   0 % |  1517 / 46068 MB | root(?M)
[1] NVIDIA A40 | 37°C,   0 % |     3 / 46068 MB |
[2] NVIDIA A40 | 36°C,   0 % |     3 / 46068 MB |
[3] NVIDIA A40 | 34°C,   0 % |     3 / 46068 MB |
[4] NVIDIA A40 | 35°C,   0 % |     3 / 46068 MB |
[5] NVIDIA A40 | 34°C,   0 % |     3 / 46068 MB |
[6] NVIDIA A40 | 34°C,   0 % |     3 / 46068 MB |
[7] NVIDIA A40 | 35°C,   0 % |     3 / 46068 MB |

===== 2026-01-26 08:02:33 =====
s8             Mon Jan 26 08:02:34 2026  560.35.05
[0] NVIDIA A40 | 40°C,   0 % |  1517 / 46068 MB | root(?M)
[1] NVIDIA A40 | 36°C,   0 % |     3 / 46068 MB |
[2] NVIDIA A40 | 35°C,   0 % |     3 / 46068 MB |
[3] NVIDIA A40 | 34°C,   0 % |     3 / 46068 MB |
[4] NVIDIA A40 | 34°C,   0 % |     3 / 46068 MB |
[5] NVIDIA A40 | 34°C,   0 % |     3 / 46068 MB |
[6] NVIDIA A40 | 34°C,   0 % |     3 / 46068 MB |
[7] NVIDIA A40 | 34°C,   0 % |     3 / 46068 MB |

===== 2026-01-26 08:02:35 =====
s8             Mon Jan 26 08:02:36 2026  560.35.05
[0] NVIDIA A40 | 40°C,   0 % |  1517 / 46068 MB | root(?M)
[1] NVIDIA A40 | 36°C,   0 % |     3 / 46068 MB |
[2] NVIDIA A40 | 35°C,   0 % |     3 / 46068 MB |
[3] NVIDIA A40 | 34°C,   0 % |     3 / 46068 MB |
[4] NVIDIA A40 | 34°C,   0 % |     3 / 46068 MB |
[5] NVIDIA A40 | 34°C,   0 % |     3 / 46068 MB |
[6] NVIDIA A40 | 34°C,   0 % |     3 / 46068 MB |
[7] NVIDIA A40 | 34°C,   0 % |     3 / 46068 MB |

===== 2026-01-26 08:02:37 =====
s8             Mon Jan 26 08:02:38 2026  560.35.05
[0] NVIDIA A40 | 40°C,   0 % |  1517 / 46068 MB | root(?M)
[1] NVIDIA A40 | 36°C,   0 % |     3 / 46068 MB |
[2] NVIDIA A40 | 35°C,   0 % |     3 / 46068 MB |
[3] NVIDIA A40 | 34°C,   0 % |     3 / 46068 MB |
[4] NVIDIA A40 | 34°C,   0 % |     3 / 46068 MB |
[5] NVIDIA A40 | 34°C,   0 % |     3 / 46068 MB |
[6] NVIDIA A40 | 34°C,   0 % |     3 / 46068 MB |
[7] NVIDIA A40 | 34°C,   0 % |     3 / 46068 MB |

===== 2026-01-26 08:02:39 =====
s8             Mon Jan 26 08:02:40 2026  560.35.05
[0] NVIDIA A40 | 40°C,   0 % |  1517 / 46068 MB | root(?M)
[1] NVIDIA A40 | 38°C,   0 % |   515 / 46068 MB | root(?M)
[2] NVIDIA A40 | 35°C,   0 % |     3 / 46068 MB |
[3] NVIDIA A40 | 34°C,   0 % |     3 / 46068 MB |
[4] NVIDIA A40 | 34°C,   0 % |     3 / 46068 MB |
[5] NVIDIA A40 | 34°C,   0 % |     3 / 46068 MB |
[6] NVIDIA A40 | 34°C,   0 % |     3 / 46068 MB |
[7] NVIDIA A40 | 35°C,   0 % |     3 / 46068 MB |

===== 2026-01-26 08:02:41 =====
s8             Mon Jan 26 08:02:42 2026  560.35.05
[0] NVIDIA A40 | 41°C,   0 % |  1517 / 46068 MB | root(?M)
[1] NVIDIA A40 | 39°C,   0 % |   515 / 46068 MB | root(?M)
[2] NVIDIA A40 | 35°C,   0 % |     3 / 46068 MB |
[3] NVIDIA A40 | 33°C,   0 % |     3 / 46068 MB |
[4] NVIDIA A40 | 34°C,   0 % |     3 / 46068 MB |
[5] NVIDIA A40 | 34°C,   0 % |     3 / 46068 MB |
[6] NVIDIA A40 | 34°C,   0 % |     3 / 46068 MB |
[7] NVIDIA A40 | 34°C,   0 % |     3 / 46068 MB |

===== 2026-01-26 08:02:43 =====
s8             Mon Jan 26 08:02:44 2026  560.35.05
[0] NVIDIA A40 | 41°C,   0 % |  1517 / 46068 MB | root(?M)
[1] NVIDIA A40 | 39°C,   0 % |   515 / 46068 MB | root(?M)
[2] NVIDIA A40 | 35°C,   0 % |     3 / 46068 MB |
[3] NVIDIA A40 | 33°C,   0 % |     3 / 46068 MB |
[4] NVIDIA A40 | 34°C,   0 % |     3 / 46068 MB |
[5] NVIDIA A40 | 34°C,   0 % |     3 / 46068 MB |
[6] NVIDIA A40 | 34°C,   0 % |     3 / 46068 MB |
[7] NVIDIA A40 | 34°C,   0 % |     3 / 46068 MB |

===== 2026-01-26 08:02:45 =====
s8             Mon Jan 26 08:02:46 2026  560.35.05
[0] NVIDIA A40 | 41°C,   0 % |  1517 / 46068 MB | root(?M)
[1] NVIDIA A40 | 39°C,   0 % |   515 / 46068 MB | root(?M)
[2] NVIDIA A40 | 35°C,   0 % |     3 / 46068 MB |
[3] NVIDIA A40 | 33°C,   0 % |     3 / 46068 MB |
[4] NVIDIA A40 | 34°C,   0 % |     3 / 46068 MB |
[5] NVIDIA A40 | 33°C,   0 % |     3 / 46068 MB |
[6] NVIDIA A40 | 34°C,   0 % |     3 / 46068 MB |
[7] NVIDIA A40 | 34°C,   0 % |     3 / 46068 MB |

===== 2026-01-26 08:02:47 =====
s8             Mon Jan 26 08:02:48 2026  560.35.05
[0] NVIDIA A40 | 41°C,   0 % |  1517 / 46068 MB | root(?M)
[1] NVIDIA A40 | 40°C,   0 % |   515 / 46068 MB | root(?M)
[2] NVIDIA A40 | 35°C,   0 % |    18 / 46068 MB | root(?M)
[3] NVIDIA A40 | 33°C,   0 % |     3 / 46068 MB |
[4] NVIDIA A40 | 34°C,   0 % |     3 / 46068 MB |
[5] NVIDIA A40 | 34°C,   0 % |     3 / 46068 MB |
[6] NVIDIA A40 | 34°C,   0 % |     3 / 46068 MB |
[7] NVIDIA A40 | 34°C,   0 % |     3 / 46068 MB |

===== 2026-01-26 08:02:49 =====
s8             Mon Jan 26 08:02:50 2026  560.35.05
[0] NVIDIA A40 | 41°C,   0 % |  1517 / 46068 MB | root(?M)
[1] NVIDIA A40 | 40°C,   0 % |   515 / 46068 MB | root(?M)
[2] NVIDIA A40 | 37°C,   0 % |   515 / 46068 MB | root(?M)
[3] NVIDIA A40 | 33°C,   0 % |     3 / 46068 MB |
[4] NVIDIA A40 | 34°C,   0 % |     3 / 46068 MB |
[5] NVIDIA A40 | 34°C,   0 % |     3 / 46068 MB |
[6] NVIDIA A40 | 34°C,   0 % |     3 / 46068 MB |
[7] NVIDIA A40 | 34°C,   0 % |     3 / 46068 MB |

===== 2026-01-26 08:02:51 =====
s8             Mon Jan 26 08:02:53 2026  560.35.05
[0] NVIDIA A40 | 41°C,   0 % |  1517 / 46068 MB | root(?M)
[1] NVIDIA A40 | 40°C,   0 % |   515 / 46068 MB | root(?M)
[2] NVIDIA A40 | 37°C,   0 % |   515 / 46068 MB | root(?M)
[3] NVIDIA A40 | 33°C,   0 % |     3 / 46068 MB |
[4] NVIDIA A40 | 34°C,   0 % |     3 / 46068 MB |
[5] NVIDIA A40 | 33°C,   0 % |     3 / 46068 MB |
[6] NVIDIA A40 | 34°C,   0 % |     3 / 46068 MB |
[7] NVIDIA A40 | 34°C,   0 % |     3 / 46068 MB |

===== 2026-01-26 08:02:54 =====
s8             Mon Jan 26 08:02:55 2026  560.35.05
[0] NVIDIA A40 | 41°C,   0 % |  1517 / 46068 MB | root(?M)
[1] NVIDIA A40 | 40°C,   0 % |   515 / 46068 MB | root(?M)
[2] NVIDIA A40 | 38°C,   0 % |   515 / 46068 MB | root(?M)
[3] NVIDIA A40 | 33°C,   0 % |     3 / 46068 MB |
[4] NVIDIA A40 | 34°C,   0 % |     3 / 46068 MB |
[5] NVIDIA A40 | 33°C,   0 % |     3 / 46068 MB |
[6] NVIDIA A40 | 33°C,   0 % |     3 / 46068 MB |
[7] NVIDIA A40 | 34°C,   0 % |     3 / 46068 MB |

===== 2026-01-26 08:02:56 =====
s8             Mon Jan 26 08:02:57 2026  560.35.05
[0] NVIDIA A40 | 41°C,   0 % |  1517 / 46068 MB | root(?M)
[1] NVIDIA A40 | 40°C,   0 % |   515 / 46068 MB | root(?M)
[2] NVIDIA A40 | 38°C,   0 % |   515 / 46068 MB | root(?M)
[3] NVIDIA A40 | 33°C,   0 % |     3 / 46068 MB |
[4] NVIDIA A40 | 34°C,   0 % |     3 / 46068 MB |
[5] NVIDIA A40 | 33°C,   0 % |     3 / 46068 MB |
[6] NVIDIA A40 | 33°C,   0 % |     3 / 46068 MB |
[7] NVIDIA A40 | 34°C,   0 % |     3 / 46068 MB |

===== 2026-01-26 08:02:58 =====
s8             Mon Jan 26 08:02:59 2026  560.35.05
[0] NVIDIA A40 | 42°C,   0 % |  1517 / 46068 MB | root(?M)
[1] NVIDIA A40 | 41°C,   0 % |   515 / 46068 MB | root(?M)
[2] NVIDIA A40 | 38°C,   0 % |   515 / 46068 MB | root(?M)
[3] NVIDIA A40 | 35°C,   0 % |   515 / 46068 MB | root(?M)
[4] NVIDIA A40 | 34°C,   0 % |     3 / 46068 MB |
[5] NVIDIA A40 | 34°C,   0 % |     3 / 46068 MB |
[6] NVIDIA A40 | 34°C,   0 % |     3 / 46068 MB |
[7] NVIDIA A40 | 34°C,   0 % |     3 / 46068 MB |

===== 2026-01-26 08:03:00 =====
s8             Mon Jan 26 08:03:01 2026  560.35.05
[0] NVIDIA A40 | 41°C,   0 % |  1517 / 46068 MB | root(?M)
[1] NVIDIA A40 | 41°C,   0 % |   515 / 46068 MB | root(?M)
[2] NVIDIA A40 | 38°C,   0 % |   515 / 46068 MB | root(?M)
[3] NVIDIA A40 | 35°C,   0 % |   515 / 46068 MB | root(?M)
[4] NVIDIA A40 | 33°C,   0 % |     3 / 46068 MB |
[5] NVIDIA A40 | 33°C,   0 % |     3 / 46068 MB |
[6] NVIDIA A40 | 33°C,   0 % |     3 / 46068 MB |
[7] NVIDIA A40 | 34°C,   0 % |     3 / 46068 MB |

===== 2026-01-26 08:03:02 =====
s8             Mon Jan 26 08:03:03 2026  560.35.05
[0] NVIDIA A40 | 42°C,   0 % |  1517 / 46068 MB | root(?M)
[1] NVIDIA A40 | 41°C,   0 % |   515 / 46068 MB | root(?M)
[2] NVIDIA A40 | 38°C,   0 % |   515 / 46068 MB | root(?M)
[3] NVIDIA A40 | 36°C,   0 % |   515 / 46068 MB | root(?M)
[4] NVIDIA A40 | 33°C,   0 % |     3 / 46068 MB |
[5] NVIDIA A40 | 33°C,   0 % |     3 / 46068 MB |
[6] NVIDIA A40 | 33°C,   0 % |     3 / 46068 MB |
[7] NVIDIA A40 | 34°C,   0 % |     3 / 46068 MB |

===== 2026-01-26 08:03:04 =====
s8             Mon Jan 26 08:03:05 2026  560.35.05
[0] NVIDIA A40 | 42°C,   0 % |  1517 / 46068 MB | root(?M)
[1] NVIDIA A40 | 41°C,   0 % |   515 / 46068 MB | root(?M)
[2] NVIDIA A40 | 39°C,   0 % |   515 / 46068 MB | root(?M)
[3] NVIDIA A40 | 36°C,   0 % |   515 / 46068 MB | root(?M)
[4] NVIDIA A40 | 33°C,   0 % |     3 / 46068 MB |
[5] NVIDIA A40 | 33°C,   0 % |     3 / 46068 MB |
[6] NVIDIA A40 | 33°C,   0 % |     3 / 46068 MB |
[7] NVIDIA A40 | 34°C,   0 % |     3 / 46068 MB |

===== 2026-01-26 08:03:06 =====
s8             Mon Jan 26 08:03:07 2026  560.35.05
[0] NVIDIA A40 | 42°C,   0 % |  1517 / 46068 MB | root(?M)
[1] NVIDIA A40 | 41°C,   0 % |   515 / 46068 MB | root(?M)
[2] NVIDIA A40 | 39°C,   0 % |   515 / 46068 MB | root(?M)
[3] NVIDIA A40 | 36°C,   0 % |   515 / 46068 MB | root(?M)
[4] NVIDIA A40 | 35°C,   0 % |   269 / 46068 MB | root(?M)
[5] NVIDIA A40 | 33°C,   0 % |     3 / 46068 MB |
[6] NVIDIA A40 | 33°C,   0 % |     3 / 46068 MB |
[7] NVIDIA A40 | 34°C,   0 % |     3 / 46068 MB |

===== 2026-01-26 08:03:08 =====
s8             Mon Jan 26 08:03:09 2026  560.35.05
[0] NVIDIA A40 | 42°C,   0 % |  1517 / 46068 MB | root(?M)
[1] NVIDIA A40 | 41°C,   0 % |   515 / 46068 MB | root(?M)
[2] NVIDIA A40 | 39°C,   0 % |   515 / 46068 MB | root(?M)
[3] NVIDIA A40 | 36°C,   0 % |   515 / 46068 MB | root(?M)
[4] NVIDIA A40 | 36°C,   0 % |   515 / 46068 MB | root(?M)
[5] NVIDIA A40 | 33°C,   0 % |     3 / 46068 MB |
[6] NVIDIA A40 | 33°C,   0 % |     3 / 46068 MB |
[7] NVIDIA A40 | 34°C,   0 % |     3 / 46068 MB |

===== 2026-01-26 08:03:10 =====
s8             Mon Jan 26 08:03:11 2026  560.35.05
[0] NVIDIA A40 | 42°C,   0 % |  1517 / 46068 MB | root(?M)
[1] NVIDIA A40 | 41°C,   0 % |   515 / 46068 MB | root(?M)
[2] NVIDIA A40 | 39°C,   0 % |   515 / 46068 MB | root(?M)
[3] NVIDIA A40 | 36°C,   0 % |   515 / 46068 MB | root(?M)
[4] NVIDIA A40 | 36°C,   0 % |   515 / 46068 MB | root(?M)
[5] NVIDIA A40 | 33°C,   0 % |     3 / 46068 MB |
[6] NVIDIA A40 | 33°C,   0 % |     3 / 46068 MB |
[7] NVIDIA A40 | 34°C,   0 % |     3 / 46068 MB |

===== 2026-01-26 08:03:12 =====
s8             Mon Jan 26 08:03:13 2026  560.35.05
[0] NVIDIA A40 | 42°C,   0 % |  1517 / 46068 MB | root(?M)
[1] NVIDIA A40 | 41°C,   0 % |   515 / 46068 MB | root(?M)
[2] NVIDIA A40 | 39°C,   0 % |   515 / 46068 MB | root(?M)
[3] NVIDIA A40 | 37°C,   0 % |   515 / 46068 MB | root(?M)
[4] NVIDIA A40 | 36°C,   0 % |   515 / 46068 MB | root(?M)
[5] NVIDIA A40 | 33°C,   0 % |     3 / 46068 MB |
[6] NVIDIA A40 | 33°C,   0 % |     3 / 46068 MB |
[7] NVIDIA A40 | 34°C,   0 % |     3 / 46068 MB |

===== 2026-01-26 08:03:14 =====
s8             Mon Jan 26 08:03:15 2026  560.35.05
[0] NVIDIA A40 | 42°C,   0 % |  1517 / 46068 MB | root(?M)
[1] NVIDIA A40 | 41°C,   0 % |   515 / 46068 MB | root(?M)
[2] NVIDIA A40 | 39°C,   0 % |   515 / 46068 MB | root(?M)
[3] NVIDIA A40 | 37°C,   0 % |   515 / 46068 MB | root(?M)
[4] NVIDIA A40 | 36°C,   0 % |   515 / 46068 MB | root(?M)
[5] NVIDIA A40 | 33°C,   0 % |     3 / 46068 MB |
[6] NVIDIA A40 | 33°C,   0 % |     3 / 46068 MB |
[7] NVIDIA A40 | 33°C,   0 % |     3 / 46068 MB |

===== 2026-01-26 08:03:16 =====
s8             Mon Jan 26 08:03:17 2026  560.35.05
[0] NVIDIA A40 | 42°C,   0 % |  1517 / 46068 MB | root(?M)
[1] NVIDIA A40 | 42°C,   0 % |   515 / 46068 MB | root(?M)
[2] NVIDIA A40 | 39°C,   0 % |   515 / 46068 MB | root(?M)
[3] NVIDIA A40 | 37°C,   0 % |   515 / 46068 MB | root(?M)
[4] NVIDIA A40 | 37°C,   0 % |   515 / 46068 MB | root(?M)
[5] NVIDIA A40 | 35°C,   0 % |   515 / 46068 MB | root(?M)
[6] NVIDIA A40 | 33°C,   0 % |     3 / 46068 MB |
[7] NVIDIA A40 | 34°C,   0 % |     3 / 46068 MB |

===== 2026-01-26 08:03:18 =====
s8             Mon Jan 26 08:03:20 2026  560.35.05
[0] NVIDIA A40 | 42°C,   0 % |  1517 / 46068 MB | root(?M)
[1] NVIDIA A40 | 42°C,   0 % |   515 / 46068 MB | root(?M)
[2] NVIDIA A40 | 40°C,   0 % |   515 / 46068 MB | root(?M)
[3] NVIDIA A40 | 37°C,   0 % |   515 / 46068 MB | root(?M)
[4] NVIDIA A40 | 37°C,   0 % |   515 / 46068 MB | root(?M)
[5] NVIDIA A40 | 35°C,   0 % |   515 / 46068 MB | root(?M)
[6] NVIDIA A40 | 33°C,   0 % |     3 / 46068 MB |
[7] NVIDIA A40 | 33°C,   0 % |     3 / 46068 MB |

===== 2026-01-26 08:03:21 =====
s8             Mon Jan 26 08:03:22 2026  560.35.05
[0] NVIDIA A40 | 42°C,   0 % |  1517 / 46068 MB | root(?M)
[1] NVIDIA A40 | 42°C,   0 % |   515 / 46068 MB | root(?M)
[2] NVIDIA A40 | 40°C,   0 % |   515 / 46068 MB | root(?M)
[3] NVIDIA A40 | 37°C,   0 % |   515 / 46068 MB | root(?M)
[4] NVIDIA A40 | 37°C,   0 % |   515 / 46068 MB | root(?M)
[5] NVIDIA A40 | 36°C,   0 % |   515 / 46068 MB | root(?M)
[6] NVIDIA A40 | 33°C,   0 % |     3 / 46068 MB |
[7] NVIDIA A40 | 33°C,   0 % |     3 / 46068 MB |

===== 2026-01-26 08:03:23 =====
s8             Mon Jan 26 08:03:24 2026  560.35.05
[0] NVIDIA A40 | 42°C,   0 % |  1517 / 46068 MB | root(?M)
[1] NVIDIA A40 | 42°C,   0 % |   515 / 46068 MB | root(?M)
[2] NVIDIA A40 | 40°C,   0 % |   515 / 46068 MB | root(?M)
[3] NVIDIA A40 | 37°C,   0 % |   515 / 46068 MB | root(?M)
[4] NVIDIA A40 | 37°C,   0 % |   515 / 46068 MB | root(?M)
[5] NVIDIA A40 | 36°C,   0 % |   515 / 46068 MB | root(?M)
[6] NVIDIA A40 | 33°C,   0 % |     3 / 46068 MB |
[7] NVIDIA A40 | 33°C,   0 % |     3 / 46068 MB |

===== 2026-01-26 08:03:25 =====
s8             Mon Jan 26 08:03:26 2026  560.35.05
[0] NVIDIA A40 | 42°C,   0 % |  1517 / 46068 MB | root(?M)
[1] NVIDIA A40 | 42°C,   0 % |   515 / 46068 MB | root(?M)
[2] NVIDIA A40 | 40°C,   0 % |   515 / 46068 MB | root(?M)
[3] NVIDIA A40 | 37°C,   0 % |   515 / 46068 MB | root(?M)
[4] NVIDIA A40 | 37°C,   0 % |   515 / 46068 MB | root(?M)
[5] NVIDIA A40 | 36°C,   0 % |   515 / 46068 MB | root(?M)
[6] NVIDIA A40 | 33°C,   0 % |    17 / 46068 MB | root(?M)
[7] NVIDIA A40 | 33°C,   0 % |     3 / 46068 MB |

===== 2026-01-26 08:03:27 =====
s8             Mon Jan 26 08:03:28 2026  560.35.05
[0] NVIDIA A40 | 42°C,   0 % |  1517 / 46068 MB | root(?M)
[1] NVIDIA A40 | 42°C,   0 % |   515 / 46068 MB | root(?M)
[2] NVIDIA A40 | 40°C,   0 % |   515 / 46068 MB | root(?M)
[3] NVIDIA A40 | 37°C,   0 % |   515 / 46068 MB | root(?M)
[4] NVIDIA A40 | 38°C,   0 % |   515 / 46068 MB | root(?M)
[5] NVIDIA A40 | 36°C,   0 % |   515 / 46068 MB | root(?M)
[6] NVIDIA A40 | 35°C,   0 % |   515 / 46068 MB | root(?M)
[7] NVIDIA A40 | 34°C,   0 % |     3 / 46068 MB |

===== 2026-01-26 08:03:29 =====
s8             Mon Jan 26 08:03:30 2026  560.35.05
[0] NVIDIA A40 | 42°C,   0 % |  1517 / 46068 MB | root(?M)
[1] NVIDIA A40 | 42°C,   0 % |   515 / 46068 MB | root(?M)
[2] NVIDIA A40 | 40°C,   0 % |   515 / 46068 MB | root(?M)
[3] NVIDIA A40 | 37°C,   0 % |   515 / 46068 MB | root(?M)
[4] NVIDIA A40 | 38°C,   0 % |   515 / 46068 MB | root(?M)
[5] NVIDIA A40 | 37°C,   0 % |   515 / 46068 MB | root(?M)
[6] NVIDIA A40 | 36°C,   0 % |   515 / 46068 MB | root(?M)
[7] NVIDIA A40 | 33°C,   0 % |     3 / 46068 MB |

===== 2026-01-26 08:03:31 =====
s8             Mon Jan 26 08:03:32 2026  560.35.05
[0] NVIDIA A40 | 42°C,   0 % |  1517 / 46068 MB | root(?M)
[1] NVIDIA A40 | 42°C,   0 % |   515 / 46068 MB | root(?M)
[2] NVIDIA A40 | 40°C,   0 % |   515 / 46068 MB | root(?M)
[3] NVIDIA A40 | 37°C,   0 % |   515 / 46068 MB | root(?M)
[4] NVIDIA A40 | 38°C,   0 % |   515 / 46068 MB | root(?M)
[5] NVIDIA A40 | 37°C,   0 % |   515 / 46068 MB | root(?M)
[6] NVIDIA A40 | 36°C,   0 % |   515 / 46068 MB | root(?M)
[7] NVIDIA A40 | 33°C,   0 % |     3 / 46068 MB |

===== 2026-01-26 08:03:33 =====
s8             Mon Jan 26 08:03:34 2026  560.35.05
[0] NVIDIA A40 | 42°C,   0 % |  1517 / 46068 MB | root(?M)
[1] NVIDIA A40 | 42°C,   0 % |   515 / 46068 MB | root(?M)
[2] NVIDIA A40 | 40°C,   0 % |   515 / 46068 MB | root(?M)
[3] NVIDIA A40 | 38°C,   0 % |   515 / 46068 MB | root(?M)
[4] NVIDIA A40 | 38°C,   0 % |   515 / 46068 MB | root(?M)
[5] NVIDIA A40 | 37°C,   0 % |   515 / 46068 MB | root(?M)
[6] NVIDIA A40 | 36°C,   0 % |   515 / 46068 MB | root(?M)
[7] NVIDIA A40 | 33°C,   0 % |     3 / 46068 MB |

===== 2026-01-26 08:03:35 =====
s8             Mon Jan 26 08:03:36 2026  560.35.05
[0] NVIDIA A40 | 42°C,   0 % |  1517 / 46068 MB | root(?M)
[1] NVIDIA A40 | 42°C,   0 % |   515 / 46068 MB | root(?M)
[2] NVIDIA A40 | 40°C,   0 % |   515 / 46068 MB | root(?M)
[3] NVIDIA A40 | 38°C,   0 % |   515 / 46068 MB | root(?M)
[4] NVIDIA A40 | 38°C,   0 % |   515 / 46068 MB | root(?M)
[5] NVIDIA A40 | 37°C,   0 % |   515 / 46068 MB | root(?M)
[6] NVIDIA A40 | 37°C,   0 % |   515 / 46068 MB | root(?M)
[7] NVIDIA A40 | 35°C,   0 % |  1517 / 46068 MB | root(?M)

===== 2026-01-26 08:03:37 =====
s8             Mon Jan 26 08:03:38 2026  560.35.05
[0] NVIDIA A40 | 43°C,   9 % |  1951 / 46068 MB | root(?M)
[1] NVIDIA A40 | 43°C,   4 % |   917 / 46068 MB | root(?M)
[2] NVIDIA A40 | 41°C,   9 % |   681 / 46068 MB | root(?M)
[3] NVIDIA A40 | 38°C,   0 % |   515 / 46068 MB | root(?M)
[4] NVIDIA A40 | 38°C,   0 % |   515 / 46068 MB | root(?M)
[5] NVIDIA A40 | 37°C,   0 % |   515 / 46068 MB | root(?M)
[6] NVIDIA A40 | 37°C,   0 % |   515 / 46068 MB | root(?M)
[7] NVIDIA A40 | 36°C,   0 % |  1761 / 46068 MB | root(?M)

===== 2026-01-26 08:03:39 =====
s8             Mon Jan 26 08:03:40 2026  560.35.05
[0] NVIDIA A40 | 44°C, 100 % |  2111 / 46068 MB | root(?M)
[1] NVIDIA A40 | 44°C, 100 % |  1165 / 46068 MB | root(?M)
[2] NVIDIA A40 | 42°C, 100 % |  1169 / 46068 MB | root(?M)
[3] NVIDIA A40 | 39°C,  97 % |  1105 / 46068 MB | root(?M)
[4] NVIDIA A40 | 39°C,  97 % |  1029 / 46068 MB | root(?M)
[5] NVIDIA A40 | 38°C,  97 % |  1085 / 46068 MB | root(?M)
[6] NVIDIA A40 | 38°C,  80 % |  1027 / 46068 MB | root(?M)
[7] NVIDIA A40 | 40°C,  39 % |  5595 / 46068 MB | root(?M)

===== 2026-01-26 08:03:41 =====
s8             Mon Jan 26 08:03:42 2026  560.35.05
[0] NVIDIA A40 | 45°C,  53 % |  7043 / 46068 MB | root(?M)
[1] NVIDIA A40 | 45°C,  77 % |  1497 / 46068 MB | root(?M)
[2] NVIDIA A40 | 42°C,  75 % |  1183 / 46068 MB | root(?M)
[3] NVIDIA A40 | 40°C,  46 % |  1343 / 46068 MB | root(?M)
[4] NVIDIA A40 | 40°C,  81 % |  1367 / 46068 MB | root(?M)
[5] NVIDIA A40 | 39°C,  75 % |  1393 / 46068 MB | root(?M)
[6] NVIDIA A40 | 39°C,  76 % |  1297 / 46068 MB | root(?M)
[7] NVIDIA A40 | 42°C,  45 % |  6973 / 46068 MB | root(?M)

===== 2026-01-26 08:03:43 =====
s8             Mon Jan 26 08:03:44 2026  560.35.05
[0] NVIDIA A40 | 46°C,  94 % |  7045 / 46068 MB | root(?M)
[1] NVIDIA A40 | 45°C,  79 % |  1589 / 46068 MB | root(?M)
[2] NVIDIA A40 | 42°C,  44 % |  1189 / 46068 MB | root(?M)
[3] NVIDIA A40 | 40°C,  47 % |  1423 / 46068 MB | root(?M)
[4] NVIDIA A40 | 41°C,  86 % |  1407 / 46068 MB | root(?M)
[5] NVIDIA A40 | 40°C,  74 % |  1415 / 46068 MB | root(?M)
[6] NVIDIA A40 | 39°C,  44 % |  1203 / 46068 MB | root(?M)
[7] NVIDIA A40 | 44°C,  54 % |  6973 / 46068 MB | root(?M)

===== 2026-01-26 08:03:45 =====
s8             Mon Jan 26 08:03:47 2026  560.35.05
[0] NVIDIA A40 | 44°C,   0 % |  7041 / 46068 MB | root(?M)
[1] NVIDIA A40 | 44°C,   0 % |  1197 / 46068 MB | root(?M)
[2] NVIDIA A40 | 42°C,   0 % |  1167 / 46068 MB | root(?M)
[3] NVIDIA A40 | 39°C,   0 % |  1183 / 46068 MB | root(?M)
[4] NVIDIA A40 | 40°C,   0 % |  1201 / 46068 MB | root(?M)
[5] NVIDIA A40 | 39°C,   0 % |  1247 / 46068 MB | root(?M)
[6] NVIDIA A40 | 38°C,   0 % |  1251 / 46068 MB | root(?M)
[7] NVIDIA A40 | 40°C,   0 % |  7031 / 46068 MB | root(?M)

===== 2026-01-26 08:03:48 =====
s8             Mon Jan 26 08:03:49 2026  560.35.05
[0] NVIDIA A40 | 44°C,   1 % |  7245 / 46068 MB | root(?M) root(?M) root(?M)
[1] NVIDIA A40 | 44°C,   1 % |  1428 / 46068 MB | root(?M) root(?M)
[2] NVIDIA A40 | 41°C,   2 % |  1374 / 46068 MB | root(?M) root(?M)
[3] NVIDIA A40 | 39°C,   0 % |  1370 / 46068 MB | root(?M) root(?M)
[4] NVIDIA A40 | 39°C,   0 % |  1330 / 46068 MB | root(?M) root(?M)
[5] NVIDIA A40 | 39°C,   0 % |  1174 / 46068 MB | root(?M) root(?M)
[6] NVIDIA A40 | 38°C,   1 % |  1178 / 46068 MB | root(?M) root(?M)
[7] NVIDIA A40 | 39°C,   1 % |  6757 / 46068 MB | root(?M)

===== 2026-01-26 08:03:50 =====
s8             Mon Jan 26 08:03:51 2026  560.35.05
[0] NVIDIA A40 | 44°C,   3 % |     3 / 46068 MB |
[1] NVIDIA A40 | 44°C,  12 % |   265 / 46068 MB | root(?M)
[2] NVIDIA A40 | 42°C,   0 % |     0 / 46068 MB |
[3] NVIDIA A40 | 39°C,   0 % |     0 / 46068 MB |
[4] NVIDIA A40 | 39°C,   0 % |     0 / 46068 MB |
[5] NVIDIA A40 | 39°C,   0 % |     0 / 46068 MB |
[6] NVIDIA A40 | 38°C,   0 % |     0 / 46068 MB |
[7] NVIDIA A40 | 39°C,   0 % |     0 / 46068 MB |

===== 2026-01-26 08:03:52 =====
s8             Mon Jan 26 08:03:53 2026  560.35.05
[0] NVIDIA A40 | 42°C,   0 % |     0 / 46068 MB |
[1] NVIDIA A40 | 42°C,   0 % |     0 / 46068 MB |
[2] NVIDIA A40 | 40°C,   0 % |     0 / 46068 MB |
[3] NVIDIA A40 | 38°C,   0 % |     0 / 46068 MB |
[4] NVIDIA A40 | 38°C,   0 % |     0 / 46068 MB |
[5] NVIDIA A40 | 38°C,   0 % |     0 / 46068 MB |
[6] NVIDIA A40 | 37°C,   0 % |     0 / 46068 MB |
[7] NVIDIA A40 | 38°C,   0 % |     0 / 46068 MB |

===== 2026-01-26 08:03:54 =====
s8             Mon Jan 26 08:03:55 2026  560.35.05
[0] NVIDIA A40 | 42°C,   0 % |     0 / 46068 MB |
[1] NVIDIA A40 | 42°C,   0 % |     0 / 46068 MB |
[2] NVIDIA A40 | 40°C,   0 % |     0 / 46068 MB |
[3] NVIDIA A40 | 37°C,   0 % |     0 / 46068 MB |
[4] NVIDIA A40 | 38°C,   0 % |     0 / 46068 MB |
[5] NVIDIA A40 | 37°C,   0 % |     0 / 46068 MB |
[6] NVIDIA A40 | 37°C,   0 % |     0 / 46068 MB |
[7] NVIDIA A40 | 38°C,   0 % |     0 / 46068 MB |

===== 2026-01-26 08:03:56 =====
s8             Mon Jan 26 08:03:57 2026  560.35.05
[0] NVIDIA A40 | 41°C,   0 % |     0 / 46068 MB |
[1] NVIDIA A40 | 40°C,   0 % |     0 / 46068 MB |
[2] NVIDIA A40 | 38°C,   0 % |     0 / 46068 MB |
[3] NVIDIA A40 | 36°C,   0 % |     0 / 46068 MB |
[4] NVIDIA A40 | 37°C,   0 % |     0 / 46068 MB |
[5] NVIDIA A40 | 36°C,   0 % |     0 / 46068 MB |
[6] NVIDIA A40 | 36°C,   0 % |     0 / 46068 MB |
[7] NVIDIA A40 | 38°C,   0 % |     0 / 46068 MB |

===== 2026-01-26 08:03:58 =====
s8             Mon Jan 26 08:04:00 2026  560.35.05
[0] NVIDIA A40 | 41°C,   0 % |     0 / 46068 MB |
[1] NVIDIA A40 | 40°C,   0 % |     0 / 46068 MB |
[2] NVIDIA A40 | 38°C,   0 % |     0 / 46068 MB |
[3] NVIDIA A40 | 36°C,   0 % |     0 / 46068 MB |
[4] NVIDIA A40 | 36°C,   0 % |     0 / 46068 MB |
[5] NVIDIA A40 | 36°C,   0 % |     0 / 46068 MB |
[6] NVIDIA A40 | 35°C,   0 % |     0 / 46068 MB |
[7] NVIDIA A40 | 38°C,   0 % |     0 / 46068 MB |

===== 2026-01-26 08:04:01 =====
s8             Mon Jan 26 08:04:02 2026  560.35.05
[0] NVIDIA A40 | 41°C,   0 % |     0 / 46068 MB |
[1] NVIDIA A40 | 40°C,   0 % |     0 / 46068 MB |
[2] NVIDIA A40 | 38°C,   0 % |     0 / 46068 MB |
[3] NVIDIA A40 | 36°C,   0 % |     0 / 46068 MB |
[4] NVIDIA A40 | 36°C,   0 % |     0 / 46068 MB |
[5] NVIDIA A40 | 35°C,   0 % |     0 / 46068 MB |
[6] NVIDIA A40 | 35°C,   0 % |     0 / 46068 MB |
[7] NVIDIA A40 | 37°C,   0 % |     0 / 46068 MB |

===== 2026-01-26 08:04:03 =====
s8             Mon Jan 26 08:04:05 2026  560.35.05
[0] NVIDIA A40 | 39°C,   0 % |     0 / 46068 MB |
[1] NVIDIA A40 | 39°C,   0 % |     0 / 46068 MB |
[2] NVIDIA A40 | 37°C,   1 % |     0 / 46068 MB |
[3] NVIDIA A40 | 35°C,   0 % |     0 / 46068 MB |
[4] NVIDIA A40 | 36°C,   0 % |     0 / 46068 MB |
[5] NVIDIA A40 | 35°C,   1 % |     0 / 46068 MB |
[6] NVIDIA A40 | 35°C,   0 % |     0 / 46068 MB |
[7] NVIDIA A40 | 36°C,   0 % |     0 / 46068 MB |

===== 2026-01-26 08:04:06 =====
s8             Mon Jan 26 08:04:07 2026  560.35.05
[0] NVIDIA A40 | 40°C,   0 % |     3 / 46068 MB |
[1] NVIDIA A40 | 40°C,   0 % |     3 / 46068 MB |
[2] NVIDIA A40 | 38°C,   0 % |     3 / 46068 MB |
[3] NVIDIA A40 | 36°C,   0 % |     3 / 46068 MB |
[4] NVIDIA A40 | 36°C,   0 % |     3 / 46068 MB |
[5] NVIDIA A40 | 35°C,   0 % |     3 / 46068 MB |
[6] NVIDIA A40 | 35°C,   0 % |     3 / 46068 MB |
[7] NVIDIA A40 | 36°C,   0 % |     3 / 46068 MB |

===== 2026-01-26 08:04:08 =====
s8             Mon Jan 26 08:04:09 2026  560.35.05
[0] NVIDIA A40 | 39°C,   0 % |     3 / 46068 MB |
[1] NVIDIA A40 | 39°C,   0 % |     3 / 46068 MB |
[2] NVIDIA A40 | 37°C,   0 % |     3 / 46068 MB |
[3] NVIDIA A40 | 35°C,   0 % |     3 / 46068 MB |
[4] NVIDIA A40 | 36°C,   0 % |     3 / 46068 MB |
[5] NVIDIA A40 | 35°C,   0 % |     3 / 46068 MB |
[6] NVIDIA A40 | 35°C,   0 % |     3 / 46068 MB |
[7] NVIDIA A40 | 36°C,   0 % |     3 / 46068 MB |

===== 2026-01-26 08:04:10 =====
s8             Mon Jan 26 08:04:11 2026  560.35.05
[0] NVIDIA A40 | 39°C,   0 % |     3 / 46068 MB |
[1] NVIDIA A40 | 39°C,   0 % |     3 / 46068 MB |
[2] NVIDIA A40 | 37°C,   0 % |     3 / 46068 MB |
[3] NVIDIA A40 | 35°C,   0 % |     3 / 46068 MB |
[4] NVIDIA A40 | 35°C,   0 % |     3 / 46068 MB |
[5] NVIDIA A40 | 35°C,   0 % |     3 / 46068 MB |
[6] NVIDIA A40 | 35°C,   0 % |     3 / 46068 MB |
[7] NVIDIA A40 | 36°C,   0 % |     3 / 46068 MB |

===== 2026-01-26 08:04:12 =====
s8             Mon Jan 26 08:04:13 2026  560.35.05
[0] NVIDIA A40 | 38°C,   0 % |     3 / 46068 MB |
[1] NVIDIA A40 | 38°C,   0 % |     3 / 46068 MB |
[2] NVIDIA A40 | 37°C,   0 % |     3 / 46068 MB |
[3] NVIDIA A40 | 35°C,   0 % |     3 / 46068 MB |
[4] NVIDIA A40 | 35°C,   0 % |     3 / 46068 MB |
[5] NVIDIA A40 | 35°C,   0 % |     3 / 46068 MB |
[6] NVIDIA A40 | 35°C,   0 % |     3 / 46068 MB |
[7] NVIDIA A40 | 36°C,   0 % |     3 / 46068 MB |

===== 2026-01-26 08:04:14 =====
s8             Mon Jan 26 08:04:16 2026  560.35.05
[0] NVIDIA A40 | 38°C,   0 % |     3 / 46068 MB |
[1] NVIDIA A40 | 38°C,   1 % |     3 / 46068 MB |
[2] NVIDIA A40 | 36°C,   0 % |     3 / 46068 MB |
[3] NVIDIA A40 | 35°C,   0 % |     3 / 46068 MB |
[4] NVIDIA A40 | 35°C,   0 % |     3 / 46068 MB |
[5] NVIDIA A40 | 35°C,   0 % |     3 / 46068 MB |
[6] NVIDIA A40 | 35°C,   0 % |     3 / 46068 MB |
[7] NVIDIA A40 | 36°C,   0 % |     3 / 46068 MB |

===== 2026-01-26 08:04:17 =====
s8             Mon Jan 26 08:04:18 2026  560.35.05
[0] NVIDIA A40 | 41°C,   0 % |  1517 / 46068 MB | root(?M)
[1] NVIDIA A40 | 39°C,   0 % |     3 / 46068 MB |
[2] NVIDIA A40 | 37°C,   0 % |     3 / 46068 MB |
[3] NVIDIA A40 | 35°C,   0 % |     3 / 46068 MB |
[4] NVIDIA A40 | 35°C,   0 % |     3 / 46068 MB |
[5] NVIDIA A40 | 35°C,   0 % |     3 / 46068 MB |
[6] NVIDIA A40 | 35°C,   0 % |     3 / 46068 MB |
[7] NVIDIA A40 | 36°C,   0 % |     3 / 46068 MB |

===== 2026-01-26 08:04:19 =====
s8             Mon Jan 26 08:04:20 2026  560.35.05
[0] NVIDIA A40 | 41°C,   0 % |  1517 / 46068 MB | root(?M)
[1] NVIDIA A40 | 38°C,   0 % |     3 / 46068 MB |
[2] NVIDIA A40 | 36°C,   0 % |     3 / 46068 MB |
[3] NVIDIA A40 | 34°C,   0 % |     3 / 46068 MB |
[4] NVIDIA A40 | 35°C,   0 % |     3 / 46068 MB |
[5] NVIDIA A40 | 34°C,   0 % |     3 / 46068 MB |
[6] NVIDIA A40 | 34°C,   0 % |     3 / 46068 MB |
[7] NVIDIA A40 | 35°C,   0 % |     3 / 46068 MB |

===== 2026-01-26 08:04:21 =====
s8             Mon Jan 26 08:04:22 2026  560.35.05
[0] NVIDIA A40 | 41°C,   0 % |  1517 / 46068 MB | root(?M)
[1] NVIDIA A40 | 38°C,   0 % |     3 / 46068 MB |
[2] NVIDIA A40 | 36°C,   0 % |     3 / 46068 MB |
[3] NVIDIA A40 | 34°C,   0 % |     3 / 46068 MB |
[4] NVIDIA A40 | 35°C,   0 % |     3 / 46068 MB |
[5] NVIDIA A40 | 34°C,   0 % |     3 / 46068 MB |
[6] NVIDIA A40 | 34°C,   0 % |     3 / 46068 MB |
[7] NVIDIA A40 | 35°C,   0 % |     3 / 46068 MB |

===== 2026-01-26 08:04:23 =====
s8             Mon Jan 26 08:04:24 2026  560.35.05
[0] NVIDIA A40 | 41°C,   0 % |  1517 / 46068 MB | root(?M)
[1] NVIDIA A40 | 38°C,   0 % |     3 / 46068 MB |
[2] NVIDIA A40 | 36°C,   0 % |     3 / 46068 MB |
[3] NVIDIA A40 | 34°C,   0 % |     3 / 46068 MB |
[4] NVIDIA A40 | 35°C,   0 % |     3 / 46068 MB |
[5] NVIDIA A40 | 34°C,   0 % |     3 / 46068 MB |
[6] NVIDIA A40 | 34°C,   0 % |     3 / 46068 MB |
[7] NVIDIA A40 | 35°C,   0 % |     3 / 46068 MB |

===== 2026-01-26 08:04:25 =====
s8             Mon Jan 26 08:04:26 2026  560.35.05
[0] NVIDIA A40 | 42°C,   0 % |  1517 / 46068 MB | root(?M)
[1] NVIDIA A40 | 40°C,   0 % |   515 / 46068 MB | root(?M)
[2] NVIDIA A40 | 36°C,   0 % |     3 / 46068 MB |
[3] NVIDIA A40 | 34°C,   0 % |     3 / 46068 MB |
[4] NVIDIA A40 | 35°C,   0 % |     3 / 46068 MB |
[5] NVIDIA A40 | 35°C,   0 % |     3 / 46068 MB |
[6] NVIDIA A40 | 34°C,   0 % |     3 / 46068 MB |
[7] NVIDIA A40 | 35°C,   0 % |     3 / 46068 MB |

===== 2026-01-26 08:04:27 =====
s8             Mon Jan 26 08:04:28 2026  560.35.05
[0] NVIDIA A40 | 42°C,   0 % |  1517 / 46068 MB | root(?M)
[1] NVIDIA A40 | 40°C,   0 % |   515 / 46068 MB | root(?M)
[2] NVIDIA A40 | 36°C,   0 % |     3 / 46068 MB |
[3] NVIDIA A40 | 34°C,   0 % |     3 / 46068 MB |
[4] NVIDIA A40 | 35°C,   0 % |     3 / 46068 MB |
[5] NVIDIA A40 | 34°C,   0 % |     3 / 46068 MB |
[6] NVIDIA A40 | 34°C,   0 % |     3 / 46068 MB |
[7] NVIDIA A40 | 35°C,   0 % |     3 / 46068 MB |

===== 2026-01-26 08:04:29 =====
s8             Mon Jan 26 08:04:30 2026  560.35.05
[0] NVIDIA A40 | 42°C,   0 % |  1517 / 46068 MB | root(?M)
[1] NVIDIA A40 | 41°C,   0 % |   515 / 46068 MB | root(?M)
[2] NVIDIA A40 | 36°C,   0 % |     3 / 46068 MB |
[3] NVIDIA A40 | 34°C,   0 % |     3 / 46068 MB |
[4] NVIDIA A40 | 34°C,   0 % |     3 / 46068 MB |
[5] NVIDIA A40 | 34°C,   0 % |     3 / 46068 MB |
[6] NVIDIA A40 | 34°C,   0 % |     3 / 46068 MB |
[7] NVIDIA A40 | 35°C,   0 % |     3 / 46068 MB |

===== 2026-01-26 08:04:31 =====
s8             Mon Jan 26 08:04:32 2026  560.35.05
[0] NVIDIA A40 | 42°C,   0 % |  1517 / 46068 MB | root(?M)
[1] NVIDIA A40 | 41°C,   0 % |   515 / 46068 MB | root(?M)
[2] NVIDIA A40 | 36°C,   0 % |     3 / 46068 MB |
[3] NVIDIA A40 | 34°C,   0 % |     3 / 46068 MB |
[4] NVIDIA A40 | 34°C,   0 % |     3 / 46068 MB |
[5] NVIDIA A40 | 34°C,   0 % |     3 / 46068 MB |
[6] NVIDIA A40 | 34°C,   0 % |     3 / 46068 MB |
[7] NVIDIA A40 | 35°C,   0 % |     3 / 46068 MB |

===== 2026-01-26 08:04:33 =====
s8             Mon Jan 26 08:04:34 2026  560.35.05
[0] NVIDIA A40 | 42°C,   0 % |  1517 / 46068 MB | root(?M)
[1] NVIDIA A40 | 41°C,   0 % |   515 / 46068 MB | root(?M)
[2] NVIDIA A40 | 35°C,   0 % |     3 / 46068 MB |
[3] NVIDIA A40 | 34°C,   0 % |     3 / 46068 MB |
[4] NVIDIA A40 | 34°C,   0 % |     3 / 46068 MB |
[5] NVIDIA A40 | 34°C,   0 % |     3 / 46068 MB |
[6] NVIDIA A40 | 34°C,   0 % |     3 / 46068 MB |
[7] NVIDIA A40 | 35°C,   0 % |     3 / 46068 MB |

===== 2026-01-26 08:04:36 =====
s8             Mon Jan 26 08:04:37 2026  560.35.05
[0] NVIDIA A40 | 42°C,   0 % |  1517 / 46068 MB | root(?M)
[1] NVIDIA A40 | 41°C,   0 % |   515 / 46068 MB | root(?M)
[2] NVIDIA A40 | 38°C,   0 % |   515 / 46068 MB | root(?M)
[3] NVIDIA A40 | 34°C,   0 % |     3 / 46068 MB |
[4] NVIDIA A40 | 35°C,   0 % |     3 / 46068 MB |
[5] NVIDIA A40 | 34°C,   0 % |     3 / 46068 MB |
[6] NVIDIA A40 | 34°C,   0 % |     3 / 46068 MB |
[7] NVIDIA A40 | 35°C,   0 % |     3 / 46068 MB |

===== 2026-01-26 08:04:38 =====
s8             Mon Jan 26 08:04:39 2026  560.35.05
[0] NVIDIA A40 | 42°C,   0 % |  1517 / 46068 MB | root(?M)
[1] NVIDIA A40 | 41°C,   0 % |   515 / 46068 MB | root(?M)
[2] NVIDIA A40 | 38°C,   0 % |   515 / 46068 MB | root(?M)
[3] NVIDIA A40 | 34°C,   0 % |     3 / 46068 MB |
[4] NVIDIA A40 | 34°C,   0 % |     3 / 46068 MB |
[5] NVIDIA A40 | 34°C,   0 % |     3 / 46068 MB |
[6] NVIDIA A40 | 34°C,   0 % |     3 / 46068 MB |
[7] NVIDIA A40 | 35°C,   0 % |     3 / 46068 MB |

===== 2026-01-26 08:04:40 =====
s8             Mon Jan 26 08:04:41 2026  560.35.05
[0] NVIDIA A40 | 42°C,   0 % |  1517 / 46068 MB | root(?M)
[1] NVIDIA A40 | 42°C,   0 % |   515 / 46068 MB | root(?M)
[2] NVIDIA A40 | 38°C,   0 % |   515 / 46068 MB | root(?M)
[3] NVIDIA A40 | 33°C,   0 % |     3 / 46068 MB |
[4] NVIDIA A40 | 34°C,   0 % |     3 / 46068 MB |
[5] NVIDIA A40 | 34°C,   0 % |     3 / 46068 MB |
[6] NVIDIA A40 | 34°C,   0 % |     3 / 46068 MB |
[7] NVIDIA A40 | 35°C,   0 % |     3 / 46068 MB |

===== 2026-01-26 08:04:42 =====
s8             Mon Jan 26 08:04:43 2026  560.35.05
[0] NVIDIA A40 | 42°C,   0 % |  1517 / 46068 MB | root(?M)
[1] NVIDIA A40 | 42°C,   0 % |   515 / 46068 MB | root(?M)
[2] NVIDIA A40 | 39°C,   0 % |   515 / 46068 MB | root(?M)
[3] NVIDIA A40 | 33°C,   0 % |     3 / 46068 MB |
[4] NVIDIA A40 | 34°C,   0 % |     3 / 46068 MB |
[5] NVIDIA A40 | 34°C,   0 % |     3 / 46068 MB |
[6] NVIDIA A40 | 34°C,   0 % |     3 / 46068 MB |
[7] NVIDIA A40 | 35°C,   0 % |     3 / 46068 MB |

===== 2026-01-26 08:04:44 =====
s8             Mon Jan 26 08:04:45 2026  560.35.05
[0] NVIDIA A40 | 42°C,   0 % |  1517 / 46068 MB | root(?M)
[1] NVIDIA A40 | 42°C,   0 % |   515 / 46068 MB | root(?M)
[2] NVIDIA A40 | 39°C,   0 % |   515 / 46068 MB | root(?M)
[3] NVIDIA A40 | 35°C,   0 % |   515 / 46068 MB | root(?M)
[4] NVIDIA A40 | 34°C,   0 % |     3 / 46068 MB |
[5] NVIDIA A40 | 34°C,   0 % |     3 / 46068 MB |
[6] NVIDIA A40 | 34°C,   0 % |     3 / 46068 MB |
[7] NVIDIA A40 | 35°C,   0 % |     3 / 46068 MB |

===== 2026-01-26 08:04:46 =====
s8             Mon Jan 26 08:04:47 2026  560.35.05
[0] NVIDIA A40 | 42°C,   0 % |  1517 / 46068 MB | root(?M)
[1] NVIDIA A40 | 42°C,   0 % |   515 / 46068 MB | root(?M)
[2] NVIDIA A40 | 39°C,   0 % |   515 / 46068 MB | root(?M)
[3] NVIDIA A40 | 36°C,   0 % |   515 / 46068 MB | root(?M)
[4] NVIDIA A40 | 34°C,   0 % |     3 / 46068 MB |
[5] NVIDIA A40 | 33°C,   0 % |     3 / 46068 MB |
[6] NVIDIA A40 | 34°C,   0 % |     3 / 46068 MB |
[7] NVIDIA A40 | 34°C,   0 % |     3 / 46068 MB |

===== 2026-01-26 08:04:48 =====
s8             Mon Jan 26 08:04:49 2026  560.35.05
[0] NVIDIA A40 | 42°C,   0 % |  1517 / 46068 MB | root(?M)
[1] NVIDIA A40 | 42°C,   0 % |   515 / 46068 MB | root(?M)
[2] NVIDIA A40 | 39°C,   0 % |   515 / 46068 MB | root(?M)
[3] NVIDIA A40 | 36°C,   0 % |   515 / 46068 MB | root(?M)
[4] NVIDIA A40 | 34°C,   0 % |     3 / 46068 MB |
[5] NVIDIA A40 | 33°C,   0 % |     3 / 46068 MB |
[6] NVIDIA A40 | 34°C,   0 % |     3 / 46068 MB |
[7] NVIDIA A40 | 34°C,   0 % |     3 / 46068 MB |

===== 2026-01-26 08:04:50 =====
s8             Mon Jan 26 08:04:51 2026  560.35.05
[0] NVIDIA A40 | 42°C,   0 % |  1517 / 46068 MB | root(?M)
[1] NVIDIA A40 | 42°C,   0 % |   515 / 46068 MB | root(?M)
[2] NVIDIA A40 | 39°C,   0 % |   515 / 46068 MB | root(?M)
[3] NVIDIA A40 | 36°C,   0 % |   515 / 46068 MB | root(?M)
[4] NVIDIA A40 | 34°C,   0 % |     3 / 46068 MB |
[5] NVIDIA A40 | 33°C,   0 % |     3 / 46068 MB |
[6] NVIDIA A40 | 34°C,   0 % |     3 / 46068 MB |
[7] NVIDIA A40 | 34°C,   0 % |     3 / 46068 MB |

===== 2026-01-26 08:04:52 =====
s8             Mon Jan 26 08:04:53 2026  560.35.05
[0] NVIDIA A40 | 42°C,   0 % |  1517 / 46068 MB | root(?M)
[1] NVIDIA A40 | 42°C,   0 % |   515 / 46068 MB | root(?M)
[2] NVIDIA A40 | 39°C,   0 % |   515 / 46068 MB | root(?M)
[3] NVIDIA A40 | 37°C,   0 % |   515 / 46068 MB | root(?M)
[4] NVIDIA A40 | 35°C,   0 % |    18 / 46068 MB | root(?M)
[5] NVIDIA A40 | 34°C,   0 % |     3 / 46068 MB |
[6] NVIDIA A40 | 34°C,   0 % |     3 / 46068 MB |
[7] NVIDIA A40 | 34°C,   0 % |     3 / 46068 MB |

===== 2026-01-26 08:04:54 =====
s8             Mon Jan 26 08:04:55 2026  560.35.05
[0] NVIDIA A40 | 43°C,   0 % |  1517 / 46068 MB | root(?M)
[1] NVIDIA A40 | 42°C,   0 % |   515 / 46068 MB | root(?M)
[2] NVIDIA A40 | 39°C,   0 % |   515 / 46068 MB | root(?M)
[3] NVIDIA A40 | 37°C,   0 % |   515 / 46068 MB | root(?M)
[4] NVIDIA A40 | 36°C,   0 % |   515 / 46068 MB | root(?M)
[5] NVIDIA A40 | 34°C,   0 % |     3 / 46068 MB |
[6] NVIDIA A40 | 34°C,   0 % |     3 / 46068 MB |
[7] NVIDIA A40 | 35°C,   0 % |     3 / 46068 MB |

===== 2026-01-26 08:04:56 =====
s8             Mon Jan 26 08:04:57 2026  560.35.05
[0] NVIDIA A40 | 43°C,   0 % |  1517 / 46068 MB | root(?M)
[1] NVIDIA A40 | 42°C,   0 % |   515 / 46068 MB | root(?M)
[2] NVIDIA A40 | 40°C,   0 % |   515 / 46068 MB | root(?M)
[3] NVIDIA A40 | 37°C,   0 % |   515 / 46068 MB | root(?M)
[4] NVIDIA A40 | 36°C,   0 % |   515 / 46068 MB | root(?M)
[5] NVIDIA A40 | 33°C,   0 % |     3 / 46068 MB |
[6] NVIDIA A40 | 33°C,   0 % |     3 / 46068 MB |
[7] NVIDIA A40 | 34°C,   0 % |     3 / 46068 MB |

===== 2026-01-26 08:04:58 =====
s8             Mon Jan 26 08:05:00 2026  560.35.05
[0] NVIDIA A40 | 43°C,   0 % |  1517 / 46068 MB | root(?M)
[1] NVIDIA A40 | 42°C,   0 % |   515 / 46068 MB | root(?M)
[2] NVIDIA A40 | 40°C,   0 % |   515 / 46068 MB | root(?M)
[3] NVIDIA A40 | 37°C,   0 % |   515 / 46068 MB | root(?M)
[4] NVIDIA A40 | 37°C,   0 % |   515 / 46068 MB | root(?M)
[5] NVIDIA A40 | 33°C,   0 % |     3 / 46068 MB |
[6] NVIDIA A40 | 33°C,   0 % |     3 / 46068 MB |
[7] NVIDIA A40 | 34°C,   0 % |     3 / 46068 MB |

===== 2026-01-26 08:05:01 =====
s8             Mon Jan 26 08:05:02 2026  560.35.05
[0] NVIDIA A40 | 43°C,   0 % |  1517 / 46068 MB | root(?M)
[1] NVIDIA A40 | 43°C,   0 % |   515 / 46068 MB | root(?M)
[2] NVIDIA A40 | 40°C,   0 % |   515 / 46068 MB | root(?M)
[3] NVIDIA A40 | 37°C,   0 % |   515 / 46068 MB | root(?M)
[4] NVIDIA A40 | 37°C,   0 % |   515 / 46068 MB | root(?M)
[5] NVIDIA A40 | 33°C,   0 % |     3 / 46068 MB |
[6] NVIDIA A40 | 33°C,   0 % |     3 / 46068 MB |
[7] NVIDIA A40 | 34°C,   0 % |     3 / 46068 MB |

===== 2026-01-26 08:05:03 =====
s8             Mon Jan 26 08:05:04 2026  560.35.05
[0] NVIDIA A40 | 43°C,   0 % |  1517 / 46068 MB | root(?M)
[1] NVIDIA A40 | 43°C,   0 % |   515 / 46068 MB | root(?M)
[2] NVIDIA A40 | 40°C,   0 % |   515 / 46068 MB | root(?M)
[3] NVIDIA A40 | 37°C,   0 % |   515 / 46068 MB | root(?M)
[4] NVIDIA A40 | 37°C,   0 % |   515 / 46068 MB | root(?M)
[5] NVIDIA A40 | 35°C,   0 % |   515 / 46068 MB | root(?M)
[6] NVIDIA A40 | 34°C,   0 % |     3 / 46068 MB |
[7] NVIDIA A40 | 34°C,   0 % |     3 / 46068 MB |

===== 2026-01-26 08:05:05 =====
s8             Mon Jan 26 08:05:06 2026  560.35.05
[0] NVIDIA A40 | 43°C,   0 % |  1517 / 46068 MB | root(?M)
[1] NVIDIA A40 | 43°C,   0 % |   515 / 46068 MB | root(?M)
[2] NVIDIA A40 | 40°C,   0 % |   515 / 46068 MB | root(?M)
[3] NVIDIA A40 | 37°C,   0 % |   515 / 46068 MB | root(?M)
[4] NVIDIA A40 | 37°C,   0 % |   515 / 46068 MB | root(?M)
[5] NVIDIA A40 | 36°C,   0 % |   515 / 46068 MB | root(?M)
[6] NVIDIA A40 | 33°C,   0 % |     3 / 46068 MB |
[7] NVIDIA A40 | 34°C,   0 % |     3 / 46068 MB |

===== 2026-01-26 08:05:07 =====
s8             Mon Jan 26 08:05:08 2026  560.35.05
[0] NVIDIA A40 | 43°C,   0 % |  1517 / 46068 MB | root(?M)
[1] NVIDIA A40 | 43°C,   0 % |   515 / 46068 MB | root(?M)
[2] NVIDIA A40 | 40°C,   0 % |   515 / 46068 MB | root(?M)
[3] NVIDIA A40 | 37°C,   0 % |   515 / 46068 MB | root(?M)
[4] NVIDIA A40 | 37°C,   0 % |   515 / 46068 MB | root(?M)
[5] NVIDIA A40 | 36°C,   0 % |   515 / 46068 MB | root(?M)
[6] NVIDIA A40 | 33°C,   0 % |     3 / 46068 MB |
[7] NVIDIA A40 | 34°C,   0 % |     3 / 46068 MB |

===== 2026-01-26 08:05:09 =====
s8             Mon Jan 26 08:05:10 2026  560.35.05
[0] NVIDIA A40 | 43°C,   0 % |  1517 / 46068 MB | root(?M)
[1] NVIDIA A40 | 43°C,   0 % |   515 / 46068 MB | root(?M)
[2] NVIDIA A40 | 40°C,   0 % |   515 / 46068 MB | root(?M)
[3] NVIDIA A40 | 38°C,   0 % |   515 / 46068 MB | root(?M)
[4] NVIDIA A40 | 38°C,   0 % |   515 / 46068 MB | root(?M)
[5] NVIDIA A40 | 36°C,   0 % |   515 / 46068 MB | root(?M)
[6] NVIDIA A40 | 33°C,   0 % |     3 / 46068 MB |
[7] NVIDIA A40 | 34°C,   0 % |     3 / 46068 MB |

===== 2026-01-26 08:05:11 =====
s8             Mon Jan 26 08:05:12 2026  560.35.05
[0] NVIDIA A40 | 43°C,   0 % |  1517 / 46068 MB | root(?M)
[1] NVIDIA A40 | 43°C,   0 % |   515 / 46068 MB | root(?M)
[2] NVIDIA A40 | 40°C,   0 % |   515 / 46068 MB | root(?M)
[3] NVIDIA A40 | 38°C,   0 % |   515 / 46068 MB | root(?M)
[4] NVIDIA A40 | 38°C,   0 % |   515 / 46068 MB | root(?M)
[5] NVIDIA A40 | 37°C,   0 % |   515 / 46068 MB | root(?M)
[6] NVIDIA A40 | 33°C,   0 % |     3 / 46068 MB |
[7] NVIDIA A40 | 34°C,   0 % |     3 / 46068 MB |

===== 2026-01-26 08:05:13 =====
s8             Mon Jan 26 08:05:14 2026  560.35.05
[0] NVIDIA A40 | 43°C,   0 % |  1517 / 46068 MB | root(?M)
[1] NVIDIA A40 | 43°C,   0 % |   515 / 46068 MB | root(?M)
[2] NVIDIA A40 | 40°C,   0 % |   515 / 46068 MB | root(?M)
[3] NVIDIA A40 | 38°C,   0 % |   515 / 46068 MB | root(?M)
[4] NVIDIA A40 | 38°C,   0 % |   515 / 46068 MB | root(?M)
[5] NVIDIA A40 | 37°C,   0 % |   515 / 46068 MB | root(?M)
[6] NVIDIA A40 | 36°C,   0 % |   515 / 46068 MB | root(?M)
[7] NVIDIA A40 | 34°C,   0 % |     3 / 46068 MB |

===== 2026-01-26 08:05:15 =====
s8             Mon Jan 26 08:05:16 2026  560.35.05
[0] NVIDIA A40 | 43°C,   0 % |  1517 / 46068 MB | root(?M)
[1] NVIDIA A40 | 43°C,   0 % |   515 / 46068 MB | root(?M)
[2] NVIDIA A40 | 41°C,   0 % |   515 / 46068 MB | root(?M)
[3] NVIDIA A40 | 38°C,   0 % |   515 / 46068 MB | root(?M)
[4] NVIDIA A40 | 38°C,   0 % |   515 / 46068 MB | root(?M)
[5] NVIDIA A40 | 37°C,   0 % |   515 / 46068 MB | root(?M)
[6] NVIDIA A40 | 36°C,   0 % |   515 / 46068 MB | root(?M)
[7] NVIDIA A40 | 34°C,   0 % |     3 / 46068 MB |

===== 2026-01-26 08:05:17 =====
s8             Mon Jan 26 08:05:18 2026  560.35.05
[0] NVIDIA A40 | 43°C,   0 % |  1517 / 46068 MB | root(?M)
[1] NVIDIA A40 | 43°C,   0 % |   515 / 46068 MB | root(?M)
[2] NVIDIA A40 | 41°C,   0 % |   515 / 46068 MB | root(?M)
[3] NVIDIA A40 | 38°C,   0 % |   515 / 46068 MB | root(?M)
[4] NVIDIA A40 | 38°C,   0 % |   515 / 46068 MB | root(?M)
[5] NVIDIA A40 | 37°C,   0 % |   515 / 46068 MB | root(?M)
[6] NVIDIA A40 | 36°C,   0 % |   515 / 46068 MB | root(?M)
[7] NVIDIA A40 | 34°C,   0 % |     3 / 46068 MB |

===== 2026-01-26 08:05:19 =====
s8             Mon Jan 26 08:05:20 2026  560.35.05
[0] NVIDIA A40 | 43°C,   0 % |  1517 / 46068 MB | root(?M)
[1] NVIDIA A40 | 43°C,   0 % |   515 / 46068 MB | root(?M)
[2] NVIDIA A40 | 41°C,   0 % |   515 / 46068 MB | root(?M)
[3] NVIDIA A40 | 38°C,   0 % |   515 / 46068 MB | root(?M)
[4] NVIDIA A40 | 38°C,   0 % |   515 / 46068 MB | root(?M)
[5] NVIDIA A40 | 37°C,   0 % |   515 / 46068 MB | root(?M)
[6] NVIDIA A40 | 36°C,   0 % |   515 / 46068 MB | root(?M)
[7] NVIDIA A40 | 34°C,   0 % |     3 / 46068 MB |

===== 2026-01-26 08:05:21 =====
s8             Mon Jan 26 08:05:22 2026  560.35.05
[0] NVIDIA A40 | 43°C,   0 % |  1517 / 46068 MB | root(?M)
[1] NVIDIA A40 | 44°C,   0 % |   515 / 46068 MB | root(?M)
[2] NVIDIA A40 | 41°C,   0 % |   515 / 46068 MB | root(?M)
[3] NVIDIA A40 | 38°C,   0 % |   515 / 46068 MB | root(?M)
[4] NVIDIA A40 | 39°C,   0 % |   515 / 46068 MB | root(?M)
[5] NVIDIA A40 | 37°C,   0 % |   515 / 46068 MB | root(?M)
[6] NVIDIA A40 | 37°C,   0 % |   515 / 46068 MB | root(?M)
[7] NVIDIA A40 | 34°C,   0 % |     3 / 46068 MB |

===== 2026-01-26 08:05:23 =====
s8             Mon Jan 26 08:05:24 2026  560.35.05
[0] NVIDIA A40 | 43°C,   0 % |  1517 / 46068 MB | root(?M)
[1] NVIDIA A40 | 44°C,   0 % |   515 / 46068 MB | root(?M)
[2] NVIDIA A40 | 41°C,   0 % |   515 / 46068 MB | root(?M)
[3] NVIDIA A40 | 38°C,   0 % |   515 / 46068 MB | root(?M)
[4] NVIDIA A40 | 39°C,   0 % |   515 / 46068 MB | root(?M)
[5] NVIDIA A40 | 38°C,   0 % |   515 / 46068 MB | root(?M)
[6] NVIDIA A40 | 37°C,   0 % |   515 / 46068 MB | root(?M)
[7] NVIDIA A40 | 36°C,   3 % |  1761 / 46068 MB | root(?M)

===== 2026-01-26 08:05:25 =====
s8             Mon Jan 26 08:05:26 2026  560.35.05
[0] NVIDIA A40 | 44°C, 100 % |  2189 / 46068 MB | root(?M)
[1] NVIDIA A40 | 45°C,  97 % |  1221 / 46068 MB | root(?M)
[2] NVIDIA A40 | 42°C,  96 % |  1123 / 46068 MB | root(?M)
[3] NVIDIA A40 | 38°C,   0 % |  1021 / 46068 MB | root(?M)
[4] NVIDIA A40 | 39°C,   5 % |   789 / 46068 MB | root(?M)
[5] NVIDIA A40 | 38°C,   0 % |   515 / 46068 MB | root(?M)
[6] NVIDIA A40 | 37°C,   0 % |   515 / 46068 MB | root(?M)
[7] NVIDIA A40 | 36°C,   0 % |  1761 / 46068 MB | root(?M)

===== 2026-01-26 08:05:28 =====
s8             Mon Jan 26 08:05:29 2026  560.35.05
[0] NVIDIA A40 | 44°C, 100 % |  2507 / 46068 MB | root(?M)
[1] NVIDIA A40 | 46°C, 100 % |  1725 / 46068 MB | root(?M)
[2] NVIDIA A40 | 43°C,  67 % |  1703 / 46068 MB | root(?M)
[3] NVIDIA A40 | 39°C,  75 % |  1119 / 46068 MB | root(?M)
[4] NVIDIA A40 | 40°C,   7 % |  1229 / 46068 MB | root(?M)
[5] NVIDIA A40 | 40°C,  18 % |  1535 / 46068 MB | root(?M)
[6] NVIDIA A40 | 39°C,  65 % |  1475 / 46068 MB | root(?M)
[7] NVIDIA A40 | 46°C,  90 % |  8937 / 46068 MB | root(?M)

===== 2026-01-26 08:05:30 =====
s8             Mon Jan 26 08:05:31 2026  560.35.05
[0] NVIDIA A40 | 46°C,  82 % |  7079 / 46068 MB | root(?M)
[1] NVIDIA A40 | 46°C,  91 % |  2067 / 46068 MB | root(?M)
[2] NVIDIA A40 | 43°C,  86 % |  2017 / 46068 MB | root(?M)
[3] NVIDIA A40 | 41°C,  92 % |  1879 / 46068 MB | root(?M)
[4] NVIDIA A40 | 41°C,  89 % |  1793 / 46068 MB | root(?M)
[5] NVIDIA A40 | 40°C,  44 % |  1215 / 46068 MB | root(?M)
[6] NVIDIA A40 | 40°C,  92 % |  1421 / 46068 MB | root(?M)
[7] NVIDIA A40 | 48°C,  90 % |  8965 / 46068 MB | root(?M)

===== 2026-01-26 08:05:32 =====
s8             Mon Jan 26 08:05:33 2026  560.35.05
[0] NVIDIA A40 | 47°C,  79 % |  7077 / 46068 MB | root(?M)
[1] NVIDIA A40 | 47°C,  43 % |  1903 / 46068 MB | root(?M)
[2] NVIDIA A40 | 44°C,  58 % |  1951 / 46068 MB | root(?M)
[3] NVIDIA A40 | 41°C,  76 % |  1833 / 46068 MB | root(?M)
[4] NVIDIA A40 | 41°C,  91 % |  1751 / 46068 MB | root(?M)
[5] NVIDIA A40 | 40°C,  84 % |  1685 / 46068 MB | root(?M)
[6] NVIDIA A40 | 40°C,  53 % |  1221 / 46068 MB | root(?M)
[7] NVIDIA A40 | 48°C,  66 % |  7935 / 46068 MB | root(?M)

===== 2026-01-26 08:05:34 =====
s8             Mon Jan 26 08:05:35 2026  560.35.05
[0] NVIDIA A40 | 47°C,  54 % |  7077 / 46068 MB | root(?M)
[1] NVIDIA A40 | 47°C,  48 % |  1971 / 46068 MB | root(?M)
[2] NVIDIA A40 | 44°C,  81 % |  1989 / 46068 MB | root(?M)
[3] NVIDIA A40 | 41°C,  83 % |  1871 / 46068 MB | root(?M)
[4] NVIDIA A40 | 42°C,  87 % |  1789 / 46068 MB | root(?M)
[5] NVIDIA A40 | 41°C,  83 % |  1715 / 46068 MB | root(?M)
[6] NVIDIA A40 | 40°C,  85 % |  1229 / 46068 MB | root(?M)
[7] NVIDIA A40 | 45°C,  37 % |  6993 / 46068 MB | root(?M)

===== 2026-01-26 08:05:36 =====
s8             Mon Jan 26 08:05:37 2026  560.35.05
[0] NVIDIA A40 | 45°C,   0 % |  7147 / 46068 MB | root(?M)
[1] NVIDIA A40 | 45°C,   1 % |  1185 / 46068 MB | root(?M)
[2] NVIDIA A40 | 42°C,   1 % |  1235 / 46068 MB | root(?M)
[3] NVIDIA A40 | 39°C,   0 % |  1235 / 46068 MB | root(?M)
[4] NVIDIA A40 | 40°C,   0 % |  1199 / 46068 MB | root(?M)
[5] NVIDIA A40 | 39°C,   0 % |  1187 / 46068 MB | root(?M)
[6] NVIDIA A40 | 39°C,   0 % |  1376 / 46068 MB | root(?M) root(?M)
[7] NVIDIA A40 | 41°C,   0 % |  6839 / 46068 MB | root(?M)

===== 2026-01-26 08:05:38 =====
s8             Mon Jan 26 08:05:40 2026  560.35.05
[0] NVIDIA A40 | 44°C,  48 % |   534 / 46068 MB | root(?M) root(?M)
[1] NVIDIA A40 | 45°C,   0 % |  1190 / 46068 MB | root(?M) root(?M)
[2] NVIDIA A40 | 42°C,   0 % |  1216 / 46068 MB | root(?M) root(?M)
[3] NVIDIA A40 | 39°C,   0 % |   955 / 46068 MB | root(?M)
[4] NVIDIA A40 | 40°C,   3 % |     3 / 46068 MB |
[5] NVIDIA A40 | 39°C,   5 % |     3 / 46068 MB |
[6] NVIDIA A40 | 39°C,   0 % |     0 / 46068 MB |
[7] NVIDIA A40 | 41°C,  28 % |     0 / 46068 MB |

===== 2026-01-26 08:05:41 =====
s8             Mon Jan 26 08:05:42 2026  560.35.05
[0] NVIDIA A40 | 44°C,   0 % |     0 / 46068 MB |
[1] NVIDIA A40 | 44°C,   0 % |     0 / 46068 MB |
[2] NVIDIA A40 | 41°C,   0 % |     0 / 46068 MB |
[3] NVIDIA A40 | 38°C,   0 % |     0 / 46068 MB |
[4] NVIDIA A40 | 39°C,   0 % |     0 / 46068 MB |
[5] NVIDIA A40 | 38°C,   0 % |     0 / 46068 MB |
[6] NVIDIA A40 | 38°C,   0 % |     0 / 46068 MB |
[7] NVIDIA A40 | 40°C,   0 % |     0 / 46068 MB |

===== 2026-01-26 08:05:43 =====
s8             Mon Jan 26 08:05:44 2026  560.35.05
[0] NVIDIA A40 | 42°C,   0 % |     0 / 46068 MB |
[1] NVIDIA A40 | 43°C,   0 % |     0 / 46068 MB |
[2] NVIDIA A40 | 40°C,   0 % |     0 / 46068 MB |
[3] NVIDIA A40 | 38°C,   0 % |     0 / 46068 MB |
[4] NVIDIA A40 | 39°C,   0 % |     0 / 46068 MB |
[5] NVIDIA A40 | 38°C,   0 % |     0 / 46068 MB |
[6] NVIDIA A40 | 38°C,   0 % |     0 / 46068 MB |
[7] NVIDIA A40 | 39°C,   0 % |     0 / 46068 MB |

===== 2026-01-26 08:05:45 =====
s8             Mon Jan 26 08:05:47 2026  560.35.05
[0] NVIDIA A40 | 42°C,   0 % |     0 / 46068 MB |
[1] NVIDIA A40 | 43°C,   0 % |     0 / 46068 MB |
[2] NVIDIA A40 | 39°C,   0 % |     0 / 46068 MB |
[3] NVIDIA A40 | 37°C,   0 % |     0 / 46068 MB |
[4] NVIDIA A40 | 38°C,   0 % |     0 / 46068 MB |
[5] NVIDIA A40 | 37°C,   0 % |     0 / 46068 MB |
[6] NVIDIA A40 | 37°C,   0 % |     0 / 46068 MB |
[7] NVIDIA A40 | 39°C,   0 % |     0 / 46068 MB |

===== 2026-01-26 08:05:48 =====
s8             Mon Jan 26 08:05:49 2026  560.35.05
[0] NVIDIA A40 | 42°C,   0 % |     0 / 46068 MB |
[1] NVIDIA A40 | 41°C,   0 % |     0 / 46068 MB |
[2] NVIDIA A40 | 39°C,   0 % |     0 / 46068 MB |
[3] NVIDIA A40 | 36°C,   0 % |     0 / 46068 MB |
[4] NVIDIA A40 | 37°C,   0 % |     0 / 46068 MB |
[5] NVIDIA A40 | 36°C,   0 % |     0 / 46068 MB |
[6] NVIDIA A40 | 36°C,   0 % |     0 / 46068 MB |
[7] NVIDIA A40 | 39°C,   0 % |     0 / 46068 MB |

===== 2026-01-26 08:05:50 =====
s8             Mon Jan 26 08:05:51 2026  560.35.05
[0] NVIDIA A40 | 41°C,   0 % |     0 / 46068 MB |
[1] NVIDIA A40 | 40°C,   0 % |     0 / 46068 MB |
[2] NVIDIA A40 | 38°C,   0 % |     0 / 46068 MB |
[3] NVIDIA A40 | 36°C,   0 % |     0 / 46068 MB |
[4] NVIDIA A40 | 37°C,   0 % |     0 / 46068 MB |
[5] NVIDIA A40 | 36°C,   0 % |     0 / 46068 MB |
[6] NVIDIA A40 | 36°C,   0 % |     0 / 46068 MB |
[7] NVIDIA A40 | 38°C,   0 % |     0 / 46068 MB |

===== 2026-01-26 08:05:52 =====
s8             Mon Jan 26 08:05:53 2026  560.35.05
[0] NVIDIA A40 | 40°C,   0 % |     0 / 46068 MB |
[1] NVIDIA A40 | 40°C,   0 % |     0 / 46068 MB |
[2] NVIDIA A40 | 38°C,   0 % |     0 / 46068 MB |
[3] NVIDIA A40 | 36°C,   0 % |     0 / 46068 MB |
[4] NVIDIA A40 | 36°C,   0 % |     0 / 46068 MB |
[5] NVIDIA A40 | 36°C,   0 % |     0 / 46068 MB |
[6] NVIDIA A40 | 36°C,   0 % |     0 / 46068 MB |
[7] NVIDIA A40 | 37°C,   0 % |     0 / 46068 MB |

===== 2026-01-26 08:05:54 =====
s8             Mon Jan 26 08:05:56 2026  560.35.05
[0] NVIDIA A40 | 40°C,   0 % |     3 / 46068 MB |
[1] NVIDIA A40 | 40°C,   0 % |     3 / 46068 MB |
[2] NVIDIA A40 | 38°C,   0 % |     3 / 46068 MB |
[3] NVIDIA A40 | 36°C,   0 % |     3 / 46068 MB |
[4] NVIDIA A40 | 36°C,   0 % |     3 / 46068 MB |
[5] NVIDIA A40 | 36°C,   0 % |     3 / 46068 MB |
[6] NVIDIA A40 | 36°C,   0 % |     3 / 46068 MB |
[7] NVIDIA A40 | 38°C,   0 % |     3 / 46068 MB |

===== 2026-01-26 08:05:57 =====
s8             Mon Jan 26 08:05:58 2026  560.35.05
[0] NVIDIA A40 | 39°C,   0 % |     3 / 46068 MB |
[1] NVIDIA A40 | 40°C,   1 % |     3 / 46068 MB |
[2] NVIDIA A40 | 38°C,   0 % |     3 / 46068 MB |
[3] NVIDIA A40 | 35°C,   0 % |     3 / 46068 MB |
[4] NVIDIA A40 | 36°C,   0 % |     3 / 46068 MB |
[5] NVIDIA A40 | 35°C,   0 % |     3 / 46068 MB |
[6] NVIDIA A40 | 36°C,   0 % |     3 / 46068 MB |
[7] NVIDIA A40 | 37°C,   0 % |     3 / 46068 MB |

===== 2026-01-26 08:05:59 =====
s8             Mon Jan 26 08:06:00 2026  560.35.05
[0] NVIDIA A40 | 39°C,   0 % |     3 / 46068 MB |
[1] NVIDIA A40 | 40°C,   0 % |     3 / 46068 MB |
[2] NVIDIA A40 | 37°C,   0 % |     3 / 46068 MB |
[3] NVIDIA A40 | 35°C,   0 % |     3 / 46068 MB |
[4] NVIDIA A40 | 36°C,   0 % |     3 / 46068 MB |
[5] NVIDIA A40 | 35°C,   0 % |     3 / 46068 MB |
[6] NVIDIA A40 | 35°C,   0 % |     3 / 46068 MB |
[7] NVIDIA A40 | 37°C,   0 % |     3 / 46068 MB |

===== 2026-01-26 08:06:01 =====
s8             Mon Jan 26 08:06:02 2026  560.35.05
[0] NVIDIA A40 | 39°C,   0 % |     3 / 46068 MB |
[1] NVIDIA A40 | 39°C,   0 % |     3 / 46068 MB |
[2] NVIDIA A40 | 37°C,   0 % |     3 / 46068 MB |
[3] NVIDIA A40 | 35°C,   0 % |     3 / 46068 MB |
[4] NVIDIA A40 | 36°C,   0 % |     3 / 46068 MB |
[5] NVIDIA A40 | 35°C,   0 % |     3 / 46068 MB |
[6] NVIDIA A40 | 35°C,   0 % |     3 / 46068 MB |
[7] NVIDIA A40 | 37°C,   0 % |     3 / 46068 MB |

===== 2026-01-26 08:06:03 =====
s8             Mon Jan 26 08:06:04 2026  560.35.05
[0] NVIDIA A40 | 39°C,   0 % |     3 / 46068 MB |
[1] NVIDIA A40 | 39°C,   0 % |     3 / 46068 MB |
[2] NVIDIA A40 | 37°C,   0 % |     3 / 46068 MB |
[3] NVIDIA A40 | 35°C,   0 % |     3 / 46068 MB |
[4] NVIDIA A40 | 36°C,   0 % |     3 / 46068 MB |
[5] NVIDIA A40 | 35°C,   0 % |     3 / 46068 MB |
[6] NVIDIA A40 | 35°C,   0 % |     3 / 46068 MB |
[7] NVIDIA A40 | 37°C,   0 % |     3 / 46068 MB |

===== 2026-01-26 08:06:05 =====
s8             Mon Jan 26 08:06:06 2026  560.35.05
[0] NVIDIA A40 | 40°C,  12 % |  1271 / 46068 MB | root(?M)
[1] NVIDIA A40 | 39°C,   0 % |     3 / 46068 MB |
[2] NVIDIA A40 | 37°C,   0 % |     3 / 46068 MB |
[3] NVIDIA A40 | 35°C,   0 % |     3 / 46068 MB |
[4] NVIDIA A40 | 36°C,   0 % |     3 / 46068 MB |
[5] NVIDIA A40 | 35°C,   0 % |     3 / 46068 MB |
[6] NVIDIA A40 | 35°C,   0 % |     3 / 46068 MB |
[7] NVIDIA A40 | 37°C,   0 % |     3 / 46068 MB |

===== 2026-01-26 08:06:07 =====
s8             Mon Jan 26 08:06:08 2026  560.35.05
[0] NVIDIA A40 | 41°C,   0 % |  1517 / 46068 MB | root(?M)
[1] NVIDIA A40 | 39°C,   0 % |     3 / 46068 MB |
[2] NVIDIA A40 | 37°C,   0 % |     3 / 46068 MB |
[3] NVIDIA A40 | 35°C,   0 % |     3 / 46068 MB |
[4] NVIDIA A40 | 35°C,   0 % |     3 / 46068 MB |
[5] NVIDIA A40 | 35°C,   0 % |     3 / 46068 MB |
[6] NVIDIA A40 | 35°C,   0 % |     3 / 46068 MB |
[7] NVIDIA A40 | 36°C,   0 % |     3 / 46068 MB |

===== 2026-01-26 08:06:09 =====
s8             Mon Jan 26 08:06:10 2026  560.35.05
[0] NVIDIA A40 | 41°C,   0 % |  1517 / 46068 MB | root(?M)
[1] NVIDIA A40 | 39°C,   0 % |     3 / 46068 MB |
[2] NVIDIA A40 | 37°C,   0 % |     3 / 46068 MB |
[3] NVIDIA A40 | 35°C,   0 % |     3 / 46068 MB |
[4] NVIDIA A40 | 35°C,   0 % |     3 / 46068 MB |
[5] NVIDIA A40 | 35°C,   0 % |     3 / 46068 MB |
[6] NVIDIA A40 | 35°C,   0 % |     3 / 46068 MB |
[7] NVIDIA A40 | 36°C,   0 % |     3 / 46068 MB |

===== 2026-01-26 08:06:11 =====
s8             Mon Jan 26 08:06:12 2026  560.35.05
[0] NVIDIA A40 | 42°C,   0 % |  1517 / 46068 MB | root(?M)
[1] NVIDIA A40 | 38°C,   0 % |     3 / 46068 MB |
[2] NVIDIA A40 | 36°C,   0 % |     3 / 46068 MB |
[3] NVIDIA A40 | 35°C,   0 % |     3 / 46068 MB |
[4] NVIDIA A40 | 35°C,   0 % |     3 / 46068 MB |
[5] NVIDIA A40 | 35°C,   0 % |     3 / 46068 MB |
[6] NVIDIA A40 | 35°C,   0 % |     3 / 46068 MB |
[7] NVIDIA A40 | 36°C,   0 % |     3 / 46068 MB |

===== 2026-01-26 08:06:13 =====
s8             Mon Jan 26 08:06:14 2026  560.35.05
[0] NVIDIA A40 | 42°C,   0 % |  1517 / 46068 MB | root(?M)
[1] NVIDIA A40 | 38°C,   0 % |     3 / 46068 MB |
[2] NVIDIA A40 | 36°C,   0 % |     3 / 46068 MB |
[3] NVIDIA A40 | 34°C,   0 % |     3 / 46068 MB |
[4] NVIDIA A40 | 35°C,   0 % |     3 / 46068 MB |
[5] NVIDIA A40 | 35°C,   0 % |     3 / 46068 MB |
[6] NVIDIA A40 | 35°C,   0 % |     3 / 46068 MB |
[7] NVIDIA A40 | 36°C,   0 % |     3 / 46068 MB |

===== 2026-01-26 08:06:15 =====
s8             Mon Jan 26 08:06:17 2026  560.35.05
[0] NVIDIA A40 | 42°C,   0 % |  1517 / 46068 MB | root(?M)
[1] NVIDIA A40 | 40°C,   0 % |   515 / 46068 MB | root(?M)
[2] NVIDIA A40 | 37°C,   0 % |     3 / 46068 MB |
[3] NVIDIA A40 | 35°C,   0 % |     3 / 46068 MB |
[4] NVIDIA A40 | 35°C,   0 % |     3 / 46068 MB |
[5] NVIDIA A40 | 35°C,   0 % |     3 / 46068 MB |
[6] NVIDIA A40 | 35°C,   0 % |     3 / 46068 MB |
[7] NVIDIA A40 | 36°C,   0 % |     3 / 46068 MB |

===== 2026-01-26 08:06:18 =====
s8             Mon Jan 26 08:06:19 2026  560.35.05
[0] NVIDIA A40 | 42°C,   0 % |  1517 / 46068 MB | root(?M)
[1] NVIDIA A40 | 41°C,   0 % |   515 / 46068 MB | root(?M)
[2] NVIDIA A40 | 36°C,   0 % |     3 / 46068 MB |
[3] NVIDIA A40 | 34°C,   0 % |     3 / 46068 MB |
[4] NVIDIA A40 | 35°C,   0 % |     3 / 46068 MB |
[5] NVIDIA A40 | 34°C,   0 % |     3 / 46068 MB |
[6] NVIDIA A40 | 34°C,   0 % |     3 / 46068 MB |
[7] NVIDIA A40 | 36°C,   0 % |     3 / 46068 MB |

===== 2026-01-26 08:06:20 =====
s8             Mon Jan 26 08:06:21 2026  560.35.05
[0] NVIDIA A40 | 42°C,   0 % |  1517 / 46068 MB | root(?M)
[1] NVIDIA A40 | 41°C,   0 % |   515 / 46068 MB | root(?M)
[2] NVIDIA A40 | 36°C,   0 % |     3 / 46068 MB |
[3] NVIDIA A40 | 34°C,   0 % |     3 / 46068 MB |
[4] NVIDIA A40 | 35°C,   0 % |     3 / 46068 MB |
[5] NVIDIA A40 | 34°C,   0 % |     3 / 46068 MB |
[6] NVIDIA A40 | 34°C,   0 % |     3 / 46068 MB |
[7] NVIDIA A40 | 36°C,   0 % |     3 / 46068 MB |

===== 2026-01-26 08:06:22 =====
s8             Mon Jan 26 08:06:23 2026  560.35.05
[0] NVIDIA A40 | 42°C,   0 % |  1517 / 46068 MB | root(?M)
[1] NVIDIA A40 | 41°C,   0 % |   515 / 46068 MB | root(?M)
[2] NVIDIA A40 | 36°C,   0 % |     3 / 46068 MB |
[3] NVIDIA A40 | 34°C,   0 % |     3 / 46068 MB |
[4] NVIDIA A40 | 35°C,   0 % |     3 / 46068 MB |
[5] NVIDIA A40 | 34°C,   0 % |     3 / 46068 MB |
[6] NVIDIA A40 | 34°C,   0 % |     3 / 46068 MB |
[7] NVIDIA A40 | 36°C,   0 % |     3 / 46068 MB |

===== 2026-01-26 08:06:24 =====
s8             Mon Jan 26 08:06:25 2026  560.35.05
[0] NVIDIA A40 | 42°C,   0 % |  1517 / 46068 MB | root(?M)
[1] NVIDIA A40 | 42°C,   0 % |   515 / 46068 MB | root(?M)
[2] NVIDIA A40 | 36°C,   0 % |     3 / 46068 MB |
[3] NVIDIA A40 | 34°C,   0 % |     3 / 46068 MB |
[4] NVIDIA A40 | 35°C,   0 % |     3 / 46068 MB |
[5] NVIDIA A40 | 34°C,   0 % |     3 / 46068 MB |
[6] NVIDIA A40 | 35°C,   0 % |     3 / 46068 MB |
[7] NVIDIA A40 | 36°C,   0 % |     3 / 46068 MB |

===== 2026-01-26 08:06:26 =====
s8             Mon Jan 26 08:06:27 2026  560.35.05
[0] NVIDIA A40 | 42°C,   0 % |  1517 / 46068 MB | root(?M)
[1] NVIDIA A40 | 42°C,   0 % |   515 / 46068 MB | root(?M)
[2] NVIDIA A40 | 38°C,   0 % |   515 / 46068 MB | root(?M)
[3] NVIDIA A40 | 34°C,   0 % |     3 / 46068 MB |
[4] NVIDIA A40 | 35°C,   0 % |     3 / 46068 MB |
[5] NVIDIA A40 | 34°C,   0 % |     3 / 46068 MB |
[6] NVIDIA A40 | 35°C,   0 % |     3 / 46068 MB |
[7] NVIDIA A40 | 36°C,   0 % |     3 / 46068 MB |

===== 2026-01-26 08:06:28 =====
s8             Mon Jan 26 08:06:29 2026  560.35.05
[0] NVIDIA A40 | 42°C,   0 % |  1517 / 46068 MB | root(?M)
[1] NVIDIA A40 | 42°C,   0 % |   515 / 46068 MB | root(?M)
[2] NVIDIA A40 | 39°C,   0 % |   515 / 46068 MB | root(?M)
[3] NVIDIA A40 | 34°C,   0 % |     3 / 46068 MB |
[4] NVIDIA A40 | 34°C,   0 % |     3 / 46068 MB |
[5] NVIDIA A40 | 34°C,   0 % |     3 / 46068 MB |
[6] NVIDIA A40 | 34°C,   0 % |     3 / 46068 MB |
[7] NVIDIA A40 | 35°C,   0 % |     3 / 46068 MB |

===== 2026-01-26 08:06:30 =====
s8             Mon Jan 26 08:06:31 2026  560.35.05
[0] NVIDIA A40 | 42°C,   0 % |  1517 / 46068 MB | root(?M)
[1] NVIDIA A40 | 42°C,   0 % |   515 / 46068 MB | root(?M)
[2] NVIDIA A40 | 39°C,   0 % |   515 / 46068 MB | root(?M)
[3] NVIDIA A40 | 34°C,   0 % |     3 / 46068 MB |
[4] NVIDIA A40 | 34°C,   0 % |     3 / 46068 MB |
[5] NVIDIA A40 | 34°C,   0 % |     3 / 46068 MB |
[6] NVIDIA A40 | 34°C,   0 % |     3 / 46068 MB |
[7] NVIDIA A40 | 35°C,   0 % |     3 / 46068 MB |

===== 2026-01-26 08:06:32 =====
s8             Mon Jan 26 08:06:33 2026  560.35.05
[0] NVIDIA A40 | 43°C,   0 % |  1517 / 46068 MB | root(?M)
[1] NVIDIA A40 | 42°C,   0 % |   515 / 46068 MB | root(?M)
[2] NVIDIA A40 | 39°C,   0 % |   515 / 46068 MB | root(?M)
[3] NVIDIA A40 | 34°C,   0 % |     3 / 46068 MB |
[4] NVIDIA A40 | 34°C,   0 % |     3 / 46068 MB |
[5] NVIDIA A40 | 34°C,   0 % |     3 / 46068 MB |
[6] NVIDIA A40 | 34°C,   0 % |     3 / 46068 MB |
[7] NVIDIA A40 | 35°C,   0 % |     3 / 46068 MB |

===== 2026-01-26 08:06:34 =====
s8             Mon Jan 26 08:06:35 2026  560.35.05
[0] NVIDIA A40 | 43°C,   0 % |  1517 / 46068 MB | root(?M)
[1] NVIDIA A40 | 42°C,   0 % |   515 / 46068 MB | root(?M)
[2] NVIDIA A40 | 39°C,   0 % |   515 / 46068 MB | root(?M)
[3] NVIDIA A40 | 35°C,   2 % |   269 / 46068 MB | root(?M)
[4] NVIDIA A40 | 34°C,   1 % |     3 / 46068 MB |
[5] NVIDIA A40 | 34°C,   0 % |     3 / 46068 MB |
[6] NVIDIA A40 | 34°C,   0 % |     3 / 46068 MB |
[7] NVIDIA A40 | 35°C,   0 % |     3 / 46068 MB |

===== 2026-01-26 08:06:36 =====
s8             Mon Jan 26 08:06:38 2026  560.35.05
[0] NVIDIA A40 | 43°C,   0 % |  1517 / 46068 MB | root(?M)
[1] NVIDIA A40 | 42°C,   0 % |   515 / 46068 MB | root(?M)
[2] NVIDIA A40 | 39°C,   0 % |   515 / 46068 MB | root(?M)
[3] NVIDIA A40 | 36°C,   0 % |   515 / 46068 MB | root(?M)
[4] NVIDIA A40 | 34°C,   0 % |     3 / 46068 MB |
[5] NVIDIA A40 | 34°C,   0 % |     3 / 46068 MB |
[6] NVIDIA A40 | 34°C,   0 % |     3 / 46068 MB |
[7] NVIDIA A40 | 35°C,   0 % |     3 / 46068 MB |

===== 2026-01-26 08:06:39 =====
s8             Mon Jan 26 08:06:40 2026  560.35.05
[0] NVIDIA A40 | 43°C,   0 % |  1517 / 46068 MB | root(?M)
[1] NVIDIA A40 | 43°C,   0 % |   515 / 46068 MB | root(?M)
[2] NVIDIA A40 | 39°C,   0 % |   515 / 46068 MB | root(?M)
[3] NVIDIA A40 | 36°C,   0 % |   515 / 46068 MB | root(?M)
[4] NVIDIA A40 | 34°C,   0 % |     3 / 46068 MB |
[5] NVIDIA A40 | 34°C,   0 % |     3 / 46068 MB |
[6] NVIDIA A40 | 34°C,   0 % |     3 / 46068 MB |
[7] NVIDIA A40 | 35°C,   0 % |     3 / 46068 MB |

===== 2026-01-26 08:06:41 =====
s8             Mon Jan 26 08:06:42 2026  560.35.05
[0] NVIDIA A40 | 43°C,   0 % |  1517 / 46068 MB | root(?M)
[1] NVIDIA A40 | 43°C,   0 % |   515 / 46068 MB | root(?M)
[2] NVIDIA A40 | 40°C,   0 % |   515 / 46068 MB | root(?M)
[3] NVIDIA A40 | 36°C,   0 % |   515 / 46068 MB | root(?M)
[4] NVIDIA A40 | 34°C,   0 % |     3 / 46068 MB |
[5] NVIDIA A40 | 34°C,   0 % |     3 / 46068 MB |
[6] NVIDIA A40 | 34°C,   0 % |     3 / 46068 MB |
[7] NVIDIA A40 | 35°C,   0 % |     3 / 46068 MB |

===== 2026-01-26 08:06:43 =====
s8             Mon Jan 26 08:06:44 2026  560.35.05
[0] NVIDIA A40 | 43°C,   0 % |  1517 / 46068 MB | root(?M)
[1] NVIDIA A40 | 43°C,   0 % |   515 / 46068 MB | root(?M)
[2] NVIDIA A40 | 40°C,   0 % |   515 / 46068 MB | root(?M)
[3] NVIDIA A40 | 37°C,   0 % |   515 / 46068 MB | root(?M)
[4] NVIDIA A40 | 34°C,   0 % |     3 / 46068 MB |
[5] NVIDIA A40 | 34°C,   0 % |     3 / 46068 MB |
[6] NVIDIA A40 | 34°C,   0 % |     3 / 46068 MB |
[7] NVIDIA A40 | 35°C,   0 % |     3 / 46068 MB |

===== 2026-01-26 08:06:45 =====
s8             Mon Jan 26 08:06:46 2026  560.35.05
[0] NVIDIA A40 | 43°C,   0 % |  1517 / 46068 MB | root(?M)
[1] NVIDIA A40 | 43°C,   0 % |   515 / 46068 MB | root(?M)
[2] NVIDIA A40 | 40°C,   0 % |   515 / 46068 MB | root(?M)
[3] NVIDIA A40 | 37°C,   0 % |   515 / 46068 MB | root(?M)
[4] NVIDIA A40 | 36°C,   5 % |   515 / 46068 MB | root(?M)
[5] NVIDIA A40 | 34°C,   0 % |     3 / 46068 MB |
[6] NVIDIA A40 | 34°C,   0 % |     3 / 46068 MB |
[7] NVIDIA A40 | 35°C,   0 % |     3 / 46068 MB |

===== 2026-01-26 08:06:47 =====
s8             Mon Jan 26 08:06:48 2026  560.35.05
[0] NVIDIA A40 | 43°C,   0 % |  1517 / 46068 MB | root(?M)
[1] NVIDIA A40 | 43°C,   0 % |   515 / 46068 MB | root(?M)
[2] NVIDIA A40 | 40°C,   0 % |   515 / 46068 MB | root(?M)
[3] NVIDIA A40 | 37°C,   0 % |   515 / 46068 MB | root(?M)
[4] NVIDIA A40 | 36°C,   0 % |   515 / 46068 MB | root(?M)
[5] NVIDIA A40 | 34°C,   0 % |     3 / 46068 MB |
[6] NVIDIA A40 | 34°C,   0 % |     3 / 46068 MB |
[7] NVIDIA A40 | 35°C,   0 % |     3 / 46068 MB |

===== 2026-01-26 08:06:49 =====
s8             Mon Jan 26 08:06:50 2026  560.35.05
[0] NVIDIA A40 | 43°C,   0 % |  1517 / 46068 MB | root(?M)
[1] NVIDIA A40 | 43°C,   0 % |   515 / 46068 MB | root(?M)
[2] NVIDIA A40 | 40°C,   0 % |   515 / 46068 MB | root(?M)
[3] NVIDIA A40 | 37°C,   0 % |   515 / 46068 MB | root(?M)
[4] NVIDIA A40 | 37°C,   0 % |   515 / 46068 MB | root(?M)
[5] NVIDIA A40 | 33°C,   0 % |     3 / 46068 MB |
[6] NVIDIA A40 | 34°C,   0 % |     3 / 46068 MB |
[7] NVIDIA A40 | 35°C,   0 % |     3 / 46068 MB |

===== 2026-01-26 08:06:51 =====
s8             Mon Jan 26 08:06:52 2026  560.35.05
[0] NVIDIA A40 | 43°C,   0 % |  1517 / 46068 MB | root(?M)
[1] NVIDIA A40 | 43°C,   0 % |   515 / 46068 MB | root(?M)
[2] NVIDIA A40 | 40°C,   0 % |   515 / 46068 MB | root(?M)
[3] NVIDIA A40 | 37°C,   0 % |   515 / 46068 MB | root(?M)
[4] NVIDIA A40 | 37°C,   0 % |   515 / 46068 MB | root(?M)
[5] NVIDIA A40 | 33°C,   0 % |     3 / 46068 MB |
[6] NVIDIA A40 | 34°C,   0 % |     3 / 46068 MB |
[7] NVIDIA A40 | 35°C,   0 % |     3 / 46068 MB |

===== 2026-01-26 08:06:53 =====
s8             Mon Jan 26 08:06:54 2026  560.35.05
[0] NVIDIA A40 | 43°C,   0 % |  1517 / 46068 MB | root(?M)
[1] NVIDIA A40 | 43°C,   0 % |   515 / 46068 MB | root(?M)
[2] NVIDIA A40 | 40°C,   0 % |   515 / 46068 MB | root(?M)
[3] NVIDIA A40 | 37°C,   0 % |   515 / 46068 MB | root(?M)
[4] NVIDIA A40 | 37°C,   0 % |   515 / 46068 MB | root(?M)
[5] NVIDIA A40 | 33°C,   0 % |     3 / 46068 MB |
[6] NVIDIA A40 | 34°C,   0 % |     3 / 46068 MB |
[7] NVIDIA A40 | 35°C,   0 % |     3 / 46068 MB |

===== 2026-01-26 08:06:55 =====
s8             Mon Jan 26 08:06:56 2026  560.35.05
[0] NVIDIA A40 | 43°C,   0 % |  1517 / 46068 MB | root(?M)
[1] NVIDIA A40 | 43°C,   0 % |   515 / 46068 MB | root(?M)
[2] NVIDIA A40 | 40°C,   0 % |   515 / 46068 MB | root(?M)
[3] NVIDIA A40 | 38°C,   0 % |   515 / 46068 MB | root(?M)
[4] NVIDIA A40 | 37°C,   0 % |   515 / 46068 MB | root(?M)
[5] NVIDIA A40 | 36°C,   0 % |   515 / 46068 MB | root(?M)
[6] NVIDIA A40 | 34°C,   0 % |     3 / 46068 MB |
[7] NVIDIA A40 | 35°C,   0 % |     3 / 46068 MB |

===== 2026-01-26 08:06:57 =====
s8             Mon Jan 26 08:06:58 2026  560.35.05
[0] NVIDIA A40 | 43°C,   0 % |  1517 / 46068 MB | root(?M)
[1] NVIDIA A40 | 43°C,   0 % |   515 / 46068 MB | root(?M)
[2] NVIDIA A40 | 41°C,   0 % |   515 / 46068 MB | root(?M)
[3] NVIDIA A40 | 38°C,   0 % |   515 / 46068 MB | root(?M)
[4] NVIDIA A40 | 38°C,   0 % |   515 / 46068 MB | root(?M)
[5] NVIDIA A40 | 36°C,   0 % |   515 / 46068 MB | root(?M)
[6] NVIDIA A40 | 34°C,   0 % |     3 / 46068 MB |
[7] NVIDIA A40 | 34°C,   0 % |     3 / 46068 MB |

===== 2026-01-26 08:06:59 =====
s8             Mon Jan 26 08:07:00 2026  560.35.05
[0] NVIDIA A40 | 43°C,   0 % |  1517 / 46068 MB | root(?M)
[1] NVIDIA A40 | 44°C,   0 % |   515 / 46068 MB | root(?M)
[2] NVIDIA A40 | 41°C,   0 % |   515 / 46068 MB | root(?M)
[3] NVIDIA A40 | 38°C,   0 % |   515 / 46068 MB | root(?M)
[4] NVIDIA A40 | 38°C,   0 % |   515 / 46068 MB | root(?M)
[5] NVIDIA A40 | 36°C,   0 % |   515 / 46068 MB | root(?M)
[6] NVIDIA A40 | 33°C,   0 % |     3 / 46068 MB |
[7] NVIDIA A40 | 34°C,   0 % |     3 / 46068 MB |

===== 2026-01-26 08:07:01 =====
s8             Mon Jan 26 08:07:02 2026  560.35.05
[0] NVIDIA A40 | 43°C,   0 % |  1517 / 46068 MB | root(?M)
[1] NVIDIA A40 | 44°C,   0 % |   515 / 46068 MB | root(?M)
[2] NVIDIA A40 | 41°C,   0 % |   515 / 46068 MB | root(?M)
[3] NVIDIA A40 | 38°C,   0 % |   515 / 46068 MB | root(?M)
[4] NVIDIA A40 | 38°C,   0 % |   515 / 46068 MB | root(?M)
[5] NVIDIA A40 | 37°C,   0 % |   515 / 46068 MB | root(?M)
[6] NVIDIA A40 | 33°C,   0 % |     3 / 46068 MB |
[7] NVIDIA A40 | 34°C,   0 % |     3 / 46068 MB |

===== 2026-01-26 08:07:03 =====
s8             Mon Jan 26 08:07:05 2026  560.35.05
[0] NVIDIA A40 | 43°C,   0 % |  1517 / 46068 MB | root(?M)
[1] NVIDIA A40 | 44°C,   0 % |   515 / 46068 MB | root(?M)
[2] NVIDIA A40 | 41°C,   0 % |   515 / 46068 MB | root(?M)
[3] NVIDIA A40 | 38°C,   0 % |   515 / 46068 MB | root(?M)
[4] NVIDIA A40 | 38°C,   0 % |   515 / 46068 MB | root(?M)
[5] NVIDIA A40 | 37°C,   0 % |   515 / 46068 MB | root(?M)
[6] NVIDIA A40 | 35°C,   8 % |   515 / 46068 MB | root(?M)
[7] NVIDIA A40 | 35°C,   0 % |     3 / 46068 MB |

===== 2026-01-26 08:07:06 =====
s8             Mon Jan 26 08:07:07 2026  560.35.05
[0] NVIDIA A40 | 43°C,   0 % |  1517 / 46068 MB | root(?M)
[1] NVIDIA A40 | 44°C,   0 % |   515 / 46068 MB | root(?M)
[2] NVIDIA A40 | 41°C,   0 % |   515 / 46068 MB | root(?M)
[3] NVIDIA A40 | 38°C,   0 % |   515 / 46068 MB | root(?M)
[4] NVIDIA A40 | 38°C,   0 % |   515 / 46068 MB | root(?M)
[5] NVIDIA A40 | 37°C,   0 % |   515 / 46068 MB | root(?M)
[6] NVIDIA A40 | 36°C,   0 % |   515 / 46068 MB | root(?M)
[7] NVIDIA A40 | 34°C,   0 % |     3 / 46068 MB |

===== 2026-01-26 08:07:08 =====
s8             Mon Jan 26 08:07:09 2026  560.35.05
[0] NVIDIA A40 | 43°C,   0 % |  1517 / 46068 MB | root(?M)
[1] NVIDIA A40 | 44°C,   0 % |   515 / 46068 MB | root(?M)
[2] NVIDIA A40 | 41°C,   0 % |   515 / 46068 MB | root(?M)
[3] NVIDIA A40 | 38°C,   0 % |   515 / 46068 MB | root(?M)
[4] NVIDIA A40 | 38°C,   0 % |   515 / 46068 MB | root(?M)
[5] NVIDIA A40 | 37°C,   0 % |   515 / 46068 MB | root(?M)
[6] NVIDIA A40 | 37°C,   0 % |   515 / 46068 MB | root(?M)
[7] NVIDIA A40 | 34°C,   0 % |     3 / 46068 MB |

===== 2026-01-26 08:07:10 =====
s8             Mon Jan 26 08:07:11 2026  560.35.05
[0] NVIDIA A40 | 43°C,   0 % |  1517 / 46068 MB | root(?M)
[1] NVIDIA A40 | 44°C,   0 % |   515 / 46068 MB | root(?M)
[2] NVIDIA A40 | 41°C,   0 % |   515 / 46068 MB | root(?M)
[3] NVIDIA A40 | 38°C,   0 % |   515 / 46068 MB | root(?M)
[4] NVIDIA A40 | 38°C,   0 % |   515 / 46068 MB | root(?M)
[5] NVIDIA A40 | 37°C,   0 % |   515 / 46068 MB | root(?M)
[6] NVIDIA A40 | 37°C,   0 % |   515 / 46068 MB | root(?M)
[7] NVIDIA A40 | 34°C,   0 % |     3 / 46068 MB |

===== 2026-01-26 08:07:12 =====
s8             Mon Jan 26 08:07:13 2026  560.35.05
[0] NVIDIA A40 | 43°C,   0 % |  1517 / 46068 MB | root(?M)
[1] NVIDIA A40 | 44°C,   0 % |   515 / 46068 MB | root(?M)
[2] NVIDIA A40 | 41°C,   0 % |   515 / 46068 MB | root(?M)
[3] NVIDIA A40 | 38°C,   0 % |   515 / 46068 MB | root(?M)
[4] NVIDIA A40 | 39°C,   0 % |   515 / 46068 MB | root(?M)
[5] NVIDIA A40 | 38°C,   0 % |   515 / 46068 MB | root(?M)
[6] NVIDIA A40 | 37°C,   0 % |   515 / 46068 MB | root(?M)
[7] NVIDIA A40 | 34°C,   0 % |     3 / 46068 MB |

===== 2026-01-26 08:07:14 =====
s8             Mon Jan 26 08:07:15 2026  560.35.05
[0] NVIDIA A40 | 43°C,   0 % |  1517 / 46068 MB | root(?M)
[1] NVIDIA A40 | 44°C,   0 % |   515 / 46068 MB | root(?M)
[2] NVIDIA A40 | 41°C,   0 % |   515 / 46068 MB | root(?M)
[3] NVIDIA A40 | 38°C,   0 % |   515 / 46068 MB | root(?M)
[4] NVIDIA A40 | 39°C,   0 % |   515 / 46068 MB | root(?M)
[5] NVIDIA A40 | 38°C,   0 % |   515 / 46068 MB | root(?M)
[6] NVIDIA A40 | 37°C,   0 % |   515 / 46068 MB | root(?M)
[7] NVIDIA A40 | 36°C,   0 % |  1611 / 46068 MB | root(?M)

===== 2026-01-26 08:07:16 =====
s8             Mon Jan 26 08:07:17 2026  560.35.05
[0] NVIDIA A40 | 44°C,  99 % |  2547 / 46068 MB | root(?M)
[1] NVIDIA A40 | 45°C, 100 % |  1465 / 46068 MB | root(?M)
[2] NVIDIA A40 | 42°C,   3 % |  1121 / 46068 MB | root(?M)
[3] NVIDIA A40 | 39°C,   9 % |   863 / 46068 MB | root(?M)
[4] NVIDIA A40 | 39°C,   0 % |   515 / 46068 MB | root(?M)
[5] NVIDIA A40 | 38°C,   0 % |   515 / 46068 MB | root(?M)
[6] NVIDIA A40 | 37°C,   0 % |   515 / 46068 MB | root(?M)
[7] NVIDIA A40 | 37°C,   0 % |  1761 / 46068 MB | root(?M)

===== 2026-01-26 08:07:18 =====
s8             Mon Jan 26 08:07:19 2026  560.35.05
[0] NVIDIA A40 | 45°C,  98 % |  3649 / 46068 MB | root(?M)
[1] NVIDIA A40 | 46°C,  97 % |  2787 / 46068 MB | root(?M)
[2] NVIDIA A40 | 43°C, 100 % |  2617 / 46068 MB | root(?M)
[3] NVIDIA A40 | 40°C, 100 % |  2447 / 46068 MB | root(?M)
[4] NVIDIA A40 | 41°C,  65 % |  2351 / 46068 MB | root(?M)
[5] NVIDIA A40 | 40°C,  71 % |  2195 / 46068 MB | root(?M)
[6] NVIDIA A40 | 39°C,  87 % |  1959 / 46068 MB | root(?M)
[7] NVIDIA A40 | 46°C,  95 % |  8395 / 46068 MB | root(?M)

===== 2026-01-26 08:07:20 =====
s8             Mon Jan 26 08:07:21 2026  560.35.05
[0] NVIDIA A40 | 46°C,  98 % |  8113 / 46068 MB | root(?M)
[1] NVIDIA A40 | 46°C,  96 % |  3139 / 46068 MB | root(?M)
[2] NVIDIA A40 | 43°C,  96 % |  3053 / 46068 MB | root(?M)
[3] NVIDIA A40 | 40°C,  48 % |  1229 / 46068 MB | root(?M)
[4] NVIDIA A40 | 42°C,  48 % |  1849 / 46068 MB | root(?M)
[5] NVIDIA A40 | 41°C,  93 % |  2043 / 46068 MB | root(?M)
[6] NVIDIA A40 | 40°C,  88 % |  1873 / 46068 MB | root(?M)
[7] NVIDIA A40 | 48°C,  95 % | 10327 / 46068 MB | root(?M)

===== 2026-01-26 08:07:22 =====
s8             Mon Jan 26 08:07:23 2026  560.35.05
[0] NVIDIA A40 | 47°C,  98 % |  8065 / 46068 MB | root(?M)
[1] NVIDIA A40 | 47°C,  95 % |  3075 / 46068 MB | root(?M)
[2] NVIDIA A40 | 44°C,  95 % |  2999 / 46068 MB | root(?M)
[3] NVIDIA A40 | 41°C,  96 % |  2775 / 46068 MB | root(?M)
[4] NVIDIA A40 | 42°C,  94 % |  2575 / 46068 MB | root(?M)
[5] NVIDIA A40 | 40°C,  81 % |  1237 / 46068 MB | root(?M)
[6] NVIDIA A40 | 40°C,  51 % |  1373 / 46068 MB | root(?M)
[7] NVIDIA A40 | 48°C,  99 % |  8295 / 46068 MB | root(?M)

===== 2026-01-26 08:07:24 =====
s8             Mon Jan 26 08:07:25 2026  560.35.05
[0] NVIDIA A40 | 48°C,  94 % |  8065 / 46068 MB | root(?M)
[1] NVIDIA A40 | 48°C,  86 % |  3143 / 46068 MB | root(?M)
[2] NVIDIA A40 | 45°C,  91 % |  3055 / 46068 MB | root(?M)
[3] NVIDIA A40 | 42°C,  91 % |  2835 / 46068 MB | root(?M)
[4] NVIDIA A40 | 42°C,  91 % |  2643 / 46068 MB | root(?M)
[5] NVIDIA A40 | 42°C,  93 % |  2431 / 46068 MB | root(?M)
[6] NVIDIA A40 | 41°C,  93 % |  2219 / 46068 MB | root(?M)
[7] NVIDIA A40 | 50°C,  97 % | 12237 / 46068 MB | root(?M)

===== 2026-01-26 08:07:26 =====
s8             Mon Jan 26 08:07:27 2026  560.35.05
[0] NVIDIA A40 | 48°C,  82 % |  7061 / 46068 MB | root(?M)
[1] NVIDIA A40 | 47°C,  52 % |  1629 / 46068 MB | root(?M)
[2] NVIDIA A40 | 46°C,   0 % |  2819 / 46068 MB | root(?M)
[3] NVIDIA A40 | 43°C,  83 % |  2615 / 46068 MB | root(?M)
[4] NVIDIA A40 | 43°C,  90 % |  2371 / 46068 MB | root(?M)
[5] NVIDIA A40 | 42°C,  90 % |  2225 / 46068 MB | root(?M)
[6] NVIDIA A40 | 42°C,  93 % |  1999 / 46068 MB | root(?M)
[7] NVIDIA A40 | 53°C,  96 % | 11165 / 46068 MB | root(?M)

===== 2026-01-26 08:07:28 =====
s8             Mon Jan 26 08:07:30 2026  560.35.05
[0] NVIDIA A40 | 47°C,  98 % |  8065 / 46068 MB | root(?M)
[1] NVIDIA A40 | 47°C,  96 % |  2735 / 46068 MB | root(?M)
[2] NVIDIA A40 | 44°C,  59 % |  2651 / 46068 MB | root(?M)
[3] NVIDIA A40 | 41°C,  61 % |  1261 / 46068 MB | root(?M)
[4] NVIDIA A40 | 44°C,  79 % |  2185 / 46068 MB | root(?M)
[5] NVIDIA A40 | 42°C,  88 % |  2063 / 46068 MB | root(?M)
[6] NVIDIA A40 | 42°C,  92 % |  1851 / 46068 MB | root(?M)
[7] NVIDIA A40 | 54°C,  95 % | 10151 / 46068 MB | root(?M)

===== 2026-01-26 08:07:31 =====
s8             Mon Jan 26 08:07:32 2026  560.35.05
[0] NVIDIA A40 | 46°C,   0 % |  7061 / 46068 MB | root(?M)
[1] NVIDIA A40 | 46°C,   0 % |  1327 / 46068 MB | root(?M)
[2] NVIDIA A40 | 43°C,   0 % |  1369 / 46068 MB | root(?M)
[3] NVIDIA A40 | 40°C,   0 % |  1271 / 46068 MB | root(?M)
[4] NVIDIA A40 | 41°C,   0 % |  1287 / 46068 MB | root(?M)
[5] NVIDIA A40 | 40°C,   0 % |  1325 / 46068 MB | root(?M)
[6] NVIDIA A40 | 40°C,   0 % |  1231 / 46068 MB | root(?M)
[7] NVIDIA A40 | 45°C,   1 % |  7689 / 46068 MB | root(?M)

===== 2026-01-26 08:07:33 =====
s8             Mon Jan 26 08:07:34 2026  560.35.05
[0] NVIDIA A40 | 45°C,   3 % |  7276 / 46068 MB | root(?M) root(?M) root(?M)
[1] NVIDIA A40 | 46°C,   1 % |  1500 / 46068 MB | root(?M) root(?M)
[2] NVIDIA A40 | 43°C,   0 % |  1498 / 46068 MB | root(?M) root(?M)
[3] NVIDIA A40 | 40°C,   0 % |  1440 / 46068 MB | root(?M) root(?M)
[4] NVIDIA A40 | 41°C,   0 % |  1350 / 46068 MB | root(?M) root(?M)
[5] NVIDIA A40 | 40°C,   3 % |  1252 / 46068 MB | root(?M) root(?M)
[6] NVIDIA A40 | 40°C,   0 % |  1232 / 46068 MB | root(?M) root(?M)
[7] NVIDIA A40 | 44°C,   1 % |  7473 / 46068 MB | root(?M)

===== 2026-01-26 08:07:35 =====
s8             Mon Jan 26 08:07:36 2026  560.35.05
[0] NVIDIA A40 | 45°C,   3 % |   268 / 46068 MB | root(?M)
[1] NVIDIA A40 | 46°C,   3 % |     0 / 46068 MB |
[2] NVIDIA A40 | 43°C,   0 % |     0 / 46068 MB |
[3] NVIDIA A40 | 40°C,   0 % |     0 / 46068 MB |
[4] NVIDIA A40 | 41°C,   0 % |     0 / 46068 MB |
[5] NVIDIA A40 | 40°C,   0 % |     0 / 46068 MB |
[6] NVIDIA A40 | 40°C,   0 % |     0 / 46068 MB |
[7] NVIDIA A40 | 44°C,   0 % |     0 / 46068 MB |

===== 2026-01-26 08:07:37 =====
s8             Mon Jan 26 08:07:38 2026  560.35.05
[0] NVIDIA A40 | 43°C,   0 % |     0 / 46068 MB |
[1] NVIDIA A40 | 44°C,   0 % |     0 / 46068 MB |
[2] NVIDIA A40 | 42°C,   0 % |     0 / 46068 MB |
[3] NVIDIA A40 | 39°C,   0 % |     0 / 46068 MB |
[4] NVIDIA A40 | 40°C,   0 % |     0 / 46068 MB |
[5] NVIDIA A40 | 39°C,   0 % |     0 / 46068 MB |
[6] NVIDIA A40 | 38°C,   0 % |     0 / 46068 MB |
[7] NVIDIA A40 | 42°C,   0 % |     0 / 46068 MB |

===== 2026-01-26 08:07:39 =====
s8             Mon Jan 26 08:07:40 2026  560.35.05
[0] NVIDIA A40 | 43°C,   0 % |     0 / 46068 MB |
[1] NVIDIA A40 | 44°C,   0 % |     0 / 46068 MB |
[2] NVIDIA A40 | 41°C,   0 % |     0 / 46068 MB |
[3] NVIDIA A40 | 39°C,   0 % |     0 / 46068 MB |
[4] NVIDIA A40 | 39°C,   0 % |     0 / 46068 MB |
[5] NVIDIA A40 | 39°C,   0 % |     0 / 46068 MB |
[6] NVIDIA A40 | 38°C,   0 % |     0 / 46068 MB |
[7] NVIDIA A40 | 42°C,   0 % |     0 / 46068 MB |

===== 2026-01-26 08:07:41 =====
s8             Mon Jan 26 08:07:42 2026  560.35.05
[0] NVIDIA A40 | 43°C,   0 % |     0 / 46068 MB |
[1] NVIDIA A40 | 43°C,   0 % |     0 / 46068 MB |
[2] NVIDIA A40 | 40°C,   0 % |     0 / 46068 MB |
[3] NVIDIA A40 | 38°C,   0 % |     0 / 46068 MB |
[4] NVIDIA A40 | 38°C,   0 % |     0 / 46068 MB |
[5] NVIDIA A40 | 38°C,   0 % |     0 / 46068 MB |
[6] NVIDIA A40 | 37°C,   0 % |     0 / 46068 MB |
[7] NVIDIA A40 | 42°C,   0 % |     0 / 46068 MB |

===== 2026-01-26 08:07:43 =====
s8             Mon Jan 26 08:07:44 2026  560.35.05
[0] NVIDIA A40 | 41°C,   0 % |     0 / 46068 MB |
[1] NVIDIA A40 | 42°C,   0 % |     0 / 46068 MB |
[2] NVIDIA A40 | 39°C,   0 % |     0 / 46068 MB |
[3] NVIDIA A40 | 37°C,   0 % |     0 / 46068 MB |
[4] NVIDIA A40 | 37°C,   0 % |     0 / 46068 MB |
[5] NVIDIA A40 | 37°C,   0 % |     0 / 46068 MB |
[6] NVIDIA A40 | 37°C,   0 % |     0 / 46068 MB |
[7] NVIDIA A40 | 41°C,   0 % |     0 / 46068 MB |

===== 2026-01-26 08:07:45 =====
s8             Mon Jan 26 08:07:47 2026  560.35.05
[0] NVIDIA A40 | 41°C,   0 % |     0 / 46068 MB |
[1] NVIDIA A40 | 41°C,   0 % |     0 / 46068 MB |
[2] NVIDIA A40 | 39°C,   0 % |     0 / 46068 MB |
[3] NVIDIA A40 | 37°C,   0 % |     0 / 46068 MB |
[4] NVIDIA A40 | 37°C,   0 % |     0 / 46068 MB |
[5] NVIDIA A40 | 37°C,   0 % |     0 / 46068 MB |
[6] NVIDIA A40 | 36°C,   0 % |     0 / 46068 MB |
[7] NVIDIA A40 | 41°C,   0 % |     0 / 46068 MB |

===== 2026-01-26 08:07:48 =====
s8             Mon Jan 26 08:07:50 2026  560.35.05
[0] NVIDIA A40 | 40°C,   0 % |     0 / 46068 MB |
[1] NVIDIA A40 | 41°C,   0 % |     0 / 46068 MB |
[2] NVIDIA A40 | 39°C,   1 % |     0 / 46068 MB |
[3] NVIDIA A40 | 36°C,   0 % |     0 / 46068 MB |
[4] NVIDIA A40 | 37°C,   0 % |     0 / 46068 MB |
[5] NVIDIA A40 | 36°C,   0 % |     0 / 46068 MB |
[6] NVIDIA A40 | 36°C,   0 % |     0 / 46068 MB |
[7] NVIDIA A40 | 40°C,   0 % |     0 / 46068 MB |

===== 2026-01-26 08:07:51 =====
s8             Mon Jan 26 08:07:52 2026  560.35.05
[0] NVIDIA A40 | 40°C,   0 % |     3 / 46068 MB |
[1] NVIDIA A40 | 41°C,   0 % |     3 / 46068 MB |
[2] NVIDIA A40 | 40°C,   0 % |     3 / 46068 MB |
[3] NVIDIA A40 | 37°C,   0 % |     3 / 46068 MB |
[4] NVIDIA A40 | 37°C,   0 % |     3 / 46068 MB |
[5] NVIDIA A40 | 37°C,   0 % |     3 / 46068 MB |
[6] NVIDIA A40 | 36°C,   0 % |     3 / 46068 MB |
[7] NVIDIA A40 | 40°C,   0 % |     3 / 46068 MB |

===== 2026-01-26 08:07:53 =====
s8             Mon Jan 26 08:07:54 2026  560.35.05
[0] NVIDIA A40 | 40°C,   0 % |     3 / 46068 MB |
[1] NVIDIA A40 | 40°C,   0 % |     3 / 46068 MB |
[2] NVIDIA A40 | 38°C,   0 % |     3 / 46068 MB |
[3] NVIDIA A40 | 36°C,   0 % |     3 / 46068 MB |
[4] NVIDIA A40 | 36°C,   0 % |     3 / 46068 MB |
[5] NVIDIA A40 | 36°C,   0 % |     3 / 46068 MB |
[6] NVIDIA A40 | 36°C,   0 % |     3 / 46068 MB |
[7] NVIDIA A40 | 39°C,   0 % |     3 / 46068 MB |

===== 2026-01-26 08:07:55 =====
s8             Mon Jan 26 08:07:56 2026  560.35.05
[0] NVIDIA A40 | 39°C,   0 % |     3 / 46068 MB |
[1] NVIDIA A40 | 40°C,   0 % |     3 / 46068 MB |
[2] NVIDIA A40 | 38°C,   0 % |     3 / 46068 MB |
[3] NVIDIA A40 | 36°C,   0 % |     3 / 46068 MB |
[4] NVIDIA A40 | 36°C,   0 % |     3 / 46068 MB |
[5] NVIDIA A40 | 36°C,   0 % |     3 / 46068 MB |
[6] NVIDIA A40 | 36°C,   0 % |     3 / 46068 MB |
[7] NVIDIA A40 | 39°C,   1 % |     3 / 46068 MB |

===== 2026-01-26 08:07:57 =====
s8             Mon Jan 26 08:07:58 2026  560.35.05
[0] NVIDIA A40 | 39°C,   0 % |     3 / 46068 MB |
[1] NVIDIA A40 | 40°C,   0 % |     3 / 46068 MB |
[2] NVIDIA A40 | 38°C,   0 % |     3 / 46068 MB |
[3] NVIDIA A40 | 36°C,   0 % |     3 / 46068 MB |
[4] NVIDIA A40 | 36°C,   0 % |     3 / 46068 MB |
[5] NVIDIA A40 | 36°C,   0 % |     3 / 46068 MB |
[6] NVIDIA A40 | 36°C,   0 % |     3 / 46068 MB |
[7] NVIDIA A40 | 39°C,   0 % |     3 / 46068 MB |

===== 2026-01-26 08:07:59 =====
s8             Mon Jan 26 08:08:01 2026  560.35.05
[0] NVIDIA A40 | 39°C,   0 % |     3 / 46068 MB |
[1] NVIDIA A40 | 39°C,   0 % |     3 / 46068 MB |
[2] NVIDIA A40 | 37°C,   0 % |     3 / 46068 MB |
[3] NVIDIA A40 | 35°C,   0 % |     3 / 46068 MB |
[4] NVIDIA A40 | 36°C,   0 % |     3 / 46068 MB |
[5] NVIDIA A40 | 36°C,   0 % |     3 / 46068 MB |
[6] NVIDIA A40 | 36°C,   0 % |     3 / 46068 MB |
[7] NVIDIA A40 | 39°C,   0 % |     3 / 46068 MB |

===== 2026-01-26 08:08:02 =====
s8             Mon Jan 26 08:08:03 2026  560.35.05
[0] NVIDIA A40 | 41°C,   0 % |  1517 / 46068 MB | root(?M)
[1] NVIDIA A40 | 40°C,   0 % |     3 / 46068 MB |
[2] NVIDIA A40 | 38°C,   0 % |     3 / 46068 MB |
[3] NVIDIA A40 | 36°C,   0 % |     3 / 46068 MB |
[4] NVIDIA A40 | 36°C,   0 % |     3 / 46068 MB |
[5] NVIDIA A40 | 36°C,   0 % |     3 / 46068 MB |
[6] NVIDIA A40 | 36°C,   0 % |     3 / 46068 MB |
[7] NVIDIA A40 | 39°C,   0 % |     3 / 46068 MB |

===== 2026-01-26 08:08:04 =====
s8             Mon Jan 26 08:08:05 2026  560.35.05
[0] NVIDIA A40 | 42°C,   0 % |  1517 / 46068 MB | root(?M)
[1] NVIDIA A40 | 39°C,   0 % |     3 / 46068 MB |
[2] NVIDIA A40 | 37°C,   0 % |     3 / 46068 MB |
[3] NVIDIA A40 | 35°C,   0 % |     3 / 46068 MB |
[4] NVIDIA A40 | 36°C,   0 % |     3 / 46068 MB |
[5] NVIDIA A40 | 35°C,   0 % |     3 / 46068 MB |
[6] NVIDIA A40 | 35°C,   0 % |     3 / 46068 MB |
[7] NVIDIA A40 | 38°C,   0 % |     3 / 46068 MB |

===== 2026-01-26 08:08:06 =====
s8             Mon Jan 26 08:08:07 2026  560.35.05
[0] NVIDIA A40 | 42°C,   0 % |  1517 / 46068 MB | root(?M)
[1] NVIDIA A40 | 39°C,   1 % |     3 / 46068 MB |
[2] NVIDIA A40 | 37°C,   0 % |     3 / 46068 MB |
[3] NVIDIA A40 | 35°C,   0 % |     3 / 46068 MB |
[4] NVIDIA A40 | 36°C,   0 % |     3 / 46068 MB |
[5] NVIDIA A40 | 35°C,   0 % |     3 / 46068 MB |
[6] NVIDIA A40 | 35°C,   0 % |     3 / 46068 MB |
[7] NVIDIA A40 | 38°C,   0 % |     3 / 46068 MB |

===== 2026-01-26 08:08:08 =====
s8             Mon Jan 26 08:08:09 2026  560.35.05
[0] NVIDIA A40 | 42°C,   0 % |  1517 / 46068 MB | root(?M)
[1] NVIDIA A40 | 39°C,   0 % |     3 / 46068 MB |
[2] NVIDIA A40 | 37°C,   0 % |     3 / 46068 MB |
[3] NVIDIA A40 | 35°C,   0 % |     3 / 46068 MB |
[4] NVIDIA A40 | 35°C,   0 % |     3 / 46068 MB |
[5] NVIDIA A40 | 35°C,   0 % |     3 / 46068 MB |
[6] NVIDIA A40 | 35°C,   0 % |     3 / 46068 MB |
[7] NVIDIA A40 | 38°C,   0 % |     3 / 46068 MB |

===== 2026-01-26 08:08:10 =====
s8             Mon Jan 26 08:08:11 2026  560.35.05
[0] NVIDIA A40 | 42°C,   0 % |  1517 / 46068 MB | root(?M)
[1] NVIDIA A40 | 41°C,   0 % |   515 / 46068 MB | root(?M)
[2] NVIDIA A40 | 37°C,   0 % |     3 / 46068 MB |
[3] NVIDIA A40 | 35°C,   0 % |     3 / 46068 MB |
[4] NVIDIA A40 | 36°C,   0 % |     3 / 46068 MB |
[5] NVIDIA A40 | 35°C,   0 % |     3 / 46068 MB |
[6] NVIDIA A40 | 35°C,   0 % |     3 / 46068 MB |
[7] NVIDIA A40 | 38°C,   0 % |     3 / 46068 MB |

===== 2026-01-26 08:08:12 =====
s8             Mon Jan 26 08:08:13 2026  560.35.05
[0] NVIDIA A40 | 42°C,   0 % |  1517 / 46068 MB | root(?M)
[1] NVIDIA A40 | 42°C,   0 % |   515 / 46068 MB | root(?M)
[2] NVIDIA A40 | 37°C,   0 % |     3 / 46068 MB |
[3] NVIDIA A40 | 35°C,   0 % |     3 / 46068 MB |
[4] NVIDIA A40 | 35°C,   0 % |     3 / 46068 MB |
[5] NVIDIA A40 | 35°C,   0 % |     3 / 46068 MB |
[6] NVIDIA A40 | 35°C,   0 % |     3 / 46068 MB |
[7] NVIDIA A40 | 38°C,   0 % |     3 / 46068 MB |

===== 2026-01-26 08:08:14 =====
s8             Mon Jan 26 08:08:15 2026  560.35.05
[0] NVIDIA A40 | 42°C,   0 % |  1517 / 46068 MB | root(?M)
[1] NVIDIA A40 | 42°C,   0 % |   515 / 46068 MB | root(?M)
[2] NVIDIA A40 | 36°C,   0 % |     3 / 46068 MB |
[3] NVIDIA A40 | 35°C,   0 % |     3 / 46068 MB |
[4] NVIDIA A40 | 35°C,   0 % |     3 / 46068 MB |
[5] NVIDIA A40 | 35°C,   0 % |     3 / 46068 MB |
[6] NVIDIA A40 | 35°C,   0 % |     3 / 46068 MB |
[7] NVIDIA A40 | 37°C,   0 % |     3 / 46068 MB |

===== 2026-01-26 08:08:16 =====
s8             Mon Jan 26 08:08:17 2026  560.35.05
[0] NVIDIA A40 | 42°C,   0 % |  1517 / 46068 MB | root(?M)
[1] NVIDIA A40 | 42°C,   0 % |   515 / 46068 MB | root(?M)
[2] NVIDIA A40 | 36°C,   0 % |     3 / 46068 MB |
[3] NVIDIA A40 | 35°C,   0 % |     3 / 46068 MB |
[4] NVIDIA A40 | 35°C,   0 % |     3 / 46068 MB |
[5] NVIDIA A40 | 35°C,   0 % |     3 / 46068 MB |
[6] NVIDIA A40 | 35°C,   0 % |     3 / 46068 MB |
[7] NVIDIA A40 | 37°C,   0 % |     3 / 46068 MB |

===== 2026-01-26 08:08:18 =====
s8             Mon Jan 26 08:08:19 2026  560.35.05
[0] NVIDIA A40 | 42°C,   0 % |  1517 / 46068 MB | root(?M)
[1] NVIDIA A40 | 42°C,   0 % |   515 / 46068 MB | root(?M)
[2] NVIDIA A40 | 38°C,   0 % |   269 / 46068 MB | root(?M)
[3] NVIDIA A40 | 35°C,   0 % |     3 / 46068 MB |
[4] NVIDIA A40 | 35°C,   0 % |     3 / 46068 MB |
[5] NVIDIA A40 | 35°C,   0 % |     3 / 46068 MB |
[6] NVIDIA A40 | 35°C,   0 % |     3 / 46068 MB |
[7] NVIDIA A40 | 37°C,   0 % |     3 / 46068 MB |

===== 2026-01-26 08:08:20 =====
s8             Mon Jan 26 08:08:22 2026  560.35.05
[0] NVIDIA A40 | 43°C,   0 % |  1517 / 46068 MB | root(?M)
[1] NVIDIA A40 | 42°C,   0 % |   515 / 46068 MB | root(?M)
[2] NVIDIA A40 | 39°C,   0 % |   515 / 46068 MB | root(?M)
[3] NVIDIA A40 | 35°C,   0 % |     3 / 46068 MB |
[4] NVIDIA A40 | 35°C,   0 % |     3 / 46068 MB |
[5] NVIDIA A40 | 35°C,   0 % |     3 / 46068 MB |
[6] NVIDIA A40 | 35°C,   0 % |     3 / 46068 MB |
[7] NVIDIA A40 | 37°C,   0 % |     3 / 46068 MB |

===== 2026-01-26 08:08:23 =====
s8             Mon Jan 26 08:08:24 2026  560.35.05
[0] NVIDIA A40 | 43°C,   0 % |  1517 / 46068 MB | root(?M)
[1] NVIDIA A40 | 42°C,   0 % |   515 / 46068 MB | root(?M)
[2] NVIDIA A40 | 39°C,   0 % |   515 / 46068 MB | root(?M)
[3] NVIDIA A40 | 34°C,   0 % |     3 / 46068 MB |
[4] NVIDIA A40 | 35°C,   0 % |     3 / 46068 MB |
[5] NVIDIA A40 | 34°C,   0 % |     3 / 46068 MB |
[6] NVIDIA A40 | 35°C,   0 % |     3 / 46068 MB |
[7] NVIDIA A40 | 37°C,   0 % |     3 / 46068 MB |

===== 2026-01-26 08:08:25 =====
s8             Mon Jan 26 08:08:26 2026  560.35.05
[0] NVIDIA A40 | 43°C,   0 % |  1517 / 46068 MB | root(?M)
[1] NVIDIA A40 | 43°C,   0 % |   515 / 46068 MB | root(?M)
[2] NVIDIA A40 | 39°C,   0 % |   515 / 46068 MB | root(?M)
[3] NVIDIA A40 | 34°C,   0 % |     3 / 46068 MB |
[4] NVIDIA A40 | 35°C,   0 % |     3 / 46068 MB |
[5] NVIDIA A40 | 34°C,   0 % |     3 / 46068 MB |
[6] NVIDIA A40 | 35°C,   0 % |     3 / 46068 MB |
[7] NVIDIA A40 | 37°C,   0 % |     3 / 46068 MB |

===== 2026-01-26 08:08:27 =====
s8             Mon Jan 26 08:08:28 2026  560.35.05
[0] NVIDIA A40 | 43°C,   0 % |  1517 / 46068 MB | root(?M)
[1] NVIDIA A40 | 43°C,   0 % |   515 / 46068 MB | root(?M)
[2] NVIDIA A40 | 39°C,   0 % |   515 / 46068 MB | root(?M)
[3] NVIDIA A40 | 34°C,   0 % |     3 / 46068 MB |
[4] NVIDIA A40 | 35°C,   0 % |     3 / 46068 MB |
[5] NVIDIA A40 | 34°C,   0 % |     3 / 46068 MB |
[6] NVIDIA A40 | 34°C,   0 % |     3 / 46068 MB |
[7] NVIDIA A40 | 37°C,   0 % |     3 / 46068 MB |

===== 2026-01-26 08:08:29 =====
s8             Mon Jan 26 08:08:30 2026  560.35.05
[0] NVIDIA A40 | 43°C,   0 % |  1517 / 46068 MB | root(?M)
[1] NVIDIA A40 | 43°C,   0 % |   515 / 46068 MB | root(?M)
[2] NVIDIA A40 | 40°C,   0 % |   515 / 46068 MB | root(?M)
[3] NVIDIA A40 | 36°C,   0 % |   515 / 46068 MB | root(?M)
[4] NVIDIA A40 | 35°C,   0 % |     3 / 46068 MB |
[5] NVIDIA A40 | 35°C,   0 % |     3 / 46068 MB |
[6] NVIDIA A40 | 35°C,   0 % |     3 / 46068 MB |
[7] NVIDIA A40 | 37°C,   0 % |     3 / 46068 MB |

===== 2026-01-26 08:08:31 =====
s8             Mon Jan 26 08:08:32 2026  560.35.05
[0] NVIDIA A40 | 43°C,   0 % |  1517 / 46068 MB | root(?M)
[1] NVIDIA A40 | 43°C,   0 % |   515 / 46068 MB | root(?M)
[2] NVIDIA A40 | 40°C,   0 % |   515 / 46068 MB | root(?M)
[3] NVIDIA A40 | 36°C,   0 % |   515 / 46068 MB | root(?M)
[4] NVIDIA A40 | 34°C,   0 % |     3 / 46068 MB |
[5] NVIDIA A40 | 34°C,   0 % |     3 / 46068 MB |
[6] NVIDIA A40 | 34°C,   0 % |     3 / 46068 MB |
[7] NVIDIA A40 | 36°C,   0 % |     3 / 46068 MB |

===== 2026-01-26 08:08:33 =====
s8             Mon Jan 26 08:08:34 2026  560.35.05
[0] NVIDIA A40 | 43°C,   0 % |  1517 / 46068 MB | root(?M)
[1] NVIDIA A40 | 43°C,   0 % |   515 / 46068 MB | root(?M)
[2] NVIDIA A40 | 40°C,   0 % |   515 / 46068 MB | root(?M)
[3] NVIDIA A40 | 37°C,   0 % |   515 / 46068 MB | root(?M)
[4] NVIDIA A40 | 34°C,   0 % |     3 / 46068 MB |
[5] NVIDIA A40 | 34°C,   0 % |     3 / 46068 MB |
[6] NVIDIA A40 | 34°C,   0 % |     3 / 46068 MB |
[7] NVIDIA A40 | 36°C,   0 % |     3 / 46068 MB |

===== 2026-01-26 08:08:35 =====
s8             Mon Jan 26 08:08:36 2026  560.35.05
[0] NVIDIA A40 | 43°C,   0 % |  1517 / 46068 MB | root(?M)
[1] NVIDIA A40 | 43°C,   0 % |   515 / 46068 MB | root(?M)
[2] NVIDIA A40 | 40°C,   0 % |   515 / 46068 MB | root(?M)
[3] NVIDIA A40 | 37°C,   0 % |   515 / 46068 MB | root(?M)
[4] NVIDIA A40 | 34°C,   0 % |     3 / 46068 MB |
[5] NVIDIA A40 | 34°C,   0 % |     3 / 46068 MB |
[6] NVIDIA A40 | 34°C,   0 % |     3 / 46068 MB |
[7] NVIDIA A40 | 36°C,   0 % |     3 / 46068 MB |

===== 2026-01-26 08:08:37 =====
s8             Mon Jan 26 08:08:38 2026  560.35.05
[0] NVIDIA A40 | 43°C,   0 % |  1517 / 46068 MB | root(?M)
[1] NVIDIA A40 | 43°C,   0 % |   515 / 46068 MB | root(?M)
[2] NVIDIA A40 | 40°C,   0 % |   515 / 46068 MB | root(?M)
[3] NVIDIA A40 | 37°C,   0 % |   515 / 46068 MB | root(?M)
[4] NVIDIA A40 | 34°C,   0 % |     3 / 46068 MB |
[5] NVIDIA A40 | 34°C,   0 % |     3 / 46068 MB |
[6] NVIDIA A40 | 34°C,   0 % |     3 / 46068 MB |
[7] NVIDIA A40 | 36°C,   0 % |     3 / 46068 MB |

===== 2026-01-26 08:08:39 =====
s8             Mon Jan 26 08:08:40 2026  560.35.05
[0] NVIDIA A40 | 43°C,   0 % |  1517 / 46068 MB | root(?M)
[1] NVIDIA A40 | 43°C,   0 % |   515 / 46068 MB | root(?M)
[2] NVIDIA A40 | 40°C,   0 % |   515 / 46068 MB | root(?M)
[3] NVIDIA A40 | 37°C,   0 % |   515 / 46068 MB | root(?M)
[4] NVIDIA A40 | 37°C,   0 % |   515 / 46068 MB | root(?M)
[5] NVIDIA A40 | 34°C,   0 % |     3 / 46068 MB |
[6] NVIDIA A40 | 34°C,   0 % |     3 / 46068 MB |
[7] NVIDIA A40 | 36°C,   0 % |     3 / 46068 MB |

===== 2026-01-26 08:08:41 =====
s8             Mon Jan 26 08:08:42 2026  560.35.05
[0] NVIDIA A40 | 43°C,   0 % |  1517 / 46068 MB | root(?M)
[1] NVIDIA A40 | 43°C,   0 % |   515 / 46068 MB | root(?M)
[2] NVIDIA A40 | 40°C,   0 % |   515 / 46068 MB | root(?M)
[3] NVIDIA A40 | 37°C,   0 % |   515 / 46068 MB | root(?M)
[4] NVIDIA A40 | 37°C,   0 % |   515 / 46068 MB | root(?M)
[5] NVIDIA A40 | 34°C,   0 % |     3 / 46068 MB |
[6] NVIDIA A40 | 34°C,   0 % |     3 / 46068 MB |
[7] NVIDIA A40 | 36°C,   0 % |     3 / 46068 MB |

===== 2026-01-26 08:08:43 =====
s8             Mon Jan 26 08:08:44 2026  560.35.05
[0] NVIDIA A40 | 43°C,   0 % |  1517 / 46068 MB | root(?M)
[1] NVIDIA A40 | 43°C,   0 % |   515 / 46068 MB | root(?M)
[2] NVIDIA A40 | 40°C,   0 % |   515 / 46068 MB | root(?M)
[3] NVIDIA A40 | 37°C,   0 % |   515 / 46068 MB | root(?M)
[4] NVIDIA A40 | 37°C,   0 % |   515 / 46068 MB | root(?M)
[5] NVIDIA A40 | 34°C,   0 % |     3 / 46068 MB |
[6] NVIDIA A40 | 34°C,   0 % |     3 / 46068 MB |
[7] NVIDIA A40 | 36°C,   0 % |     3 / 46068 MB |

===== 2026-01-26 08:08:45 =====
s8             Mon Jan 26 08:08:47 2026  560.35.05
[0] NVIDIA A40 | 43°C,   0 % |  1517 / 46068 MB | root(?M)
[1] NVIDIA A40 | 44°C,   0 % |   515 / 46068 MB | root(?M)
[2] NVIDIA A40 | 41°C,   0 % |   515 / 46068 MB | root(?M)
[3] NVIDIA A40 | 38°C,   0 % |   515 / 46068 MB | root(?M)
[4] NVIDIA A40 | 37°C,   0 % |   515 / 46068 MB | root(?M)
[5] NVIDIA A40 | 34°C,   0 % |     3 / 46068 MB |
[6] NVIDIA A40 | 34°C,   0 % |     3 / 46068 MB |
[7] NVIDIA A40 | 36°C,   0 % |     3 / 46068 MB |

===== 2026-01-26 08:08:48 =====
s8             Mon Jan 26 08:08:49 2026  560.35.05
[0] NVIDIA A40 | 43°C,   0 % |  1517 / 46068 MB | root(?M)
[1] NVIDIA A40 | 44°C,   0 % |   515 / 46068 MB | root(?M)
[2] NVIDIA A40 | 41°C,   0 % |   515 / 46068 MB | root(?M)
[3] NVIDIA A40 | 38°C,   0 % |   515 / 46068 MB | root(?M)
[4] NVIDIA A40 | 38°C,   0 % |   515 / 46068 MB | root(?M)
[5] NVIDIA A40 | 34°C,   0 % |     3 / 46068 MB |
[6] NVIDIA A40 | 34°C,   0 % |     3 / 46068 MB |
[7] NVIDIA A40 | 36°C,   0 % |     3 / 46068 MB |

===== 2026-01-26 08:08:50 =====
s8             Mon Jan 26 08:08:51 2026  560.35.05
[0] NVIDIA A40 | 43°C,   0 % |  1517 / 46068 MB | root(?M)
[1] NVIDIA A40 | 44°C,   0 % |   515 / 46068 MB | root(?M)
[2] NVIDIA A40 | 41°C,   0 % |   515 / 46068 MB | root(?M)
[3] NVIDIA A40 | 38°C,   0 % |   515 / 46068 MB | root(?M)
[4] NVIDIA A40 | 38°C,   0 % |   515 / 46068 MB | root(?M)
[5] NVIDIA A40 | 36°C,   0 % |   515 / 46068 MB | root(?M)
[6] NVIDIA A40 | 34°C,   0 % |     3 / 46068 MB |
[7] NVIDIA A40 | 36°C,   0 % |     3 / 46068 MB |

===== 2026-01-26 08:08:52 =====
s8             Mon Jan 26 08:08:53 2026  560.35.05
[0] NVIDIA A40 | 43°C,   0 % |  1517 / 46068 MB | root(?M)
[1] NVIDIA A40 | 44°C,   0 % |   515 / 46068 MB | root(?M)
[2] NVIDIA A40 | 41°C,   0 % |   515 / 46068 MB | root(?M)
[3] NVIDIA A40 | 38°C,   0 % |   515 / 46068 MB | root(?M)
[4] NVIDIA A40 | 38°C,   0 % |   515 / 46068 MB | root(?M)
[5] NVIDIA A40 | 37°C,   0 % |   515 / 46068 MB | root(?M)
[6] NVIDIA A40 | 34°C,   0 % |     3 / 46068 MB |
[7] NVIDIA A40 | 35°C,   0 % |     3 / 46068 MB |

===== 2026-01-26 08:08:54 =====
s8             Mon Jan 26 08:08:55 2026  560.35.05
[0] NVIDIA A40 | 43°C,   0 % |  1517 / 46068 MB | root(?M)
[1] NVIDIA A40 | 44°C,   0 % |   515 / 46068 MB | root(?M)
[2] NVIDIA A40 | 41°C,   0 % |   515 / 46068 MB | root(?M)
[3] NVIDIA A40 | 38°C,   0 % |   515 / 46068 MB | root(?M)
[4] NVIDIA A40 | 38°C,   0 % |   515 / 46068 MB | root(?M)
[5] NVIDIA A40 | 37°C,   0 % |   515 / 46068 MB | root(?M)
[6] NVIDIA A40 | 34°C,   0 % |     3 / 46068 MB |
[7] NVIDIA A40 | 35°C,   0 % |     3 / 46068 MB |

===== 2026-01-26 08:08:56 =====
s8             Mon Jan 26 08:08:57 2026  560.35.05
[0] NVIDIA A40 | 43°C,   0 % |  1517 / 46068 MB | root(?M)
[1] NVIDIA A40 | 44°C,   0 % |   515 / 46068 MB | root(?M)
[2] NVIDIA A40 | 41°C,   0 % |   515 / 46068 MB | root(?M)
[3] NVIDIA A40 | 38°C,   0 % |   515 / 46068 MB | root(?M)
[4] NVIDIA A40 | 38°C,   0 % |   515 / 46068 MB | root(?M)
[5] NVIDIA A40 | 37°C,   0 % |   515 / 46068 MB | root(?M)
[6] NVIDIA A40 | 34°C,   0 % |     3 / 46068 MB |
[7] NVIDIA A40 | 35°C,   0 % |     3 / 46068 MB |

===== 2026-01-26 08:08:58 =====
s8             Mon Jan 26 08:08:59 2026  560.35.05
[0] NVIDIA A40 | 43°C,   0 % |  1517 / 46068 MB | root(?M)
[1] NVIDIA A40 | 44°C,   0 % |   515 / 46068 MB | root(?M)
[2] NVIDIA A40 | 41°C,   0 % |   515 / 46068 MB | root(?M)
[3] NVIDIA A40 | 38°C,   0 % |   515 / 46068 MB | root(?M)
[4] NVIDIA A40 | 38°C,   0 % |   515 / 46068 MB | root(?M)
[5] NVIDIA A40 | 37°C,   0 % |   515 / 46068 MB | root(?M)
[6] NVIDIA A40 | 36°C,   0 % |   515 / 46068 MB | root(?M)
[7] NVIDIA A40 | 36°C,   0 % |     3 / 46068 MB |

===== 2026-01-26 08:09:00 =====
s8             Mon Jan 26 08:09:01 2026  560.35.05
[0] NVIDIA A40 | 43°C,   0 % |  1517 / 46068 MB | root(?M)
[1] NVIDIA A40 | 44°C,   0 % |   515 / 46068 MB | root(?M)
[2] NVIDIA A40 | 41°C,   0 % |   515 / 46068 MB | root(?M)
[3] NVIDIA A40 | 38°C,   0 % |   515 / 46068 MB | root(?M)
[4] NVIDIA A40 | 39°C,   0 % |   515 / 46068 MB | root(?M)
[5] NVIDIA A40 | 37°C,   0 % |   515 / 46068 MB | root(?M)
[6] NVIDIA A40 | 36°C,   0 % |   515 / 46068 MB | root(?M)
[7] NVIDIA A40 | 35°C,   0 % |     3 / 46068 MB |

===== 2026-01-26 08:09:02 =====
s8             Mon Jan 26 08:09:03 2026  560.35.05
[0] NVIDIA A40 | 43°C,   0 % |  1517 / 46068 MB | root(?M)
[1] NVIDIA A40 | 44°C,   0 % |   515 / 46068 MB | root(?M)
[2] NVIDIA A40 | 41°C,   0 % |   515 / 46068 MB | root(?M)
[3] NVIDIA A40 | 38°C,   0 % |   515 / 46068 MB | root(?M)
[4] NVIDIA A40 | 39°C,   0 % |   515 / 46068 MB | root(?M)
[5] NVIDIA A40 | 38°C,   0 % |   515 / 46068 MB | root(?M)
[6] NVIDIA A40 | 37°C,   0 % |   515 / 46068 MB | root(?M)
[7] NVIDIA A40 | 35°C,   0 % |     3 / 46068 MB |

===== 2026-01-26 08:09:04 =====
s8             Mon Jan 26 08:09:05 2026  560.35.05
[0] NVIDIA A40 | 43°C,   0 % |  1517 / 46068 MB | root(?M)
[1] NVIDIA A40 | 44°C,   0 % |   515 / 46068 MB | root(?M)
[2] NVIDIA A40 | 41°C,   0 % |   515 / 46068 MB | root(?M)
[3] NVIDIA A40 | 38°C,   0 % |   515 / 46068 MB | root(?M)
[4] NVIDIA A40 | 39°C,   0 % |   515 / 46068 MB | root(?M)
[5] NVIDIA A40 | 38°C,   0 % |   515 / 46068 MB | root(?M)
[6] NVIDIA A40 | 37°C,   0 % |   515 / 46068 MB | root(?M)
[7] NVIDIA A40 | 35°C,   0 % |     3 / 46068 MB |

===== 2026-01-26 08:09:06 =====
s8             Mon Jan 26 08:09:07 2026  560.35.05
[0] NVIDIA A40 | 43°C,   0 % |  1517 / 46068 MB | root(?M)
[1] NVIDIA A40 | 44°C,   0 % |   515 / 46068 MB | root(?M)
[2] NVIDIA A40 | 41°C,   0 % |   515 / 46068 MB | root(?M)
[3] NVIDIA A40 | 39°C,   0 % |   515 / 46068 MB | root(?M)
[4] NVIDIA A40 | 39°C,   0 % |   515 / 46068 MB | root(?M)
[5] NVIDIA A40 | 38°C,   0 % |   515 / 46068 MB | root(?M)
[6] NVIDIA A40 | 37°C,   0 % |   515 / 46068 MB | root(?M)
[7] NVIDIA A40 | 35°C,   0 % |     3 / 46068 MB |

===== 2026-01-26 08:09:08 =====
s8             Mon Jan 26 08:09:09 2026  560.35.05
[0] NVIDIA A40 | 43°C,   0 % |  1517 / 46068 MB | root(?M)
[1] NVIDIA A40 | 44°C,   0 % |   515 / 46068 MB | root(?M)
[2] NVIDIA A40 | 42°C,   0 % |   515 / 46068 MB | root(?M)
[3] NVIDIA A40 | 39°C,   0 % |   515 / 46068 MB | root(?M)
[4] NVIDIA A40 | 39°C,   0 % |   515 / 46068 MB | root(?M)
[5] NVIDIA A40 | 38°C,   0 % |   515 / 46068 MB | root(?M)
[6] NVIDIA A40 | 37°C,   0 % |   515 / 46068 MB | root(?M)
[7] NVIDIA A40 | 37°C,   0 % |  1761 / 46068 MB | root(?M)

===== 2026-01-26 08:09:10 =====
s8             Mon Jan 26 08:09:11 2026  560.35.05
[0] NVIDIA A40 | 46°C,  99 % |  3555 / 46068 MB | root(?M)
[1] NVIDIA A40 | 46°C,  97 % |  2425 / 46068 MB | root(?M)
[2] NVIDIA A40 | 43°C, 100 % |  1973 / 46068 MB | root(?M)
[3] NVIDIA A40 | 39°C,   3 % |  1427 / 46068 MB | root(?M)
[4] NVIDIA A40 | 39°C,   6 % |   855 / 46068 MB | root(?M)
[5] NVIDIA A40 | 38°C,   0 % |   515 / 46068 MB | root(?M)
[6] NVIDIA A40 | 38°C,   0 % |   515 / 46068 MB | root(?M)
[7] NVIDIA A40 | 38°C,   0 % |  1761 / 46068 MB | root(?M)

===== 2026-01-26 08:09:12 =====
s8             Mon Jan 26 08:09:13 2026  560.35.05
[0] NVIDIA A40 | 45°C, 100 % |  5237 / 46068 MB | root(?M)
[1] NVIDIA A40 | 46°C, 100 % |  4367 / 46068 MB | root(?M)
[2] NVIDIA A40 | 43°C, 100 % |  4307 / 46068 MB | root(?M)
[3] NVIDIA A40 | 41°C,  61 % |  3899 / 46068 MB | root(?M)
[4] NVIDIA A40 | 43°C,  96 % |  3499 / 46068 MB | root(?M)
[5] NVIDIA A40 | 40°C,  95 % |  3023 / 46068 MB | root(?M)
[6] NVIDIA A40 | 40°C,  97 % |  2637 / 46068 MB | root(?M)
[7] NVIDIA A40 | 48°C,  98 % | 12089 / 46068 MB | root(?M)

===== 2026-01-26 08:09:14 =====
s8             Mon Jan 26 08:09:16 2026  560.35.05
[0] NVIDIA A40 | 48°C,  94 % |  7419 / 46068 MB | root(?M)
[1] NVIDIA A40 | 48°C,  81 % |  4559 / 46068 MB | root(?M)
[2] NVIDIA A40 | 46°C,  98 % |  4443 / 46068 MB | root(?M)
[3] NVIDIA A40 | 41°C,  97 % |  3861 / 46068 MB | root(?M)
[4] NVIDIA A40 | 42°C,  97 % |  3497 / 46068 MB | root(?M)
[5] NVIDIA A40 | 42°C,  94 % |  3135 / 46068 MB | root(?M)
[6] NVIDIA A40 | 41°C,  95 % |  2595 / 46068 MB | root(?M)
[7] NVIDIA A40 | 52°C,  98 % | 12827 / 46068 MB | root(?M)

===== 2026-01-26 08:09:17 =====
s8             Mon Jan 26 08:09:18 2026  560.35.05
[0] NVIDIA A40 | 50°C,  75 % |  7099 / 46068 MB | root(?M)
[1] NVIDIA A40 | 49°C,  83 % |  4559 / 46068 MB | root(?M)
[2] NVIDIA A40 | 45°C,  88 % |  4247 / 46068 MB | root(?M)
[3] NVIDIA A40 | 43°C,  94 % |  3865 / 46068 MB | root(?M)
[4] NVIDIA A40 | 42°C,  92 % |  3499 / 46068 MB | root(?M)
[5] NVIDIA A40 | 42°C,  93 % |  3017 / 46068 MB | root(?M)
[6] NVIDIA A40 | 42°C,  98 % |  2595 / 46068 MB | root(?M)
[7] NVIDIA A40 | 52°C,  98 % | 12777 / 46068 MB | root(?M)

===== 2026-01-26 08:09:19 =====
s8             Mon Jan 26 08:09:20 2026  560.35.05
[0] NVIDIA A40 | 49°C,  52 % |  7067 / 46068 MB | root(?M)
[1] NVIDIA A40 | 51°C,  60 % |  4503 / 46068 MB | root(?M)
[2] NVIDIA A40 | 46°C,  90 % |  4203 / 46068 MB | root(?M)
[3] NVIDIA A40 | 44°C,  89 % |  3823 / 46068 MB | root(?M)
[4] NVIDIA A40 | 43°C,  95 % |  3317 / 46068 MB | root(?M)
[5] NVIDIA A40 | 43°C,  94 % |  2987 / 46068 MB | root(?M)
[6] NVIDIA A40 | 43°C,  88 % |  2573 / 46068 MB | root(?M)
[7] NVIDIA A40 | 54°C,  98 % | 12729 / 46068 MB | root(?M)

===== 2026-01-26 08:09:21 =====
s8             Mon Jan 26 08:09:22 2026  560.35.05
[0] NVIDIA A40 | 50°C,  49 % |  7067 / 46068 MB | root(?M)
[1] NVIDIA A40 | 51°C,  84 % |  4503 / 46068 MB | root(?M)
[2] NVIDIA A40 | 46°C,  83 % |  4197 / 46068 MB | root(?M)
[3] NVIDIA A40 | 44°C,  96 % |  3823 / 46068 MB | root(?M)
[4] NVIDIA A40 | 43°C,  95 % |  3351 / 46068 MB | root(?M)
[5] NVIDIA A40 | 42°C,  94 % |  2985 / 46068 MB | root(?M)
[6] NVIDIA A40 | 43°C,  97 % |  2569 / 46068 MB | root(?M)
[7] NVIDIA A40 | 55°C,  98 % | 12657 / 46068 MB | root(?M)

===== 2026-01-26 08:09:23 =====
s8             Mon Jan 26 08:09:24 2026  560.35.05
[0] NVIDIA A40 | 50°C,  48 % |  8069 / 46068 MB | root(?M)
[1] NVIDIA A40 | 52°C,  92 % |  5419 / 46068 MB | root(?M)
[2] NVIDIA A40 | 46°C,  88 % |  5079 / 46068 MB | root(?M)
[3] NVIDIA A40 | 43°C,  97 % |  4375 / 46068 MB | root(?M)
[4] NVIDIA A40 | 44°C,  96 % |  3927 / 46068 MB | root(?M)
[5] NVIDIA A40 | 43°C,  94 % |  3497 / 46068 MB | root(?M)
[6] NVIDIA A40 | 42°C,  96 % |  2849 / 46068 MB | root(?M)
[7] NVIDIA A40 | 55°C,  98 % | 15915 / 46068 MB | root(?M)

===== 2026-01-26 08:09:25 =====
s8             Mon Jan 26 08:09:26 2026  560.35.05
[0] NVIDIA A40 | 47°C,  99 % | 10317 / 46068 MB | root(?M)
[1] NVIDIA A40 | 47°C,  98 % |  5803 / 46068 MB | root(?M)
[2] NVIDIA A40 | 45°C,  71 % |  5611 / 46068 MB | root(?M)
[3] NVIDIA A40 | 42°C,  70 % |  1183 / 46068 MB | root(?M)
[4] NVIDIA A40 | 43°C,  82 % |  1549 / 46068 MB | root(?M)
[5] NVIDIA A40 | 44°C,  98 % |  2443 / 46068 MB | root(?M)
[6] NVIDIA A40 | 44°C,  96 % |  2187 / 46068 MB | root(?M)
[7] NVIDIA A40 | 56°C,  96 % | 10491 / 46068 MB | root(?M)

===== 2026-01-26 08:09:27 =====
s8             Mon Jan 26 08:09:28 2026  560.35.05
[0] NVIDIA A40 | 47°C,  92 % |  9071 / 46068 MB | root(?M)
[1] NVIDIA A40 | 48°C,  41 % |  1317 / 46068 MB | root(?M)
[2] NVIDIA A40 | 48°C,  62 % |  3175 / 46068 MB | root(?M)
[3] NVIDIA A40 | 44°C,  86 % |  3623 / 46068 MB | root(?M)
[4] NVIDIA A40 | 44°C,  83 % |  3157 / 46068 MB | root(?M)
[5] NVIDIA A40 | 43°C,  94 % |  2823 / 46068 MB | root(?M)
[6] NVIDIA A40 | 44°C,  97 % |  2459 / 46068 MB | root(?M)
[7] NVIDIA A40 | 58°C,  98 % | 12547 / 46068 MB | root(?M)

===== 2026-01-26 08:09:29 =====
s8             Mon Jan 26 08:09:30 2026  560.35.05
[0] NVIDIA A40 | 48°C,  99 % |  8037 / 46068 MB | root(?M)
[1] NVIDIA A40 | 51°C,  32 % |  2805 / 46068 MB | root(?M)
[2] NVIDIA A40 | 50°C,  87 % |  4639 / 46068 MB | root(?M)
[3] NVIDIA A40 | 44°C,  79 % |  4001 / 46068 MB | root(?M)
[4] NVIDIA A40 | 44°C,  97 % |  3615 / 46068 MB | root(?M)
[5] NVIDIA A40 | 43°C, 100 % |  3083 / 46068 MB | root(?M)
[6] NVIDIA A40 | 44°C,  94 % |  2659 / 46068 MB | root(?M)
[7] NVIDIA A40 | 59°C,  98 % | 14967 / 46068 MB | root(?M)

===== 2026-01-26 08:09:31 =====
s8             Mon Jan 26 08:09:32 2026  560.35.05
[0] NVIDIA A40 | 47°C,  99 % | 10041 / 46068 MB | root(?M)
[1] NVIDIA A40 | 48°C,  73 % |  5259 / 46068 MB | root(?M)
[2] NVIDIA A40 | 45°C,  46 % |  1245 / 46068 MB | root(?M)
[3] NVIDIA A40 | 44°C,  89 % |  2137 / 46068 MB | root(?M)
[4] NVIDIA A40 | 45°C,  99 % |  2923 / 46068 MB | root(?M)
[5] NVIDIA A40 | 44°C,  91 % |  2623 / 46068 MB | root(?M)
[6] NVIDIA A40 | 44°C,  94 % |  2197 / 46068 MB | root(?M)
[7] NVIDIA A40 | 59°C,  98 % | 12387 / 46068 MB | root(?M)

===== 2026-01-26 08:09:33 =====
s8             Mon Jan 26 08:09:34 2026  560.35.05
[0] NVIDIA A40 | 47°C,  99 % | 10041 / 46068 MB | root(?M)
[1] NVIDIA A40 | 48°C,  48 % |  1241 / 46068 MB | root(?M)
[2] NVIDIA A40 | 45°C,  47 % |  1235 / 46068 MB | root(?M)
[3] NVIDIA A40 | 42°C,  17 % |  1195 / 46068 MB | root(?M)
[4] NVIDIA A40 | 42°C,   0 % |  1223 / 46068 MB | root(?M)
[5] NVIDIA A40 | 42°C,   0 % |  1289 / 46068 MB | root(?M)
[6] NVIDIA A40 | 42°C,   0 % |  1235 / 46068 MB | root(?M)
[7] NVIDIA A40 | 52°C,   0 % |  8815 / 46068 MB | root(?M)

===== 2026-01-26 08:09:35 =====
s8             Mon Jan 26 08:09:37 2026  560.35.05
[0] NVIDIA A40 | 46°C,   0 % |  8008 / 46068 MB | root(?M) root(?M) root(?M)
[1] NVIDIA A40 | 47°C,   0 % |  1222 / 46068 MB | root(?M) root(?M)
[2] NVIDIA A40 | 44°C,   1 % |  1442 / 46068 MB | root(?M) root(?M)
[3] NVIDIA A40 | 41°C,   0 % |  1442 / 46068 MB | root(?M) root(?M)
[4] NVIDIA A40 | 42°C,   2 % |  1430 / 46068 MB | root(?M) root(?M)
[5] NVIDIA A40 | 42°C,   0 % |  1520 / 46068 MB | root(?M) root(?M)
[6] NVIDIA A40 | 41°C,   0 % |  1346 / 46068 MB | root(?M) root(?M)
[7] NVIDIA A40 | 50°C,   0 % |  8559 / 46068 MB | root(?M)

===== 2026-01-26 08:09:38 =====
s8             Mon Jan 26 08:09:40 2026  560.35.05
[0] NVIDIA A40 | 45°C,   0 % |   268 / 46068 MB | root(?M)
[1] NVIDIA A40 | 46°C,   0 % |   977 / 46068 MB | root(?M)
[2] NVIDIA A40 | 44°C,   0 % |     0 / 46068 MB |
[3] NVIDIA A40 | 41°C,   0 % |     0 / 46068 MB |
[4] NVIDIA A40 | 42°C,   0 % |     0 / 46068 MB |
[5] NVIDIA A40 | 42°C,   0 % |     0 / 46068 MB |
[6] NVIDIA A40 | 41°C,   0 % |     0 / 46068 MB |
[7] NVIDIA A40 | 49°C,   0 % |     0 / 46068 MB |

===== 2026-01-26 08:09:41 =====
s8             Mon Jan 26 08:09:42 2026  560.35.05
[0] NVIDIA A40 | 44°C,   0 % |     0 / 46068 MB |
[1] NVIDIA A40 | 45°C,   0 % |     0 / 46068 MB |
[2] NVIDIA A40 | 42°C,   0 % |     0 / 46068 MB |
[3] NVIDIA A40 | 40°C,   0 % |     0 / 46068 MB |
[4] NVIDIA A40 | 40°C,   0 % |     0 / 46068 MB |
[5] NVIDIA A40 | 40°C,   0 % |     0 / 46068 MB |
[6] NVIDIA A40 | 40°C,   0 % |     0 / 46068 MB |
[7] NVIDIA A40 | 47°C,   0 % |     0 / 46068 MB |

===== 2026-01-26 08:09:43 =====
s8             Mon Jan 26 08:09:44 2026  560.35.05
[0] NVIDIA A40 | 43°C,   0 % |     0 / 46068 MB |
[1] NVIDIA A40 | 44°C,   0 % |     0 / 46068 MB |
[2] NVIDIA A40 | 42°C,   0 % |     0 / 46068 MB |
[3] NVIDIA A40 | 39°C,   0 % |     0 / 46068 MB |
[4] NVIDIA A40 | 40°C,   0 % |     0 / 46068 MB |
[5] NVIDIA A40 | 40°C,   0 % |     0 / 46068 MB |
[6] NVIDIA A40 | 39°C,   0 % |     0 / 46068 MB |
[7] NVIDIA A40 | 47°C,   0 % |     0 / 46068 MB |

===== 2026-01-26 08:09:45 =====
s8             Mon Jan 26 08:09:46 2026  560.35.05
[0] NVIDIA A40 | 43°C,   0 % |     0 / 46068 MB |
[1] NVIDIA A40 | 43°C,   0 % |     0 / 46068 MB |
[2] NVIDIA A40 | 41°C,   0 % |     0 / 46068 MB |
[3] NVIDIA A40 | 38°C,   0 % |     0 / 46068 MB |
[4] NVIDIA A40 | 39°C,   0 % |     0 / 46068 MB |
[5] NVIDIA A40 | 38°C,   0 % |     0 / 46068 MB |
[6] NVIDIA A40 | 38°C,   0 % |     0 / 46068 MB |
[7] NVIDIA A40 | 46°C,   0 % |     0 / 46068 MB |

===== 2026-01-26 08:09:47 =====
s8             Mon Jan 26 08:09:48 2026  560.35.05
[0] NVIDIA A40 | 42°C,   0 % |     0 / 46068 MB |
[1] NVIDIA A40 | 43°C,   0 % |     0 / 46068 MB |
[2] NVIDIA A40 | 40°C,   0 % |     0 / 46068 MB |
[3] NVIDIA A40 | 38°C,   0 % |     0 / 46068 MB |
[4] NVIDIA A40 | 38°C,   0 % |     0 / 46068 MB |
[5] NVIDIA A40 | 38°C,   0 % |     0 / 46068 MB |
[6] NVIDIA A40 | 38°C,   0 % |     0 / 46068 MB |
[7] NVIDIA A40 | 46°C,   0 % |     0 / 46068 MB |

===== 2026-01-26 08:09:49 =====
s8             Mon Jan 26 08:09:50 2026  560.35.05
[0] NVIDIA A40 | 41°C,   0 % |     0 / 46068 MB |
[1] NVIDIA A40 | 42°C,   0 % |     0 / 46068 MB |
[2] NVIDIA A40 | 40°C,   0 % |     0 / 46068 MB |
[3] NVIDIA A40 | 37°C,   0 % |     0 / 46068 MB |
[4] NVIDIA A40 | 38°C,   0 % |     0 / 46068 MB |
[5] NVIDIA A40 | 38°C,   0 % |     0 / 46068 MB |
[6] NVIDIA A40 | 37°C,   0 % |     0 / 46068 MB |
[7] NVIDIA A40 | 44°C,   0 % |     0 / 46068 MB |

===== 2026-01-26 08:09:51 =====
s8             Mon Jan 26 08:09:53 2026  560.35.05
[0] NVIDIA A40 | 41°C,   0 % |     0 / 46068 MB |
[1] NVIDIA A40 | 42°C,   2 % |     0 / 46068 MB |
[2] NVIDIA A40 | 39°C,   0 % |     0 / 46068 MB |
[3] NVIDIA A40 | 37°C,   0 % |     0 / 46068 MB |
[4] NVIDIA A40 | 37°C,   1 % |     0 / 46068 MB |
[5] NVIDIA A40 | 37°C,   0 % |     0 / 46068 MB |
[6] NVIDIA A40 | 37°C,   0 % |     0 / 46068 MB |
[7] NVIDIA A40 | 44°C,   0 % |     0 / 46068 MB |

===== 2026-01-26 08:09:54 =====
s8             Mon Jan 26 08:09:55 2026  560.35.05
[0] NVIDIA A40 | 41°C,   0 % |     3 / 46068 MB |
[1] NVIDIA A40 | 42°C,   0 % |     3 / 46068 MB |
[2] NVIDIA A40 | 39°C,   0 % |     3 / 46068 MB |
[3] NVIDIA A40 | 37°C,   0 % |     3 / 46068 MB |
[4] NVIDIA A40 | 37°C,   0 % |     3 / 46068 MB |
[5] NVIDIA A40 | 37°C,   0 % |     3 / 46068 MB |
[6] NVIDIA A40 | 37°C,   0 % |     3 / 46068 MB |
[7] NVIDIA A40 | 44°C,   0 % |     3 / 46068 MB |

===== 2026-01-26 08:09:56 =====
s8             Mon Jan 26 08:09:57 2026  560.35.05
[0] NVIDIA A40 | 40°C,   0 % |     3 / 46068 MB |
[1] NVIDIA A40 | 41°C,   0 % |     3 / 46068 MB |
[2] NVIDIA A40 | 39°C,   0 % |     3 / 46068 MB |
[3] NVIDIA A40 | 37°C,   0 % |     3 / 46068 MB |
[4] NVIDIA A40 | 37°C,   0 % |     3 / 46068 MB |
[5] NVIDIA A40 | 37°C,   0 % |     3 / 46068 MB |
[6] NVIDIA A40 | 37°C,   0 % |     3 / 46068 MB |
[7] NVIDIA A40 | 43°C,   0 % |     3 / 46068 MB |

===== 2026-01-26 08:09:58 =====
s8             Mon Jan 26 08:09:59 2026  560.35.05
[0] NVIDIA A40 | 40°C,   0 % |     3 / 46068 MB |
[1] NVIDIA A40 | 40°C,   1 % |     3 / 46068 MB |
[2] NVIDIA A40 | 38°C,   0 % |     3 / 46068 MB |
[3] NVIDIA A40 | 36°C,   0 % |     3 / 46068 MB |
[4] NVIDIA A40 | 37°C,   0 % |     3 / 46068 MB |
[5] NVIDIA A40 | 37°C,   0 % |     3 / 46068 MB |
[6] NVIDIA A40 | 37°C,   0 % |     3 / 46068 MB |
[7] NVIDIA A40 | 43°C,   0 % |     3 / 46068 MB |

===== 2026-01-26 08:10:00 =====
s8             Mon Jan 26 08:10:02 2026  560.35.05
[0] NVIDIA A40 | 39°C,   0 % |     3 / 46068 MB |
[1] NVIDIA A40 | 40°C,   0 % |     3 / 46068 MB |
[2] NVIDIA A40 | 38°C,   0 % |     3 / 46068 MB |
[3] NVIDIA A40 | 36°C,   0 % |     3 / 46068 MB |
[4] NVIDIA A40 | 37°C,   0 % |     3 / 46068 MB |
[5] NVIDIA A40 | 36°C,   0 % |     3 / 46068 MB |
[6] NVIDIA A40 | 36°C,   0 % |     3 / 46068 MB |
[7] NVIDIA A40 | 42°C,   0 % |     3 / 46068 MB |

===== 2026-01-26 08:10:03 =====
s8             Mon Jan 26 08:10:04 2026  560.35.05
[0] NVIDIA A40 | 39°C,   0 % |     3 / 46068 MB |
[1] NVIDIA A40 | 40°C,   0 % |     3 / 46068 MB |
[2] NVIDIA A40 | 38°C,   0 % |     3 / 46068 MB |
[3] NVIDIA A40 | 36°C,   0 % |     3 / 46068 MB |
[4] NVIDIA A40 | 36°C,   0 % |     3 / 46068 MB |
[5] NVIDIA A40 | 36°C,   0 % |     3 / 46068 MB |
[6] NVIDIA A40 | 36°C,   0 % |     3 / 46068 MB |
[7] NVIDIA A40 | 42°C,   0 % |     3 / 46068 MB |

===== 2026-01-26 08:10:05 =====
s8             Mon Jan 26 08:10:06 2026  560.35.05
[0] NVIDIA A40 | 42°C,   0 % |  1517 / 46068 MB | root(?M)
[1] NVIDIA A40 | 40°C,   0 % |     3 / 46068 MB |
[2] NVIDIA A40 | 38°C,   0 % |     3 / 46068 MB |
[3] NVIDIA A40 | 36°C,   0 % |     3 / 46068 MB |
[4] NVIDIA A40 | 37°C,   0 % |     3 / 46068 MB |
[5] NVIDIA A40 | 37°C,   0 % |     3 / 46068 MB |
[6] NVIDIA A40 | 36°C,   0 % |     3 / 46068 MB |
[7] NVIDIA A40 | 42°C,   0 % |     3 / 46068 MB |

===== 2026-01-26 08:10:07 =====
s8             Mon Jan 26 08:10:08 2026  560.35.05
[0] NVIDIA A40 | 42°C,   0 % |  1517 / 46068 MB | root(?M)
[1] NVIDIA A40 | 40°C,   0 % |     3 / 46068 MB |
[2] NVIDIA A40 | 38°C,   0 % |     3 / 46068 MB |
[3] NVIDIA A40 | 36°C,   0 % |     3 / 46068 MB |
[4] NVIDIA A40 | 36°C,   0 % |     3 / 46068 MB |
[5] NVIDIA A40 | 36°C,   0 % |     3 / 46068 MB |
[6] NVIDIA A40 | 36°C,   0 % |     3 / 46068 MB |
[7] NVIDIA A40 | 41°C,   0 % |     3 / 46068 MB |

===== 2026-01-26 08:10:09 =====
s8             Mon Jan 26 08:10:10 2026  560.35.05
[0] NVIDIA A40 | 42°C,   0 % |  1517 / 46068 MB | root(?M)
[1] NVIDIA A40 | 39°C,   0 % |     3 / 46068 MB |
[2] NVIDIA A40 | 37°C,   0 % |     3 / 46068 MB |
[3] NVIDIA A40 | 36°C,   0 % |     3 / 46068 MB |
[4] NVIDIA A40 | 36°C,   0 % |     3 / 46068 MB |
[5] NVIDIA A40 | 36°C,   0 % |     3 / 46068 MB |
[6] NVIDIA A40 | 36°C,   0 % |     3 / 46068 MB |
[7] NVIDIA A40 | 41°C,   0 % |     3 / 46068 MB |

===== 2026-01-26 08:10:11 =====
s8             Mon Jan 26 08:10:12 2026  560.35.05
[0] NVIDIA A40 | 42°C,   0 % |  1517 / 46068 MB | root(?M)
[1] NVIDIA A40 | 39°C,   0 % |     3 / 46068 MB |
[2] NVIDIA A40 | 37°C,   0 % |     3 / 46068 MB |
[3] NVIDIA A40 | 35°C,   0 % |     3 / 46068 MB |
[4] NVIDIA A40 | 36°C,   0 % |     3 / 46068 MB |
[5] NVIDIA A40 | 36°C,   0 % |     3 / 46068 MB |
[6] NVIDIA A40 | 36°C,   0 % |     3 / 46068 MB |
[7] NVIDIA A40 | 41°C,   0 % |     3 / 46068 MB |

===== 2026-01-26 08:10:13 =====
s8             Mon Jan 26 08:10:14 2026  560.35.05
[0] NVIDIA A40 | 43°C,   0 % |  1517 / 46068 MB | root(?M)
[1] NVIDIA A40 | 41°C,   1 % |   269 / 46068 MB | root(?M)
[2] NVIDIA A40 | 37°C,   0 % |     3 / 46068 MB |
[3] NVIDIA A40 | 36°C,   0 % |     3 / 46068 MB |
[4] NVIDIA A40 | 36°C,   0 % |     3 / 46068 MB |
[5] NVIDIA A40 | 36°C,   0 % |     3 / 46068 MB |
[6] NVIDIA A40 | 36°C,   0 % |     3 / 46068 MB |
[7] NVIDIA A40 | 41°C,   0 % |     3 / 46068 MB |

===== 2026-01-26 08:10:15 =====
s8             Mon Jan 26 08:10:16 2026  560.35.05
[0] NVIDIA A40 | 43°C,   0 % |  1517 / 46068 MB | root(?M)
[1] NVIDIA A40 | 42°C,   0 % |   515 / 46068 MB | root(?M)
[2] NVIDIA A40 | 37°C,   0 % |     3 / 46068 MB |
[3] NVIDIA A40 | 35°C,   0 % |     3 / 46068 MB |
[4] NVIDIA A40 | 36°C,   0 % |     3 / 46068 MB |
[5] NVIDIA A40 | 36°C,   0 % |     3 / 46068 MB |
[6] NVIDIA A40 | 36°C,   0 % |     3 / 46068 MB |
[7] NVIDIA A40 | 40°C,   0 % |     3 / 46068 MB |

===== 2026-01-26 08:10:17 =====
s8             Mon Jan 26 08:10:18 2026  560.35.05
[0] NVIDIA A40 | 43°C,   0 % |  1517 / 46068 MB | root(?M)
[1] NVIDIA A40 | 42°C,   0 % |   515 / 46068 MB | root(?M)
[2] NVIDIA A40 | 37°C,   0 % |     3 / 46068 MB |
[3] NVIDIA A40 | 35°C,   0 % |     3 / 46068 MB |
[4] NVIDIA A40 | 35°C,   0 % |     3 / 46068 MB |
[5] NVIDIA A40 | 35°C,   0 % |     3 / 46068 MB |
[6] NVIDIA A40 | 36°C,   0 % |     3 / 46068 MB |
[7] NVIDIA A40 | 40°C,   0 % |     3 / 46068 MB |

===== 2026-01-26 08:10:19 =====
s8             Mon Jan 26 08:10:20 2026  560.35.05
[0] NVIDIA A40 | 43°C,   0 % |  1517 / 46068 MB | root(?M)
[1] NVIDIA A40 | 42°C,   0 % |   515 / 46068 MB | root(?M)
[2] NVIDIA A40 | 37°C,   0 % |     3 / 46068 MB |
[3] NVIDIA A40 | 35°C,   0 % |     3 / 46068 MB |
[4] NVIDIA A40 | 35°C,   0 % |     3 / 46068 MB |
[5] NVIDIA A40 | 35°C,   0 % |     3 / 46068 MB |
[6] NVIDIA A40 | 35°C,   0 % |     3 / 46068 MB |
[7] NVIDIA A40 | 40°C,   0 % |     3 / 46068 MB |

===== 2026-01-26 08:10:21 =====
s8             Mon Jan 26 08:10:23 2026  560.35.05
[0] NVIDIA A40 | 43°C,   0 % |  1517 / 46068 MB | root(?M)
[1] NVIDIA A40 | 43°C,   0 % |   515 / 46068 MB | root(?M)
[2] NVIDIA A40 | 37°C,   0 % |     3 / 46068 MB |
[3] NVIDIA A40 | 35°C,   0 % |     3 / 46068 MB |
[4] NVIDIA A40 | 35°C,   0 % |     3 / 46068 MB |
[5] NVIDIA A40 | 35°C,   0 % |     3 / 46068 MB |
[6] NVIDIA A40 | 35°C,   0 % |     3 / 46068 MB |
[7] NVIDIA A40 | 40°C,   0 % |     3 / 46068 MB |

===== 2026-01-26 08:10:24 =====
s8             Mon Jan 26 08:10:25 2026  560.35.05
[0] NVIDIA A40 | 43°C,   0 % |  1517 / 46068 MB | root(?M)
[1] NVIDIA A40 | 43°C,   0 % |   515 / 46068 MB | root(?M)
[2] NVIDIA A40 | 39°C,   0 % |   515 / 46068 MB | root(?M)
[3] NVIDIA A40 | 35°C,   0 % |     3 / 46068 MB |
[4] NVIDIA A40 | 35°C,   0 % |     3 / 46068 MB |
[5] NVIDIA A40 | 36°C,   0 % |     3 / 46068 MB |
[6] NVIDIA A40 | 36°C,   0 % |     3 / 46068 MB |
[7] NVIDIA A40 | 40°C,   0 % |     3 / 46068 MB |

===== 2026-01-26 08:10:26 =====
s8             Mon Jan 26 08:10:27 2026  560.35.05
[0] NVIDIA A40 | 43°C,   0 % |  1517 / 46068 MB | root(?M)
[1] NVIDIA A40 | 43°C,   0 % |   515 / 46068 MB | root(?M)
[2] NVIDIA A40 | 39°C,   0 % |   515 / 46068 MB | root(?M)
[3] NVIDIA A40 | 35°C,   0 % |     3 / 46068 MB |
[4] NVIDIA A40 | 35°C,   0 % |     3 / 46068 MB |
[5] NVIDIA A40 | 35°C,   0 % |     3 / 46068 MB |
[6] NVIDIA A40 | 35°C,   0 % |     3 / 46068 MB |
[7] NVIDIA A40 | 39°C,   0 % |     3 / 46068 MB |

===== 2026-01-26 08:10:28 =====
s8             Mon Jan 26 08:10:29 2026  560.35.05
[0] NVIDIA A40 | 43°C,   0 % |  1517 / 46068 MB | root(?M)
[1] NVIDIA A40 | 43°C,   0 % |   515 / 46068 MB | root(?M)
[2] NVIDIA A40 | 40°C,   0 % |   515 / 46068 MB | root(?M)
[3] NVIDIA A40 | 35°C,   0 % |     3 / 46068 MB |
[4] NVIDIA A40 | 35°C,   0 % |     3 / 46068 MB |
[5] NVIDIA A40 | 35°C,   0 % |     3 / 46068 MB |
[6] NVIDIA A40 | 35°C,   0 % |     3 / 46068 MB |
[7] NVIDIA A40 | 39°C,   0 % |     3 / 46068 MB |

===== 2026-01-26 08:10:30 =====
s8             Mon Jan 26 08:10:31 2026  560.35.05
[0] NVIDIA A40 | 43°C,   0 % |  1517 / 46068 MB | root(?M)
[1] NVIDIA A40 | 43°C,   0 % |   515 / 46068 MB | root(?M)
[2] NVIDIA A40 | 40°C,   0 % |   515 / 46068 MB | root(?M)
[3] NVIDIA A40 | 34°C,   0 % |     3 / 46068 MB |
[4] NVIDIA A40 | 35°C,   0 % |     3 / 46068 MB |
[5] NVIDIA A40 | 35°C,   0 % |     3 / 46068 MB |
[6] NVIDIA A40 | 35°C,   0 % |     3 / 46068 MB |
[7] NVIDIA A40 | 39°C,   0 % |     3 / 46068 MB |

===== 2026-01-26 08:10:32 =====
s8             Mon Jan 26 08:10:33 2026  560.35.05
[0] NVIDIA A40 | 43°C,   0 % |  1517 / 46068 MB | root(?M)
[1] NVIDIA A40 | 43°C,   0 % |   515 / 46068 MB | root(?M)
[2] NVIDIA A40 | 40°C,   0 % |   515 / 46068 MB | root(?M)
[3] NVIDIA A40 | 36°C,   2 % |   269 / 46068 MB | root(?M)
[4] NVIDIA A40 | 35°C,   0 % |     3 / 46068 MB |
[5] NVIDIA A40 | 35°C,   0 % |     3 / 46068 MB |
[6] NVIDIA A40 | 35°C,   0 % |     3 / 46068 MB |
[7] NVIDIA A40 | 39°C,   0 % |     3 / 46068 MB |

===== 2026-01-26 08:10:34 =====
s8             Mon Jan 26 08:10:35 2026  560.35.05
[0] NVIDIA A40 | 43°C,   0 % |  1517 / 46068 MB | root(?M)
[1] NVIDIA A40 | 43°C,   0 % |   515 / 46068 MB | root(?M)
[2] NVIDIA A40 | 40°C,   0 % |   515 / 46068 MB | root(?M)
[3] NVIDIA A40 | 37°C,   0 % |   515 / 46068 MB | root(?M)
[4] NVIDIA A40 | 35°C,   0 % |     3 / 46068 MB |
[5] NVIDIA A40 | 35°C,   0 % |     3 / 46068 MB |
[6] NVIDIA A40 | 35°C,   0 % |     3 / 46068 MB |
[7] NVIDIA A40 | 39°C,   0 % |     3 / 46068 MB |

===== 2026-01-26 08:10:36 =====
s8             Mon Jan 26 08:10:37 2026  560.35.05
[0] NVIDIA A40 | 43°C,   0 % |  1517 / 46068 MB | root(?M)
[1] NVIDIA A40 | 43°C,   0 % |   515 / 46068 MB | root(?M)
[2] NVIDIA A40 | 40°C,   0 % |   515 / 46068 MB | root(?M)
[3] NVIDIA A40 | 37°C,   0 % |   515 / 46068 MB | root(?M)
[4] NVIDIA A40 | 35°C,   0 % |     3 / 46068 MB |
[5] NVIDIA A40 | 35°C,   0 % |     3 / 46068 MB |
[6] NVIDIA A40 | 35°C,   0 % |     3 / 46068 MB |
[7] NVIDIA A40 | 39°C,   0 % |     3 / 46068 MB |

===== 2026-01-26 08:10:38 =====
s8             Mon Jan 26 08:10:39 2026  560.35.05
[0] NVIDIA A40 | 43°C,   0 % |  1517 / 46068 MB | root(?M)
[1] NVIDIA A40 | 44°C,   0 % |   515 / 46068 MB | root(?M)
[2] NVIDIA A40 | 40°C,   0 % |   515 / 46068 MB | root(?M)
[3] NVIDIA A40 | 37°C,   0 % |   515 / 46068 MB | root(?M)
[4] NVIDIA A40 | 35°C,   0 % |     3 / 46068 MB |
[5] NVIDIA A40 | 35°C,   0 % |     3 / 46068 MB |
[6] NVIDIA A40 | 35°C,   0 % |     3 / 46068 MB |
[7] NVIDIA A40 | 38°C,   0 % |     3 / 46068 MB |

===== 2026-01-26 08:10:40 =====
s8             Mon Jan 26 08:10:41 2026  560.35.05
[0] NVIDIA A40 | 43°C,   0 % |  1517 / 46068 MB | root(?M)
[1] NVIDIA A40 | 44°C,   0 % |   515 / 46068 MB | root(?M)
[2] NVIDIA A40 | 40°C,   0 % |   515 / 46068 MB | root(?M)
[3] NVIDIA A40 | 37°C,   0 % |   515 / 46068 MB | root(?M)
[4] NVIDIA A40 | 34°C,   0 % |     3 / 46068 MB |
[5] NVIDIA A40 | 34°C,   0 % |     3 / 46068 MB |
[6] NVIDIA A40 | 35°C,   0 % |     3 / 46068 MB |
[7] NVIDIA A40 | 38°C,   0 % |     3 / 46068 MB |

===== 2026-01-26 08:10:42 =====
s8             Mon Jan 26 08:10:43 2026  560.35.05
[0] NVIDIA A40 | 43°C,   0 % |  1517 / 46068 MB | root(?M)
[1] NVIDIA A40 | 44°C,   0 % |   515 / 46068 MB | root(?M)
[2] NVIDIA A40 | 41°C,   0 % |   515 / 46068 MB | root(?M)
[3] NVIDIA A40 | 38°C,   0 % |   515 / 46068 MB | root(?M)
[4] NVIDIA A40 | 37°C,   0 % |   515 / 46068 MB | root(?M)
[5] NVIDIA A40 | 35°C,   0 % |     3 / 46068 MB |
[6] NVIDIA A40 | 35°C,   0 % |     3 / 46068 MB |
[7] NVIDIA A40 | 38°C,   0 % |     3 / 46068 MB |

===== 2026-01-26 08:10:44 =====
s8             Mon Jan 26 08:10:45 2026  560.35.05
[0] NVIDIA A40 | 43°C,   0 % |  1517 / 46068 MB | root(?M)
[1] NVIDIA A40 | 44°C,   0 % |   515 / 46068 MB | root(?M)
[2] NVIDIA A40 | 41°C,   0 % |   515 / 46068 MB | root(?M)
[3] NVIDIA A40 | 38°C,   0 % |   515 / 46068 MB | root(?M)
[4] NVIDIA A40 | 37°C,   0 % |   515 / 46068 MB | root(?M)
[5] NVIDIA A40 | 34°C,   0 % |     3 / 46068 MB |
[6] NVIDIA A40 | 35°C,   0 % |     3 / 46068 MB |
[7] NVIDIA A40 | 38°C,   0 % |     3 / 46068 MB |

===== 2026-01-26 08:10:46 =====
s8             Mon Jan 26 08:10:48 2026  560.35.05
[0] NVIDIA A40 | 43°C,   0 % |  1517 / 46068 MB | root(?M)
[1] NVIDIA A40 | 44°C,   0 % |   515 / 46068 MB | root(?M)
[2] NVIDIA A40 | 41°C,   0 % |   515 / 46068 MB | root(?M)
[3] NVIDIA A40 | 38°C,   0 % |   515 / 46068 MB | root(?M)
[4] NVIDIA A40 | 37°C,   0 % |   515 / 46068 MB | root(?M)
[5] NVIDIA A40 | 34°C,   0 % |     3 / 46068 MB |
[6] NVIDIA A40 | 35°C,   0 % |     3 / 46068 MB |
[7] NVIDIA A40 | 38°C,   0 % |     3 / 46068 MB |

===== 2026-01-26 08:10:49 =====
s8             Mon Jan 26 08:10:50 2026  560.35.05
[0] NVIDIA A40 | 43°C,   0 % |  1517 / 46068 MB | root(?M)
[1] NVIDIA A40 | 44°C,   0 % |   515 / 46068 MB | root(?M)
[2] NVIDIA A40 | 41°C,   0 % |   515 / 46068 MB | root(?M)
[3] NVIDIA A40 | 38°C,   0 % |   515 / 46068 MB | root(?M)
[4] NVIDIA A40 | 38°C,   0 % |   515 / 46068 MB | root(?M)
[5] NVIDIA A40 | 34°C,   0 % |     3 / 46068 MB |
[6] NVIDIA A40 | 34°C,   0 % |     3 / 46068 MB |
[7] NVIDIA A40 | 38°C,   0 % |     3 / 46068 MB |

===== 2026-01-26 08:10:51 =====
s8             Mon Jan 26 08:10:52 2026  560.35.05
[0] NVIDIA A40 | 44°C,   0 % |  1517 / 46068 MB | root(?M)
[1] NVIDIA A40 | 44°C,   0 % |   515 / 46068 MB | root(?M)
[2] NVIDIA A40 | 41°C,   0 % |   515 / 46068 MB | root(?M)
[3] NVIDIA A40 | 38°C,   0 % |   515 / 46068 MB | root(?M)
[4] NVIDIA A40 | 38°C,   0 % |   515 / 46068 MB | root(?M)
[5] NVIDIA A40 | 36°C,   2 % |   269 / 46068 MB | root(?M)
[6] NVIDIA A40 | 35°C,   0 % |     3 / 46068 MB |
[7] NVIDIA A40 | 38°C,   0 % |     3 / 46068 MB |

===== 2026-01-26 08:10:53 =====
s8             Mon Jan 26 08:10:54 2026  560.35.05
[0] NVIDIA A40 | 44°C,   0 % |  1517 / 46068 MB | root(?M)
[1] NVIDIA A40 | 44°C,   0 % |   515 / 46068 MB | root(?M)
[2] NVIDIA A40 | 41°C,   0 % |   515 / 46068 MB | root(?M)
[3] NVIDIA A40 | 38°C,   0 % |   515 / 46068 MB | root(?M)
[4] NVIDIA A40 | 38°C,   0 % |   515 / 46068 MB | root(?M)
[5] NVIDIA A40 | 37°C,   0 % |   515 / 46068 MB | root(?M)
[6] NVIDIA A40 | 35°C,   0 % |     3 / 46068 MB |
[7] NVIDIA A40 | 38°C,   0 % |     3 / 46068 MB |

===== 2026-01-26 08:10:55 =====
s8             Mon Jan 26 08:10:56 2026  560.35.05
[0] NVIDIA A40 | 44°C,   0 % |  1517 / 46068 MB | root(?M)
[1] NVIDIA A40 | 44°C,   0 % |   515 / 46068 MB | root(?M)
[2] NVIDIA A40 | 41°C,   0 % |   515 / 46068 MB | root(?M)
[3] NVIDIA A40 | 38°C,   0 % |   515 / 46068 MB | root(?M)
[4] NVIDIA A40 | 38°C,   0 % |   515 / 46068 MB | root(?M)
[5] NVIDIA A40 | 37°C,   0 % |   515 / 46068 MB | root(?M)
[6] NVIDIA A40 | 34°C,   0 % |     3 / 46068 MB |
[7] NVIDIA A40 | 37°C,   0 % |     3 / 46068 MB |

===== 2026-01-26 08:10:57 =====
s8             Mon Jan 26 08:10:58 2026  560.35.05
[0] NVIDIA A40 | 44°C,   0 % |  1517 / 46068 MB | root(?M)
[1] NVIDIA A40 | 44°C,   0 % |   515 / 46068 MB | root(?M)
[2] NVIDIA A40 | 41°C,   0 % |   515 / 46068 MB | root(?M)
[3] NVIDIA A40 | 38°C,   0 % |   515 / 46068 MB | root(?M)
[4] NVIDIA A40 | 38°C,   0 % |   515 / 46068 MB | root(?M)
[5] NVIDIA A40 | 37°C,   0 % |   515 / 46068 MB | root(?M)
[6] NVIDIA A40 | 34°C,   0 % |     3 / 46068 MB |
[7] NVIDIA A40 | 37°C,   0 % |     3 / 46068 MB |

===== 2026-01-26 08:10:59 =====
s8             Mon Jan 26 08:11:00 2026  560.35.05
[0] NVIDIA A40 | 44°C,   0 % |  1517 / 46068 MB | root(?M)
[1] NVIDIA A40 | 44°C,   0 % |   515 / 46068 MB | root(?M)
[2] NVIDIA A40 | 41°C,   0 % |   515 / 46068 MB | root(?M)
[3] NVIDIA A40 | 38°C,   0 % |   515 / 46068 MB | root(?M)
[4] NVIDIA A40 | 38°C,   0 % |   515 / 46068 MB | root(?M)
[5] NVIDIA A40 | 38°C,   0 % |   515 / 46068 MB | root(?M)
[6] NVIDIA A40 | 34°C,   0 % |     3 / 46068 MB |
[7] NVIDIA A40 | 37°C,   0 % |     3 / 46068 MB |

===== 2026-01-26 08:11:01 =====
s8             Mon Jan 26 08:11:02 2026  560.35.05
[0] NVIDIA A40 | 44°C,   0 % |  1517 / 46068 MB | root(?M)
[1] NVIDIA A40 | 44°C,   0 % |   515 / 46068 MB | root(?M)
[2] NVIDIA A40 | 41°C,   0 % |   515 / 46068 MB | root(?M)
[3] NVIDIA A40 | 39°C,   0 % |   515 / 46068 MB | root(?M)
[4] NVIDIA A40 | 39°C,   0 % |   515 / 46068 MB | root(?M)
[5] NVIDIA A40 | 38°C,   0 % |   515 / 46068 MB | root(?M)
[6] NVIDIA A40 | 36°C,   0 % |   515 / 46068 MB | root(?M)
[7] NVIDIA A40 | 37°C,   0 % |     3 / 46068 MB |

===== 2026-01-26 08:11:03 =====
s8             Mon Jan 26 08:11:04 2026  560.35.05
[0] NVIDIA A40 | 44°C,   0 % |  1517 / 46068 MB | root(?M)
[1] NVIDIA A40 | 44°C,   0 % |   515 / 46068 MB | root(?M)
[2] NVIDIA A40 | 41°C,   0 % |   515 / 46068 MB | root(?M)
[3] NVIDIA A40 | 39°C,   0 % |   515 / 46068 MB | root(?M)
[4] NVIDIA A40 | 39°C,   0 % |   515 / 46068 MB | root(?M)
[5] NVIDIA A40 | 38°C,   0 % |   515 / 46068 MB | root(?M)
[6] NVIDIA A40 | 37°C,   0 % |   515 / 46068 MB | root(?M)
[7] NVIDIA A40 | 37°C,   0 % |     3 / 46068 MB |

===== 2026-01-26 08:11:05 =====
s8             Mon Jan 26 08:11:06 2026  560.35.05
[0] NVIDIA A40 | 44°C,   0 % |  1517 / 46068 MB | root(?M)
[1] NVIDIA A40 | 45°C,   0 % |   515 / 46068 MB | root(?M)
[2] NVIDIA A40 | 42°C,   0 % |   515 / 46068 MB | root(?M)
[3] NVIDIA A40 | 39°C,   0 % |   515 / 46068 MB | root(?M)
[4] NVIDIA A40 | 39°C,   0 % |   515 / 46068 MB | root(?M)
[5] NVIDIA A40 | 38°C,   0 % |   515 / 46068 MB | root(?M)
[6] NVIDIA A40 | 37°C,   0 % |   515 / 46068 MB | root(?M)
[7] NVIDIA A40 | 37°C,   0 % |     3 / 46068 MB |

===== 2026-01-26 08:11:07 =====
s8             Mon Jan 26 08:11:08 2026  560.35.05
[0] NVIDIA A40 | 44°C,   0 % |  1517 / 46068 MB | root(?M)
[1] NVIDIA A40 | 45°C,   0 % |   515 / 46068 MB | root(?M)
[2] NVIDIA A40 | 42°C,   0 % |   515 / 46068 MB | root(?M)
[3] NVIDIA A40 | 39°C,   0 % |   515 / 46068 MB | root(?M)
[4] NVIDIA A40 | 39°C,   0 % |   515 / 46068 MB | root(?M)
[5] NVIDIA A40 | 38°C,   0 % |   515 / 46068 MB | root(?M)
[6] NVIDIA A40 | 38°C,   0 % |   515 / 46068 MB | root(?M)
[7] NVIDIA A40 | 37°C,   0 % |     3 / 46068 MB |

===== 2026-01-26 08:11:09 =====
s8             Mon Jan 26 08:11:10 2026  560.35.05
[0] NVIDIA A40 | 44°C,   0 % |  1517 / 46068 MB | root(?M)
[1] NVIDIA A40 | 45°C,   0 % |   515 / 46068 MB | root(?M)
[2] NVIDIA A40 | 42°C,   0 % |   515 / 46068 MB | root(?M)
[3] NVIDIA A40 | 39°C,   0 % |   515 / 46068 MB | root(?M)
[4] NVIDIA A40 | 39°C,   0 % |   515 / 46068 MB | root(?M)
[5] NVIDIA A40 | 39°C,   0 % |   515 / 46068 MB | root(?M)
[6] NVIDIA A40 | 38°C,   0 % |   515 / 46068 MB | root(?M)
[7] NVIDIA A40 | 38°C,   0 % |   269 / 46068 MB | root(?M)

===== 2026-01-26 08:11:11 =====
s8             Mon Jan 26 08:11:12 2026  560.35.05
[0] NVIDIA A40 | 44°C,   5 % |  1777 / 46068 MB | root(?M)
[1] NVIDIA A40 | 45°C,   0 % |   515 / 46068 MB | root(?M)
[2] NVIDIA A40 | 42°C,   0 % |   515 / 46068 MB | root(?M)
[3] NVIDIA A40 | 39°C,   0 % |   515 / 46068 MB | root(?M)
[4] NVIDIA A40 | 39°C,   0 % |   515 / 46068 MB | root(?M)
[5] NVIDIA A40 | 39°C,   0 % |   515 / 46068 MB | root(?M)
[6] NVIDIA A40 | 38°C,   0 % |   515 / 46068 MB | root(?M)
[7] NVIDIA A40 | 39°C,   0 % |  1761 / 46068 MB | root(?M)

===== 2026-01-26 08:11:13 =====
s8             Mon Jan 26 08:11:14 2026  560.35.05
[0] NVIDIA A40 | 47°C,  99 % |  6149 / 46068 MB | root(?M)
[1] NVIDIA A40 | 47°C, 100 % |  4931 / 46068 MB | root(?M)
[2] NVIDIA A40 | 44°C, 100 % |  4113 / 46068 MB | root(?M)
[3] NVIDIA A40 | 40°C, 100 % |  3033 / 46068 MB | root(?M)
[4] NVIDIA A40 | 42°C,   0 % |  3017 / 46068 MB | root(?M)
[5] NVIDIA A40 | 39°C,   6 % |  1273 / 46068 MB | root(?M)
[6] NVIDIA A40 | 38°C,   0 % |   519 / 46068 MB | root(?M)
[7] NVIDIA A40 | 39°C,   0 % |  1761 / 46068 MB | root(?M)

===== 2026-01-26 08:11:15 =====
s8             Mon Jan 26 08:11:17 2026  560.35.05
[0] NVIDIA A40 | 46°C, 100 % |  8695 / 46068 MB | root(?M)
[1] NVIDIA A40 | 47°C,  90 % |  8281 / 46068 MB | root(?M)
[2] NVIDIA A40 | 44°C,  70 % |  7673 / 46068 MB | root(?M)
[3] NVIDIA A40 | 43°C, 100 % |  6913 / 46068 MB | root(?M)
[4] NVIDIA A40 | 42°C,  97 % |  5855 / 46068 MB | root(?M)
[5] NVIDIA A40 | 41°C, 100 % |  4839 / 46068 MB | root(?M)
[6] NVIDIA A40 | 42°C,  99 % |  4007 / 46068 MB | root(?M)
[7] NVIDIA A40 | 51°C,  98 % | 16671 / 46068 MB | root(?M)

===== 2026-01-26 08:11:18 =====
s8             Mon Jan 26 08:11:19 2026  560.35.05
[0] NVIDIA A40 | 46°C, 100 % | 11069 / 46068 MB | root(?M)
[1] NVIDIA A40 | 47°C,  98 % |  8505 / 46068 MB | root(?M)
[2] NVIDIA A40 | 44°C, 100 % |  8233 / 46068 MB | root(?M)
[3] NVIDIA A40 | 42°C, 100 % |  7425 / 46068 MB | root(?M)
[4] NVIDIA A40 | 42°C,  98 % |  6593 / 46068 MB | root(?M)
[5] NVIDIA A40 | 41°C,  98 % |  5833 / 46068 MB | root(?M)
[6] NVIDIA A40 | 41°C, 100 % |  5063 / 46068 MB | root(?M)
[7] NVIDIA A40 | 48°C,  69 % |  6135 / 46068 MB | root(?M)

===== 2026-01-26 08:11:20 =====
s8             Mon Jan 26 08:11:21 2026  560.35.05
[0] NVIDIA A40 | 47°C,  98 % | 12097 / 46068 MB | root(?M)
[1] NVIDIA A40 | 48°C, 100 % |  8305 / 46068 MB | root(?M)
[2] NVIDIA A40 | 45°C, 100 % |  7769 / 46068 MB | root(?M)
[3] NVIDIA A40 | 43°C,  95 % |  6953 / 46068 MB | root(?M)
[4] NVIDIA A40 | 43°C,  96 % |  5901 / 46068 MB | root(?M)
[5] NVIDIA A40 | 43°C, 100 % |  5115 / 46068 MB | root(?M)
[6] NVIDIA A40 | 42°C,  95 % |  4071 / 46068 MB | root(?M)
[7] NVIDIA A40 | 55°C, 100 % | 19613 / 46068 MB | root(?M)

===== 2026-01-26 08:11:22 =====
s8             Mon Jan 26 08:11:23 2026  560.35.05
[0] NVIDIA A40 | 46°C,  99 % | 13099 / 46068 MB | root(?M)
[1] NVIDIA A40 | 47°C,  98 % |  8577 / 46068 MB | root(?M)
[2] NVIDIA A40 | 45°C, 100 % |  8265 / 46068 MB | root(?M)
[3] NVIDIA A40 | 42°C,  98 % |  7465 / 46068 MB | root(?M)
[4] NVIDIA A40 | 42°C, 100 % |  6703 / 46068 MB | root(?M)
[5] NVIDIA A40 | 42°C, 100 % |  5885 / 46068 MB | root(?M)
[6] NVIDIA A40 | 41°C,  96 % |  1253 / 46068 MB | root(?M)
[7] NVIDIA A40 | 51°C,  44 % |  8139 / 46068 MB | root(?M)

===== 2026-01-26 08:11:24 =====
s8             Mon Jan 26 08:11:25 2026  560.35.05
[0] NVIDIA A40 | 47°C,  98 % | 13661 / 46068 MB | root(?M)
[1] NVIDIA A40 | 48°C,  96 % |  9847 / 46068 MB | root(?M)
[2] NVIDIA A40 | 45°C, 100 % |  9153 / 46068 MB | root(?M)
[3] NVIDIA A40 | 44°C, 100 % |  8211 / 46068 MB | root(?M)
[4] NVIDIA A40 | 43°C,  95 % |  6957 / 46068 MB | root(?M)
[5] NVIDIA A40 | 43°C, 100 % |  5757 / 46068 MB | root(?M)
[6] NVIDIA A40 | 44°C,  95 % |  4817 / 46068 MB | root(?M)
[7] NVIDIA A40 | 57°C, 100 % | 22145 / 46068 MB | root(?M)

===== 2026-01-26 08:11:26 =====
s8             Mon Jan 26 08:11:27 2026  560.35.05
[0] NVIDIA A40 | 47°C,  99 % | 14663 / 46068 MB | root(?M)
[1] NVIDIA A40 | 48°C, 100 % | 10191 / 46068 MB | root(?M)
[2] NVIDIA A40 | 45°C, 100 % |  9843 / 46068 MB | root(?M)
[3] NVIDIA A40 | 42°C,  98 % |  8899 / 46068 MB | root(?M)
[4] NVIDIA A40 | 43°C,  98 % |  8027 / 46068 MB | root(?M)
[5] NVIDIA A40 | 43°C, 100 % |  7097 / 46068 MB | root(?M)
[6] NVIDIA A40 | 43°C,  99 % |  6205 / 46068 MB | root(?M)
[7] NVIDIA A40 | 59°C,  98 % | 24479 / 46068 MB | root(?M)

===== 2026-01-26 08:11:28 =====
s8             Mon Jan 26 08:11:29 2026  560.35.05
[0] NVIDIA A40 | 48°C,  98 % | 10427 / 46068 MB | root(?M)
[1] NVIDIA A40 | 49°C, 100 % |  7611 / 46068 MB | root(?M)
[2] NVIDIA A40 | 47°C, 100 % |  7391 / 46068 MB | root(?M)
[3] NVIDIA A40 | 43°C,  95 % |  6359 / 46068 MB | root(?M)
[4] NVIDIA A40 | 43°C, 100 % |  5367 / 46068 MB | root(?M)
[5] NVIDIA A40 | 46°C, 100 % |  4703 / 46068 MB | root(?M)
[6] NVIDIA A40 | 43°C,  95 % |  3709 / 46068 MB | root(?M)
[7] NVIDIA A40 | 58°C, 100 % | 19049 / 46068 MB | root(?M)

===== 2026-01-26 08:11:30 =====
s8             Mon Jan 26 08:11:31 2026  560.35.05
[0] NVIDIA A40 | 47°C,  99 % | 12675 / 46068 MB | root(?M)
[1] NVIDIA A40 | 48°C, 100 % |  8217 / 46068 MB | root(?M)
[2] NVIDIA A40 | 46°C,  98 % |  7921 / 46068 MB | root(?M)
[3] NVIDIA A40 | 43°C,  97 % |  7163 / 46068 MB | root(?M)
[4] NVIDIA A40 | 44°C, 100 % |  6427 / 46068 MB | root(?M)
[5] NVIDIA A40 | 43°C, 100 % |  5641 / 46068 MB | root(?M)
[6] NVIDIA A40 | 43°C,  96 % |  4919 / 46068 MB | root(?M)
[7] NVIDIA A40 | 60°C, 100 % | 24503 / 46068 MB | root(?M)

===== 2026-01-26 08:11:32 =====
s8             Mon Jan 26 08:11:33 2026  560.35.05
[0] NVIDIA A40 | 48°C, 100 % | 12461 / 46068 MB | root(?M)
[1] NVIDIA A40 | 49°C,  95 % |  8829 / 46068 MB | root(?M)
[2] NVIDIA A40 | 46°C, 100 % |  8199 / 46068 MB | root(?M)
[3] NVIDIA A40 | 45°C, 100 % |  7387 / 46068 MB | root(?M)
[4] NVIDIA A40 | 44°C,  98 % |  6283 / 46068 MB | root(?M)
[5] NVIDIA A40 | 44°C, 100 % |  5217 / 46068 MB | root(?M)
[6] NVIDIA A40 | 46°C, 100 % |  4377 / 46068 MB | root(?M)
[7] NVIDIA A40 | 60°C,  98 % | 22079 / 46068 MB | root(?M)

===== 2026-01-26 08:11:34 =====
s8             Mon Jan 26 08:11:35 2026  560.35.05
[0] NVIDIA A40 | 47°C, 100 % | 13463 / 46068 MB | root(?M)
[1] NVIDIA A40 | 49°C, 100 % |  9115 / 46068 MB | root(?M)
[2] NVIDIA A40 | 46°C,  99 % |  8773 / 46068 MB | root(?M)
[3] NVIDIA A40 | 43°C, 100 % |  7959 / 46068 MB | root(?M)
[4] NVIDIA A40 | 44°C,  99 % |  7175 / 46068 MB | root(?M)
[5] NVIDIA A40 | 44°C,  98 % |  6329 / 46068 MB | root(?M)
[6] NVIDIA A40 | 43°C,  93 % |  5555 / 46068 MB | root(?M)
[7] NVIDIA A40 | 60°C, 100 % | 26119 / 46068 MB | root(?M)

===== 2026-01-26 08:11:36 =====
s8             Mon Jan 26 08:11:37 2026  560.35.05
[0] NVIDIA A40 | 48°C,  98 % | 11779 / 46068 MB | root(?M)
[1] NVIDIA A40 | 49°C, 100 % |  7983 / 46068 MB | root(?M)
[2] NVIDIA A40 | 46°C, 100 % |  7667 / 46068 MB | root(?M)
[3] NVIDIA A40 | 44°C,  95 % |  6687 / 46068 MB | root(?M)
[4] NVIDIA A40 | 44°C,  96 % |  5689 / 46068 MB | root(?M)
[5] NVIDIA A40 | 45°C, 100 % |  4945 / 46068 MB | root(?M)
[6] NVIDIA A40 | 44°C,  95 % |  3945 / 46068 MB | root(?M)
[7] NVIDIA A40 | 62°C, 100 % | 19229 / 46068 MB | root(?M)

===== 2026-01-26 08:11:38 =====
s8             Mon Jan 26 08:11:39 2026  560.35.05
[0] NVIDIA A40 | 47°C,  99 % | 12781 / 46068 MB | root(?M)
[1] NVIDIA A40 | 48°C, 100 % |  8243 / 46068 MB | root(?M)
[2] NVIDIA A40 | 47°C, 100 % |  7941 / 46068 MB | root(?M)
[3] NVIDIA A40 | 43°C,  98 % |  7175 / 46068 MB | root(?M)
[4] NVIDIA A40 | 44°C, 100 % |  6453 / 46068 MB | root(?M)
[5] NVIDIA A40 | 44°C, 100 % |  5679 / 46068 MB | root(?M)
[6] NVIDIA A40 | 44°C,  62 % |  1277 / 46068 MB | root(?M)
[7] NVIDIA A40 | 58°C,  70 % |  9987 / 46068 MB | root(?M)

===== 2026-01-26 08:11:40 =====
s8             Mon Jan 26 08:11:41 2026  560.35.05
[0] NVIDIA A40 | 48°C, 100 % | 13161 / 46068 MB | root(?M)
[1] NVIDIA A40 | 49°C, 100 % |  9367 / 46068 MB | root(?M)
[2] NVIDIA A40 | 48°C,  95 % |  9059 / 46068 MB | root(?M)
[3] NVIDIA A40 | 44°C,  95 % |  7853 / 46068 MB | root(?M)
[4] NVIDIA A40 | 44°C, 100 % |  6675 / 46068 MB | root(?M)
[5] NVIDIA A40 | 48°C, 100 % |  5837 / 46068 MB | root(?M)
[6] NVIDIA A40 | 45°C,  95 % |  4655 / 46068 MB | root(?M)
[7] NVIDIA A40 | 63°C,  98 % | 23141 / 46068 MB | root(?M)

===== 2026-01-26 08:11:42 =====
s8             Mon Jan 26 08:11:44 2026  560.35.05
[0] NVIDIA A40 | 49°C, 100 % | 14163 / 46068 MB | root(?M)
[1] NVIDIA A40 | 49°C,  98 % |  9663 / 46068 MB | root(?M)
[2] NVIDIA A40 | 46°C,  98 % |  9357 / 46068 MB | root(?M)
[3] NVIDIA A40 | 43°C, 100 % |  8517 / 46068 MB | root(?M)
[4] NVIDIA A40 | 44°C, 100 % |  7707 / 46068 MB | root(?M)
[5] NVIDIA A40 | 44°C,  98 % |  6835 / 46068 MB | root(?M)
[6] NVIDIA A40 | 44°C, 100 % |  5991 / 46068 MB | root(?M)
[7] NVIDIA A40 | 62°C,  97 % | 27525 / 46068 MB | root(?M)

===== 2026-01-26 08:11:45 =====
s8             Mon Jan 26 08:11:46 2026  560.35.05
[0] NVIDIA A40 | 48°C, 100 % | 11557 / 46068 MB | root(?M)
[1] NVIDIA A40 | 50°C,  95 % |  7861 / 46068 MB | root(?M)
[2] NVIDIA A40 | 47°C, 100 % |  7405 / 46068 MB | root(?M)
[3] NVIDIA A40 | 45°C,  95 % |  6595 / 46068 MB | root(?M)
[4] NVIDIA A40 | 45°C, 100 % |  5611 / 46068 MB | root(?M)
[5] NVIDIA A40 | 47°C, 100 % |  4881 / 46068 MB | root(?M)
[6] NVIDIA A40 | 45°C,  95 % |  3899 / 46068 MB | root(?M)
[7] NVIDIA A40 | 65°C, 100 % | 18839 / 46068 MB | root(?M)

===== 2026-01-26 08:11:47 =====
s8             Mon Jan 26 08:11:48 2026  560.35.05
[0] NVIDIA A40 | 47°C,  99 % | 12559 / 46068 MB | root(?M)
[1] NVIDIA A40 | 49°C,  98 % |  8119 / 46068 MB | root(?M)
[2] NVIDIA A40 | 47°C,  98 % |  7829 / 46068 MB | root(?M)
[3] NVIDIA A40 | 44°C,  98 % |  7079 / 46068 MB | root(?M)
[4] NVIDIA A40 | 44°C, 100 % |  6369 / 46068 MB | root(?M)
[5] NVIDIA A40 | 45°C, 100 % |  5607 / 46068 MB | root(?M)
[6] NVIDIA A40 | 44°C,  77 % |  1323 / 46068 MB | root(?M)
[7] NVIDIA A40 | 60°C,  37 % |  8139 / 46068 MB | root(?M)

===== 2026-01-26 08:11:49 =====
s8             Mon Jan 26 08:11:50 2026  560.35.05
[0] NVIDIA A40 | 48°C, 100 % | 12625 / 46068 MB | root(?M)
[1] NVIDIA A40 | 50°C,  97 % |  9173 / 46068 MB | root(?M)
[2] NVIDIA A40 | 48°C,  95 % |  8575 / 46068 MB | root(?M)
[3] NVIDIA A40 | 44°C, 100 % |  7429 / 46068 MB | root(?M)
[4] NVIDIA A40 | 46°C, 100 % |  6569 / 46068 MB | root(?M)
[5] NVIDIA A40 | 46°C,  95 % |  5495 / 46068 MB | root(?M)
[6] NVIDIA A40 | 45°C, 100 % |  4395 / 46068 MB | root(?M)
[7] NVIDIA A40 | 65°C,  99 % | 20549 / 46068 MB | root(?M)

===== 2026-01-26 08:11:51 =====
s8             Mon Jan 26 08:11:52 2026  560.35.05
[0] NVIDIA A40 | 48°C,  99 % | 13627 / 46068 MB | root(?M)
[1] NVIDIA A40 | 49°C, 100 % |  9173 / 46068 MB | root(?M)
[2] NVIDIA A40 | 48°C, 100 % |  8829 / 46068 MB | root(?M)
[3] NVIDIA A40 | 44°C,  98 % |  8001 / 46068 MB | root(?M)
[4] NVIDIA A40 | 44°C, 100 % |  7209 / 46068 MB | root(?M)
[5] NVIDIA A40 | 45°C, 100 % |  6355 / 46068 MB | root(?M)
[6] NVIDIA A40 | 45°C,  94 % |  4025 / 46068 MB | root(?M)
[7] NVIDIA A40 | 62°C,  22 % | 10207 / 46068 MB | root(?M)

===== 2026-01-26 08:11:53 =====
s8             Mon Jan 26 08:11:54 2026  560.35.05
[0] NVIDIA A40 | 48°C, 100 % | 12297 / 46068 MB | root(?M)
[1] NVIDIA A40 | 50°C, 100 % |  7775 / 46068 MB | root(?M)
[2] NVIDIA A40 | 47°C, 100 % |  7299 / 46068 MB | root(?M)
[3] NVIDIA A40 | 47°C, 100 % |  6525 / 46068 MB | root(?M)
[4] NVIDIA A40 | 45°C,  95 % |  5599 / 46068 MB | root(?M)
[5] NVIDIA A40 | 46°C,  95 % |  4707 / 46068 MB | root(?M)
[6] NVIDIA A40 | 47°C, 100 % |  4029 / 46068 MB | root(?M)
[7] NVIDIA A40 | 67°C,  97 % | 18829 / 46068 MB | root(?M)

===== 2026-01-26 08:11:55 =====
s8             Mon Jan 26 08:11:56 2026  560.35.05
[0] NVIDIA A40 | 48°C,  98 % | 12297 / 46068 MB | root(?M)
[1] NVIDIA A40 | 49°C, 100 % |  7775 / 46068 MB | root(?M)
[2] NVIDIA A40 | 47°C, 100 % |  7501 / 46068 MB | root(?M)
[3] NVIDIA A40 | 44°C,  49 % |  1243 / 46068 MB | root(?M)
[4] NVIDIA A40 | 44°C,  49 % |  1273 / 46068 MB | root(?M)
[5] NVIDIA A40 | 44°C,   0 % |  1311 / 46068 MB | root(?M)
[6] NVIDIA A40 | 44°C,   0 % |  1283 / 46068 MB | root(?M)
[7] NVIDIA A40 | 60°C,   0 % | 11931 / 46068 MB | root(?M)

===== 2026-01-26 08:11:57 =====
s8             Mon Jan 26 08:11:59 2026  560.35.05
[0] NVIDIA A40 | 46°C,   0 % |  7153 / 46068 MB | root(?M)
[1] NVIDIA A40 | 48°C,   0 % |  1269 / 46068 MB | root(?M)
[2] NVIDIA A40 | 45°C,   1 % |  1267 / 46068 MB | root(?M) root(?M)
[3] NVIDIA A40 | 43°C,   0 % |  1239 / 46068 MB | root(?M) root(?M)
[4] NVIDIA A40 | 43°C,   0 % |  1229 / 46068 MB | root(?M) root(?M)
[5] NVIDIA A40 | 44°C,   0 % |  1292 / 46068 MB | root(?M) root(?M)
[6] NVIDIA A40 | 43°C,   0 % |  1394 / 46068 MB | root(?M) root(?M)
[7] NVIDIA A40 | 57°C,   0 % | 11777 / 46068 MB | root(?M)

===== 2026-01-26 08:12:00 =====
s8             Mon Jan 26 08:12:01 2026  560.35.05
[0] NVIDIA A40 | 46°C,   0 % |   269 / 46068 MB | root(?M)
[1] NVIDIA A40 | 47°C,   0 % |     3 / 46068 MB |
[2] NVIDIA A40 | 45°C,   0 % |     0 / 46068 MB |
[3] NVIDIA A40 | 42°C,   0 % |     0 / 46068 MB |
[4] NVIDIA A40 | 42°C,   0 % |     0 / 46068 MB |
[5] NVIDIA A40 | 43°C,   0 % |     0 / 46068 MB |
[6] NVIDIA A40 | 43°C,   0 % |     0 / 46068 MB |
[7] NVIDIA A40 | 56°C,   0 % |     0 / 46068 MB |

===== 2026-01-26 08:12:03 =====
s8             Mon Jan 26 08:12:04 2026  560.35.05
[0] NVIDIA A40 | 45°C,   0 % |     0 / 46068 MB |
[1] NVIDIA A40 | 46°C,   0 % |     0 / 46068 MB |
[2] NVIDIA A40 | 43°C,   0 % |     0 / 46068 MB |
[3] NVIDIA A40 | 41°C,   0 % |     0 / 46068 MB |
[4] NVIDIA A40 | 41°C,   0 % |     0 / 46068 MB |
[5] NVIDIA A40 | 42°C,   0 % |     0 / 46068 MB |
[6] NVIDIA A40 | 41°C,   0 % |     0 / 46068 MB |
[7] NVIDIA A40 | 54°C,   0 % |     0 / 46068 MB |

===== 2026-01-26 08:12:05 =====
s8             Mon Jan 26 08:12:06 2026  560.35.05
[0] NVIDIA A40 | 44°C,   0 % |     0 / 46068 MB |
[1] NVIDIA A40 | 45°C,   0 % |     0 / 46068 MB |
[2] NVIDIA A40 | 43°C,   0 % |     0 / 46068 MB |
[3] NVIDIA A40 | 41°C,   0 % |     0 / 46068 MB |
[4] NVIDIA A40 | 40°C,   0 % |     0 / 46068 MB |
[5] NVIDIA A40 | 41°C,   0 % |     0 / 46068 MB |
[6] NVIDIA A40 | 41°C,   0 % |     0 / 46068 MB |
[7] NVIDIA A40 | 53°C,   0 % |     0 / 46068 MB |

===== 2026-01-26 08:12:07 =====
s8             Mon Jan 26 08:12:08 2026  560.35.05
[0] NVIDIA A40 | 44°C,   0 % |     0 / 46068 MB |
[1] NVIDIA A40 | 44°C,   0 % |     0 / 46068 MB |
[2] NVIDIA A40 | 41°C,   0 % |     0 / 46068 MB |
[3] NVIDIA A40 | 39°C,   0 % |     0 / 46068 MB |
[4] NVIDIA A40 | 39°C,   0 % |     0 / 46068 MB |
[5] NVIDIA A40 | 40°C,   0 % |     0 / 46068 MB |
[6] NVIDIA A40 | 39°C,   0 % |     0 / 46068 MB |
[7] NVIDIA A40 | 53°C,   0 % |     0 / 46068 MB |

===== 2026-01-26 08:12:09 =====
s8             Mon Jan 26 08:12:10 2026  560.35.05
[0] NVIDIA A40 | 43°C,   0 % |     0 / 46068 MB |
[1] NVIDIA A40 | 43°C,   0 % |     0 / 46068 MB |
[2] NVIDIA A40 | 41°C,   0 % |     0 / 46068 MB |
[3] NVIDIA A40 | 39°C,   0 % |     0 / 46068 MB |
[4] NVIDIA A40 | 38°C,   0 % |     0 / 46068 MB |
[5] NVIDIA A40 | 39°C,   0 % |     0 / 46068 MB |
[6] NVIDIA A40 | 39°C,   0 % |     0 / 46068 MB |
[7] NVIDIA A40 | 52°C,   0 % |     0 / 46068 MB |

===== 2026-01-26 08:12:11 =====
s8             Mon Jan 26 08:12:12 2026  560.35.05
[0] NVIDIA A40 | 42°C,   0 % |     0 / 46068 MB |
[1] NVIDIA A40 | 43°C,   0 % |     0 / 46068 MB |
[2] NVIDIA A40 | 40°C,   0 % |     0 / 46068 MB |
[3] NVIDIA A40 | 38°C,   0 % |     0 / 46068 MB |
[4] NVIDIA A40 | 38°C,   0 % |     0 / 46068 MB |
[5] NVIDIA A40 | 39°C,   0 % |     0 / 46068 MB |
[6] NVIDIA A40 | 38°C,   0 % |     0 / 46068 MB |
[7] NVIDIA A40 | 51°C,   0 % |     0 / 46068 MB |

===== 2026-01-26 08:12:13 =====
s8             Mon Jan 26 08:12:15 2026  560.35.05
[0] NVIDIA A40 | 41°C,   0 % |     0 / 46068 MB |
[1] NVIDIA A40 | 42°C,   0 % |     0 / 46068 MB |
[2] NVIDIA A40 | 40°C,   0 % |     0 / 46068 MB |
[3] NVIDIA A40 | 38°C,   1 % |     0 / 46068 MB |
[4] NVIDIA A40 | 38°C,   0 % |     0 / 46068 MB |
[5] NVIDIA A40 | 38°C,   0 % |     0 / 46068 MB |
[6] NVIDIA A40 | 38°C,   1 % |     0 / 46068 MB |
[7] NVIDIA A40 | 50°C,   0 % |     0 / 46068 MB |

===== 2026-01-26 08:12:16 =====
s8             Mon Jan 26 08:12:17 2026  560.35.05
[0] NVIDIA A40 | 41°C,   0 % |     3 / 46068 MB |
[1] NVIDIA A40 | 42°C,   0 % |     3 / 46068 MB |
[2] NVIDIA A40 | 40°C,   0 % |     3 / 46068 MB |
[3] NVIDIA A40 | 38°C,   0 % |     3 / 46068 MB |
[4] NVIDIA A40 | 38°C,   0 % |     3 / 46068 MB |
[5] NVIDIA A40 | 39°C,   0 % |     3 / 46068 MB |
[6] NVIDIA A40 | 38°C,   0 % |     3 / 46068 MB |
[7] NVIDIA A40 | 49°C,   0 % |     3 / 46068 MB |

===== 2026-01-26 08:12:18 =====
s8             Mon Jan 26 08:12:19 2026  560.35.05
[0] NVIDIA A40 | 40°C,   0 % |     3 / 46068 MB |
[1] NVIDIA A40 | 41°C,   0 % |     3 / 46068 MB |
[2] NVIDIA A40 | 39°C,   0 % |     3 / 46068 MB |
[3] NVIDIA A40 | 37°C,   0 % |     3 / 46068 MB |
[4] NVIDIA A40 | 37°C,   0 % |     3 / 46068 MB |
[5] NVIDIA A40 | 38°C,   0 % |     3 / 46068 MB |
[6] NVIDIA A40 | 38°C,   0 % |     3 / 46068 MB |
[7] NVIDIA A40 | 48°C,   0 % |     3 / 46068 MB |

===== 2026-01-26 08:12:20 =====
s8             Mon Jan 26 08:12:21 2026  560.35.05
[0] NVIDIA A40 | 40°C,   0 % |     3 / 46068 MB |
[1] NVIDIA A40 | 41°C,   0 % |     3 / 46068 MB |
[2] NVIDIA A40 | 39°C,   0 % |     3 / 46068 MB |
[3] NVIDIA A40 | 37°C,   0 % |     3 / 46068 MB |
[4] NVIDIA A40 | 37°C,   0 % |     3 / 46068 MB |
[5] NVIDIA A40 | 38°C,   0 % |     3 / 46068 MB |
[6] NVIDIA A40 | 37°C,   0 % |     3 / 46068 MB |
[7] NVIDIA A40 | 48°C,   0 % |     3 / 46068 MB |

===== 2026-01-26 08:12:22 =====
s8             Mon Jan 26 08:12:23 2026  560.35.05
[0] NVIDIA A40 | 40°C,   0 % |     3 / 46068 MB |
[1] NVIDIA A40 | 41°C,   0 % |     3 / 46068 MB |
[2] NVIDIA A40 | 39°C,   0 % |     3 / 46068 MB |
[3] NVIDIA A40 | 37°C,   0 % |     3 / 46068 MB |
[4] NVIDIA A40 | 37°C,   0 % |     3 / 46068 MB |
[5] NVIDIA A40 | 37°C,   0 % |     3 / 46068 MB |
[6] NVIDIA A40 | 37°C,   0 % |     3 / 46068 MB |
[7] NVIDIA A40 | 47°C,   0 % |     3 / 46068 MB |

===== 2026-01-26 08:12:24 =====
s8             Mon Jan 26 08:12:26 2026  560.35.05
[0] NVIDIA A40 | 40°C,   0 % |     3 / 46068 MB |
[1] NVIDIA A40 | 40°C,   0 % |     3 / 46068 MB |
[2] NVIDIA A40 | 38°C,   0 % |     3 / 46068 MB |
[3] NVIDIA A40 | 37°C,   0 % |     3 / 46068 MB |
[4] NVIDIA A40 | 37°C,   0 % |     3 / 46068 MB |
[5] NVIDIA A40 | 37°C,   0 % |     3 / 46068 MB |
[6] NVIDIA A40 | 37°C,   0 % |     3 / 46068 MB |
[7] NVIDIA A40 | 47°C,   0 % |     3 / 46068 MB |

===== 2026-01-26 08:12:27 =====
s8             Mon Jan 26 08:12:28 2026  560.35.05
[0] NVIDIA A40 | 42°C,   0 % |  1517 / 46068 MB | root(?M)
[1] NVIDIA A40 | 41°C,   0 % |     3 / 46068 MB |
[2] NVIDIA A40 | 39°C,   0 % |     3 / 46068 MB |
[3] NVIDIA A40 | 37°C,   0 % |     3 / 46068 MB |
[4] NVIDIA A40 | 37°C,   0 % |     3 / 46068 MB |
[5] NVIDIA A40 | 38°C,   0 % |     3 / 46068 MB |
[6] NVIDIA A40 | 37°C,   0 % |     3 / 46068 MB |
[7] NVIDIA A40 | 47°C,   0 % |     3 / 46068 MB |

===== 2026-01-26 08:12:29 =====
s8             Mon Jan 26 08:12:30 2026  560.35.05
[0] NVIDIA A40 | 42°C,   0 % |  1517 / 46068 MB | root(?M)
[1] NVIDIA A40 | 40°C,   0 % |     3 / 46068 MB |
[2] NVIDIA A40 | 38°C,   0 % |     3 / 46068 MB |
[3] NVIDIA A40 | 36°C,   0 % |     3 / 46068 MB |
[4] NVIDIA A40 | 36°C,   0 % |     3 / 46068 MB |
[5] NVIDIA A40 | 37°C,   0 % |     3 / 46068 MB |
[6] NVIDIA A40 | 37°C,   0 % |     3 / 46068 MB |
[7] NVIDIA A40 | 46°C,   0 % |     3 / 46068 MB |

===== 2026-01-26 08:12:31 =====
s8             Mon Jan 26 08:12:32 2026  560.35.05
[0] NVIDIA A40 | 43°C,   0 % |  1517 / 46068 MB | root(?M)
[1] NVIDIA A40 | 40°C,   0 % |     3 / 46068 MB |
[2] NVIDIA A40 | 38°C,   0 % |     3 / 46068 MB |
[3] NVIDIA A40 | 36°C,   0 % |     3 / 46068 MB |
[4] NVIDIA A40 | 36°C,   0 % |     3 / 46068 MB |
[5] NVIDIA A40 | 37°C,   0 % |     3 / 46068 MB |
[6] NVIDIA A40 | 37°C,   0 % |     3 / 46068 MB |
[7] NVIDIA A40 | 46°C,   0 % |     3 / 46068 MB |

===== 2026-01-26 08:12:33 =====
s8             Mon Jan 26 08:12:34 2026  560.35.05
[0] NVIDIA A40 | 43°C,   0 % |  1517 / 46068 MB | root(?M)
[1] NVIDIA A40 | 39°C,   0 % |     3 / 46068 MB |
[2] NVIDIA A40 | 38°C,   0 % |     3 / 46068 MB |
[3] NVIDIA A40 | 36°C,   0 % |     3 / 46068 MB |
[4] NVIDIA A40 | 36°C,   0 % |     3 / 46068 MB |
[5] NVIDIA A40 | 37°C,   0 % |     3 / 46068 MB |
[6] NVIDIA A40 | 36°C,   0 % |     3 / 46068 MB |
[7] NVIDIA A40 | 45°C,   0 % |     3 / 46068 MB |

===== 2026-01-26 08:12:35 =====
s8             Mon Jan 26 08:12:36 2026  560.35.05
[0] NVIDIA A40 | 43°C,   0 % |  1517 / 46068 MB | root(?M)
[1] NVIDIA A40 | 40°C,   0 % |    18 / 46068 MB | root(?M)
[2] NVIDIA A40 | 38°C,   0 % |     3 / 46068 MB |
[3] NVIDIA A40 | 36°C,   0 % |     3 / 46068 MB |
[4] NVIDIA A40 | 36°C,   0 % |     3 / 46068 MB |
[5] NVIDIA A40 | 37°C,   0 % |     3 / 46068 MB |
[6] NVIDIA A40 | 37°C,   0 % |     3 / 46068 MB |
[7] NVIDIA A40 | 45°C,   0 % |     3 / 46068 MB |

===== 2026-01-26 08:12:37 =====
s8             Mon Jan 26 08:12:38 2026  560.35.05
[0] NVIDIA A40 | 43°C,   0 % |  1517 / 46068 MB | root(?M)
[1] NVIDIA A40 | 42°C,   0 % |   515 / 46068 MB | root(?M)
[2] NVIDIA A40 | 37°C,   0 % |     3 / 46068 MB |
[3] NVIDIA A40 | 36°C,   0 % |     3 / 46068 MB |
[4] NVIDIA A40 | 36°C,   0 % |     3 / 46068 MB |
[5] NVIDIA A40 | 37°C,   0 % |     3 / 46068 MB |
[6] NVIDIA A40 | 36°C,   0 % |     3 / 46068 MB |
[7] NVIDIA A40 | 44°C,   0 % |     3 / 46068 MB |

===== 2026-01-26 08:12:39 =====
s8             Mon Jan 26 08:12:40 2026  560.35.05
[0] NVIDIA A40 | 43°C,   0 % |  1517 / 46068 MB | root(?M)
[1] NVIDIA A40 | 43°C,   0 % |   515 / 46068 MB | root(?M)
[2] NVIDIA A40 | 37°C,   0 % |     3 / 46068 MB |
[3] NVIDIA A40 | 36°C,   0 % |     3 / 46068 MB |
[4] NVIDIA A40 | 35°C,   0 % |     3 / 46068 MB |
[5] NVIDIA A40 | 36°C,   0 % |     3 / 46068 MB |
[6] NVIDIA A40 | 36°C,   0 % |     3 / 46068 MB |
[7] NVIDIA A40 | 44°C,   0 % |     3 / 46068 MB |

===== 2026-01-26 08:12:41 =====
s8             Mon Jan 26 08:12:42 2026  560.35.05
[0] NVIDIA A40 | 43°C,   0 % |  1517 / 46068 MB | root(?M)
[1] NVIDIA A40 | 43°C,   0 % |   515 / 46068 MB | root(?M)
[2] NVIDIA A40 | 37°C,   0 % |     3 / 46068 MB |
[3] NVIDIA A40 | 36°C,   0 % |     3 / 46068 MB |
[4] NVIDIA A40 | 35°C,   0 % |     3 / 46068 MB |
[5] NVIDIA A40 | 36°C,   0 % |     3 / 46068 MB |
[6] NVIDIA A40 | 36°C,   0 % |     3 / 46068 MB |
[7] NVIDIA A40 | 44°C,   0 % |     3 / 46068 MB |

===== 2026-01-26 08:12:43 =====
s8             Mon Jan 26 08:12:44 2026  560.35.05
[0] NVIDIA A40 | 43°C,   0 % |  1517 / 46068 MB | root(?M)
[1] NVIDIA A40 | 43°C,   0 % |   515 / 46068 MB | root(?M)
[2] NVIDIA A40 | 37°C,   0 % |     3 / 46068 MB |
[3] NVIDIA A40 | 35°C,   0 % |     3 / 46068 MB |
[4] NVIDIA A40 | 35°C,   0 % |     3 / 46068 MB |
[5] NVIDIA A40 | 36°C,   0 % |     3 / 46068 MB |
[6] NVIDIA A40 | 36°C,   0 % |     3 / 46068 MB |
[7] NVIDIA A40 | 44°C,   0 % |     3 / 46068 MB |

===== 2026-01-26 08:12:45 =====
s8             Mon Jan 26 08:12:47 2026  560.35.05
[0] NVIDIA A40 | 43°C,   0 % |  1517 / 46068 MB | root(?M)
[1] NVIDIA A40 | 43°C,   0 % |   515 / 46068 MB | root(?M)
[2] NVIDIA A40 | 39°C,   0 % |   515 / 46068 MB | root(?M)
[3] NVIDIA A40 | 36°C,   0 % |     3 / 46068 MB |
[4] NVIDIA A40 | 35°C,   0 % |     3 / 46068 MB |
[5] NVIDIA A40 | 36°C,   0 % |     3 / 46068 MB |
[6] NVIDIA A40 | 36°C,   0 % |     3 / 46068 MB |
[7] NVIDIA A40 | 44°C,   0 % |     3 / 46068 MB |

===== 2026-01-26 08:12:48 =====
s8             Mon Jan 26 08:12:49 2026  560.35.05
[0] NVIDIA A40 | 43°C,   0 % |  1517 / 46068 MB | root(?M)
[1] NVIDIA A40 | 43°C,   0 % |   515 / 46068 MB | root(?M)
[2] NVIDIA A40 | 40°C,   0 % |   515 / 46068 MB | root(?M)
[3] NVIDIA A40 | 35°C,   0 % |     3 / 46068 MB |
[4] NVIDIA A40 | 35°C,   0 % |     3 / 46068 MB |
[5] NVIDIA A40 | 36°C,   0 % |     3 / 46068 MB |
[6] NVIDIA A40 | 36°C,   0 % |     3 / 46068 MB |
[7] NVIDIA A40 | 43°C,   0 % |     3 / 46068 MB |

===== 2026-01-26 08:12:50 =====
s8             Mon Jan 26 08:12:51 2026  560.35.05
[0] NVIDIA A40 | 43°C,   0 % |  1517 / 46068 MB | root(?M)
[1] NVIDIA A40 | 43°C,   0 % |   515 / 46068 MB | root(?M)
[2] NVIDIA A40 | 40°C,   0 % |   515 / 46068 MB | root(?M)
[3] NVIDIA A40 | 35°C,   0 % |     3 / 46068 MB |
[4] NVIDIA A40 | 35°C,   0 % |     3 / 46068 MB |
[5] NVIDIA A40 | 36°C,   0 % |     3 / 46068 MB |
[6] NVIDIA A40 | 36°C,   0 % |     3 / 46068 MB |
[7] NVIDIA A40 | 43°C,   0 % |     3 / 46068 MB |

===== 2026-01-26 08:12:52 =====
s8             Mon Jan 26 08:12:53 2026  560.35.05
[0] NVIDIA A40 | 43°C,   0 % |  1517 / 46068 MB | root(?M)
[1] NVIDIA A40 | 43°C,   0 % |   515 / 46068 MB | root(?M)
[2] NVIDIA A40 | 40°C,   0 % |   515 / 46068 MB | root(?M)
[3] NVIDIA A40 | 35°C,   0 % |     3 / 46068 MB |
[4] NVIDIA A40 | 35°C,   0 % |     3 / 46068 MB |
[5] NVIDIA A40 | 36°C,   0 % |     3 / 46068 MB |
[6] NVIDIA A40 | 35°C,   0 % |     3 / 46068 MB |
[7] NVIDIA A40 | 42°C,   0 % |     3 / 46068 MB |

===== 2026-01-26 08:12:54 =====
s8             Mon Jan 26 08:12:55 2026  560.35.05
[0] NVIDIA A40 | 43°C,   0 % |  1517 / 46068 MB | root(?M)
[1] NVIDIA A40 | 43°C,   0 % |   515 / 46068 MB | root(?M)
[2] NVIDIA A40 | 40°C,   0 % |   515 / 46068 MB | root(?M)
[3] NVIDIA A40 | 35°C,   0 % |     3 / 46068 MB |
[4] NVIDIA A40 | 35°C,   0 % |     3 / 46068 MB |
[5] NVIDIA A40 | 35°C,   0 % |     3 / 46068 MB |
[6] NVIDIA A40 | 35°C,   0 % |     3 / 46068 MB |
[7] NVIDIA A40 | 42°C,   0 % |     3 / 46068 MB |

===== 2026-01-26 08:12:56 =====
s8             Mon Jan 26 08:12:57 2026  560.35.05
[0] NVIDIA A40 | 43°C,   0 % |  1517 / 46068 MB | root(?M)
[1] NVIDIA A40 | 44°C,   0 % |   515 / 46068 MB | root(?M)
[2] NVIDIA A40 | 40°C,   0 % |   515 / 46068 MB | root(?M)
[3] NVIDIA A40 | 37°C,   0 % |   515 / 46068 MB | root(?M)
[4] NVIDIA A40 | 35°C,   0 % |     3 / 46068 MB |
[5] NVIDIA A40 | 36°C,   0 % |     3 / 46068 MB |
[6] NVIDIA A40 | 36°C,   0 % |     3 / 46068 MB |
[7] NVIDIA A40 | 42°C,   0 % |     3 / 46068 MB |

===== 2026-01-26 08:12:58 =====
s8             Mon Jan 26 08:12:59 2026  560.35.05
[0] NVIDIA A40 | 43°C,   0 % |  1517 / 46068 MB | root(?M)
[1] NVIDIA A40 | 44°C,   0 % |   515 / 46068 MB | root(?M)
[2] NVIDIA A40 | 41°C,   0 % |   515 / 46068 MB | root(?M)
[3] NVIDIA A40 | 37°C,   0 % |   515 / 46068 MB | root(?M)
[4] NVIDIA A40 | 35°C,   0 % |     3 / 46068 MB |
[5] NVIDIA A40 | 35°C,   0 % |     3 / 46068 MB |
[6] NVIDIA A40 | 35°C,   0 % |     3 / 46068 MB |
[7] NVIDIA A40 | 42°C,   0 % |     3 / 46068 MB |

===== 2026-01-26 08:13:00 =====
s8             Mon Jan 26 08:13:01 2026  560.35.05
[0] NVIDIA A40 | 43°C,   0 % |  1517 / 46068 MB | root(?M)
[1] NVIDIA A40 | 44°C,   0 % |   515 / 46068 MB | root(?M)
[2] NVIDIA A40 | 41°C,   0 % |   515 / 46068 MB | root(?M)
[3] NVIDIA A40 | 38°C,   0 % |   515 / 46068 MB | root(?M)
[4] NVIDIA A40 | 35°C,   0 % |     3 / 46068 MB |
[5] NVIDIA A40 | 35°C,   0 % |     3 / 46068 MB |
[6] NVIDIA A40 | 35°C,   0 % |     3 / 46068 MB |
[7] NVIDIA A40 | 41°C,   0 % |     3 / 46068 MB |

===== 2026-01-26 08:13:02 =====
s8             Mon Jan 26 08:13:03 2026  560.35.05
[0] NVIDIA A40 | 43°C,   0 % |  1517 / 46068 MB | root(?M)
[1] NVIDIA A40 | 44°C,   0 % |   515 / 46068 MB | root(?M)
[2] NVIDIA A40 | 41°C,   0 % |   515 / 46068 MB | root(?M)
[3] NVIDIA A40 | 38°C,   0 % |   515 / 46068 MB | root(?M)
[4] NVIDIA A40 | 34°C,   0 % |     3 / 46068 MB |
[5] NVIDIA A40 | 35°C,   0 % |     3 / 46068 MB |
[6] NVIDIA A40 | 35°C,   0 % |     3 / 46068 MB |
[7] NVIDIA A40 | 41°C,   0 % |     3 / 46068 MB |

===== 2026-01-26 08:13:04 =====
s8             Mon Jan 26 08:13:05 2026  560.35.05
[0] NVIDIA A40 | 43°C,   0 % |  1517 / 46068 MB | root(?M)
[1] NVIDIA A40 | 44°C,   0 % |   515 / 46068 MB | root(?M)
[2] NVIDIA A40 | 41°C,   0 % |   515 / 46068 MB | root(?M)
[3] NVIDIA A40 | 38°C,   0 % |   515 / 46068 MB | root(?M)
[4] NVIDIA A40 | 36°C,   2 % |   269 / 46068 MB | root(?M)
[5] NVIDIA A40 | 35°C,   0 % |     3 / 46068 MB |
[6] NVIDIA A40 | 35°C,   0 % |     3 / 46068 MB |
[7] NVIDIA A40 | 41°C,   0 % |     3 / 46068 MB |

===== 2026-01-26 08:13:06 =====
s8             Mon Jan 26 08:13:07 2026  560.35.05
[0] NVIDIA A40 | 43°C,   0 % |  1517 / 46068 MB | root(?M)
[1] NVIDIA A40 | 44°C,   0 % |   515 / 46068 MB | root(?M)
[2] NVIDIA A40 | 41°C,   0 % |   515 / 46068 MB | root(?M)
[3] NVIDIA A40 | 38°C,   0 % |   515 / 46068 MB | root(?M)
[4] NVIDIA A40 | 37°C,   0 % |   515 / 46068 MB | root(?M)
[5] NVIDIA A40 | 35°C,   0 % |     3 / 46068 MB |
[6] NVIDIA A40 | 35°C,   0 % |     3 / 46068 MB |
[7] NVIDIA A40 | 41°C,   0 % |     3 / 46068 MB |

===== 2026-01-26 08:13:08 =====
s8             Mon Jan 26 08:13:09 2026  560.35.05
[0] NVIDIA A40 | 44°C,   0 % |  1517 / 46068 MB | root(?M)
[1] NVIDIA A40 | 44°C,   0 % |   515 / 46068 MB | root(?M)
[2] NVIDIA A40 | 41°C,   0 % |   515 / 46068 MB | root(?M)
[3] NVIDIA A40 | 38°C,   0 % |   515 / 46068 MB | root(?M)
[4] NVIDIA A40 | 37°C,   0 % |   515 / 46068 MB | root(?M)
[5] NVIDIA A40 | 35°C,   0 % |     3 / 46068 MB |
[6] NVIDIA A40 | 35°C,   0 % |     3 / 46068 MB |
[7] NVIDIA A40 | 40°C,   0 % |     3 / 46068 MB |

===== 2026-01-26 08:13:10 =====
s8             Mon Jan 26 08:13:11 2026  560.35.05
[0] NVIDIA A40 | 44°C,   0 % |  1517 / 46068 MB | root(?M)
[1] NVIDIA A40 | 44°C,   0 % |   515 / 46068 MB | root(?M)
[2] NVIDIA A40 | 41°C,   0 % |   515 / 46068 MB | root(?M)
[3] NVIDIA A40 | 38°C,   0 % |   515 / 46068 MB | root(?M)
[4] NVIDIA A40 | 37°C,   0 % |   515 / 46068 MB | root(?M)
[5] NVIDIA A40 | 35°C,   0 % |     3 / 46068 MB |
[6] NVIDIA A40 | 35°C,   0 % |     3 / 46068 MB |
[7] NVIDIA A40 | 40°C,   0 % |     3 / 46068 MB |

===== 2026-01-26 08:13:13 =====
s8             Mon Jan 26 08:13:14 2026  560.35.05
[0] NVIDIA A40 | 44°C,   0 % |  1517 / 46068 MB | root(?M)
[1] NVIDIA A40 | 44°C,   0 % |   515 / 46068 MB | root(?M)
[2] NVIDIA A40 | 41°C,   0 % |   515 / 46068 MB | root(?M)
[3] NVIDIA A40 | 38°C,   0 % |   515 / 46068 MB | root(?M)
[4] NVIDIA A40 | 38°C,   0 % |   515 / 46068 MB | root(?M)
[5] NVIDIA A40 | 35°C,   0 % |     3 / 46068 MB |
[6] NVIDIA A40 | 35°C,   0 % |     3 / 46068 MB |
[7] NVIDIA A40 | 40°C,   0 % |     3 / 46068 MB |

===== 2026-01-26 08:13:15 =====
s8             Mon Jan 26 08:13:16 2026  560.35.05
[0] NVIDIA A40 | 44°C,   0 % |  1517 / 46068 MB | root(?M)
[1] NVIDIA A40 | 44°C,   0 % |   515 / 46068 MB | root(?M)
[2] NVIDIA A40 | 41°C,   0 % |   515 / 46068 MB | root(?M)
[3] NVIDIA A40 | 39°C,   0 % |   515 / 46068 MB | root(?M)
[4] NVIDIA A40 | 38°C,   0 % |   515 / 46068 MB | root(?M)
[5] NVIDIA A40 | 37°C,   0 % |   515 / 46068 MB | root(?M)
[6] NVIDIA A40 | 35°C,   0 % |     3 / 46068 MB |
[7] NVIDIA A40 | 40°C,   0 % |     3 / 46068 MB |

===== 2026-01-26 08:13:17 =====
s8             Mon Jan 26 08:13:18 2026  560.35.05
[0] NVIDIA A40 | 44°C,   0 % |  1517 / 46068 MB | root(?M)
[1] NVIDIA A40 | 44°C,   0 % |   515 / 46068 MB | root(?M)
[2] NVIDIA A40 | 41°C,   0 % |   515 / 46068 MB | root(?M)
[3] NVIDIA A40 | 39°C,   0 % |   515 / 46068 MB | root(?M)
[4] NVIDIA A40 | 38°C,   0 % |   515 / 46068 MB | root(?M)
[5] NVIDIA A40 | 37°C,   0 % |   515 / 46068 MB | root(?M)
[6] NVIDIA A40 | 35°C,   0 % |     3 / 46068 MB |
[7] NVIDIA A40 | 40°C,   0 % |     3 / 46068 MB |

===== 2026-01-26 08:13:19 =====
s8             Mon Jan 26 08:13:20 2026  560.35.05
[0] NVIDIA A40 | 44°C,   0 % |  1517 / 46068 MB | root(?M)
[1] NVIDIA A40 | 44°C,   0 % |   515 / 46068 MB | root(?M)
[2] NVIDIA A40 | 41°C,   0 % |   515 / 46068 MB | root(?M)
[3] NVIDIA A40 | 39°C,   0 % |   515 / 46068 MB | root(?M)
[4] NVIDIA A40 | 38°C,   0 % |   515 / 46068 MB | root(?M)
[5] NVIDIA A40 | 38°C,   0 % |   515 / 46068 MB | root(?M)
[6] NVIDIA A40 | 35°C,   0 % |     3 / 46068 MB |
[7] NVIDIA A40 | 40°C,   0 % |     3 / 46068 MB |

===== 2026-01-26 08:13:21 =====
s8             Mon Jan 26 08:13:22 2026  560.35.05
[0] NVIDIA A40 | 44°C,   0 % |  1517 / 46068 MB | root(?M)
[1] NVIDIA A40 | 44°C,   0 % |   515 / 46068 MB | root(?M)
[2] NVIDIA A40 | 42°C,   0 % |   515 / 46068 MB | root(?M)
[3] NVIDIA A40 | 39°C,   0 % |   515 / 46068 MB | root(?M)
[4] NVIDIA A40 | 38°C,   0 % |   515 / 46068 MB | root(?M)
[5] NVIDIA A40 | 38°C,   0 % |   515 / 46068 MB | root(?M)
[6] NVIDIA A40 | 34°C,   0 % |     3 / 46068 MB |
[7] NVIDIA A40 | 39°C,   0 % |     3 / 46068 MB |

===== 2026-01-26 08:13:23 =====
s8             Mon Jan 26 08:13:24 2026  560.35.05
[0] NVIDIA A40 | 44°C,   0 % |  1517 / 46068 MB | root(?M)
[1] NVIDIA A40 | 44°C,   0 % |   515 / 46068 MB | root(?M)
[2] NVIDIA A40 | 42°C,   0 % |   515 / 46068 MB | root(?M)
[3] NVIDIA A40 | 39°C,   0 % |   515 / 46068 MB | root(?M)
[4] NVIDIA A40 | 38°C,   0 % |   515 / 46068 MB | root(?M)
[5] NVIDIA A40 | 38°C,   0 % |   515 / 46068 MB | root(?M)
[6] NVIDIA A40 | 34°C,   0 % |     3 / 46068 MB |
[7] NVIDIA A40 | 39°C,   0 % |     3 / 46068 MB |

===== 2026-01-26 08:13:25 =====
s8             Mon Jan 26 08:13:26 2026  560.35.05
[0] NVIDIA A40 | 44°C,   0 % |  1517 / 46068 MB | root(?M)
[1] NVIDIA A40 | 45°C,   0 % |   515 / 46068 MB | root(?M)
[2] NVIDIA A40 | 42°C,   0 % |   515 / 46068 MB | root(?M)
[3] NVIDIA A40 | 39°C,   0 % |   515 / 46068 MB | root(?M)
[4] NVIDIA A40 | 38°C,   0 % |   515 / 46068 MB | root(?M)
[5] NVIDIA A40 | 38°C,   0 % |   515 / 46068 MB | root(?M)
[6] NVIDIA A40 | 34°C,   0 % |     3 / 46068 MB |
[7] NVIDIA A40 | 39°C,   0 % |     3 / 46068 MB |

===== 2026-01-26 08:13:27 =====
s8             Mon Jan 26 08:13:28 2026  560.35.05
[0] NVIDIA A40 | 44°C,   0 % |  1517 / 46068 MB | root(?M)
[1] NVIDIA A40 | 45°C,   0 % |   515 / 46068 MB | root(?M)
[2] NVIDIA A40 | 42°C,   0 % |   515 / 46068 MB | root(?M)
[3] NVIDIA A40 | 39°C,   0 % |   515 / 46068 MB | root(?M)
[4] NVIDIA A40 | 39°C,   0 % |   515 / 46068 MB | root(?M)
[5] NVIDIA A40 | 38°C,   0 % |   515 / 46068 MB | root(?M)
[6] NVIDIA A40 | 34°C,   0 % |     3 / 46068 MB |
[7] NVIDIA A40 | 39°C,   0 % |     3 / 46068 MB |

===== 2026-01-26 08:13:29 =====
s8             Mon Jan 26 08:13:30 2026  560.35.05
[0] NVIDIA A40 | 44°C,   0 % |  1517 / 46068 MB | root(?M)
[1] NVIDIA A40 | 45°C,   0 % |   515 / 46068 MB | root(?M)
[2] NVIDIA A40 | 42°C,   0 % |   515 / 46068 MB | root(?M)
[3] NVIDIA A40 | 39°C,   0 % |   515 / 46068 MB | root(?M)
[4] NVIDIA A40 | 39°C,   0 % |   515 / 46068 MB | root(?M)
[5] NVIDIA A40 | 39°C,   0 % |   515 / 46068 MB | root(?M)
[6] NVIDIA A40 | 34°C,   0 % |     3 / 46068 MB |
[7] NVIDIA A40 | 39°C,   0 % |     3 / 46068 MB |

===== 2026-01-26 08:13:31 =====
s8             Mon Jan 26 08:13:32 2026  560.35.05
[0] NVIDIA A40 | 44°C,   0 % |  1517 / 46068 MB | root(?M)
[1] NVIDIA A40 | 45°C,   0 % |   515 / 46068 MB | root(?M)
[2] NVIDIA A40 | 42°C,   0 % |   515 / 46068 MB | root(?M)
[3] NVIDIA A40 | 39°C,   0 % |   515 / 46068 MB | root(?M)
[4] NVIDIA A40 | 39°C,   0 % |   515 / 46068 MB | root(?M)
[5] NVIDIA A40 | 39°C,   0 % |   515 / 46068 MB | root(?M)
[6] NVIDIA A40 | 36°C,   5 % |   515 / 46068 MB | root(?M)
[7] NVIDIA A40 | 39°C,   0 % |     3 / 46068 MB |

===== 2026-01-26 08:13:33 =====
s8             Mon Jan 26 08:13:34 2026  560.35.05
[0] NVIDIA A40 | 44°C,   0 % |  1517 / 46068 MB | root(?M)
[1] NVIDIA A40 | 45°C,   0 % |   515 / 46068 MB | root(?M)
[2] NVIDIA A40 | 42°C,   0 % |   515 / 46068 MB | root(?M)
[3] NVIDIA A40 | 39°C,   0 % |   515 / 46068 MB | root(?M)
[4] NVIDIA A40 | 39°C,   0 % |   515 / 46068 MB | root(?M)
[5] NVIDIA A40 | 39°C,   0 % |   515 / 46068 MB | root(?M)
[6] NVIDIA A40 | 37°C,   0 % |   515 / 46068 MB | root(?M)
[7] NVIDIA A40 | 38°C,   0 % |     3 / 46068 MB |

===== 2026-01-26 08:13:35 =====
s8             Mon Jan 26 08:13:36 2026  560.35.05
[0] NVIDIA A40 | 44°C,   0 % |  1517 / 46068 MB | root(?M)
[1] NVIDIA A40 | 45°C,   0 % |   515 / 46068 MB | root(?M)
[2] NVIDIA A40 | 42°C,   0 % |   515 / 46068 MB | root(?M)
[3] NVIDIA A40 | 39°C,   0 % |   515 / 46068 MB | root(?M)
[4] NVIDIA A40 | 39°C,   0 % |   515 / 46068 MB | root(?M)
[5] NVIDIA A40 | 39°C,   0 % |   515 / 46068 MB | root(?M)
[6] NVIDIA A40 | 37°C,   0 % |   515 / 46068 MB | root(?M)
[7] NVIDIA A40 | 38°C,   0 % |     3 / 46068 MB |

===== 2026-01-26 08:13:37 =====
s8             Mon Jan 26 08:13:38 2026  560.35.05
[0] NVIDIA A40 | 44°C,   0 % |  1517 / 46068 MB | root(?M)
[1] NVIDIA A40 | 45°C,   0 % |   515 / 46068 MB | root(?M)
[2] NVIDIA A40 | 42°C,   0 % |   515 / 46068 MB | root(?M)
[3] NVIDIA A40 | 39°C,   0 % |   515 / 46068 MB | root(?M)
[4] NVIDIA A40 | 39°C,   0 % |   515 / 46068 MB | root(?M)
[5] NVIDIA A40 | 39°C,   0 % |   515 / 46068 MB | root(?M)
[6] NVIDIA A40 | 37°C,   0 % |   515 / 46068 MB | root(?M)
[7] NVIDIA A40 | 38°C,   0 % |     3 / 46068 MB |

===== 2026-01-26 08:13:39 =====
s8             Mon Jan 26 08:13:40 2026  560.35.05
[0] NVIDIA A40 | 44°C,   0 % |  1517 / 46068 MB | root(?M)
[1] NVIDIA A40 | 45°C,   0 % |   515 / 46068 MB | root(?M)
[2] NVIDIA A40 | 42°C,   0 % |   515 / 46068 MB | root(?M)
[3] NVIDIA A40 | 39°C,   0 % |   515 / 46068 MB | root(?M)
[4] NVIDIA A40 | 39°C,   0 % |   515 / 46068 MB | root(?M)
[5] NVIDIA A40 | 39°C,   0 % |   515 / 46068 MB | root(?M)
[6] NVIDIA A40 | 38°C,   0 % |   515 / 46068 MB | root(?M)
[7] NVIDIA A40 | 38°C,   0 % |     3 / 46068 MB |

===== 2026-01-26 08:13:41 =====
s8             Mon Jan 26 08:13:42 2026  560.35.05
[0] NVIDIA A40 | 44°C,   0 % |  1517 / 46068 MB | root(?M)
[1] NVIDIA A40 | 45°C,   0 % |   515 / 46068 MB | root(?M)
[2] NVIDIA A40 | 42°C,   0 % |   515 / 46068 MB | root(?M)
[3] NVIDIA A40 | 40°C,   0 % |   515 / 46068 MB | root(?M)
[4] NVIDIA A40 | 40°C,   0 % |   515 / 46068 MB | root(?M)
[5] NVIDIA A40 | 40°C,   0 % |   515 / 46068 MB | root(?M)
[6] NVIDIA A40 | 38°C,   0 % |   515 / 46068 MB | root(?M)
[7] NVIDIA A40 | 40°C,   4 % |  1761 / 46068 MB | root(?M)

===== 2026-01-26 08:13:43 =====
