===== 2026-01-26 08:00:24 =====
               total        used        free      shared  buff/cache   available
Mem:           503Gi       8.5Gi        55Gi       140Mi       440Gi       491Gi
Swap:          8.0Gi       585Mi       7.4Gi

===== 2026-01-26 08:00:25 =====
               total        used        free      shared  buff/cache   available
Mem:           503Gi       8.7Gi        54Gi       140Mi       440Gi       491Gi
Swap:          8.0Gi       585Mi       7.4Gi

===== 2026-01-26 08:00:26 =====
               total        used        free      shared  buff/cache   available
Mem:           503Gi        10Gi        53Gi       140Mi       440Gi       490Gi
Swap:          8.0Gi       585Mi       7.4Gi

===== 2026-01-26 08:00:27 =====
               total        used        free      shared  buff/cache   available
Mem:           503Gi        10Gi        52Gi       140Mi       440Gi       489Gi
Swap:          8.0Gi       585Mi       7.4Gi

===== 2026-01-26 08:00:28 =====
               total        used        free      shared  buff/cache   available
Mem:           503Gi        11Gi        52Gi       140Mi       440Gi       488Gi
Swap:          8.0Gi       585Mi       7.4Gi

===== 2026-01-26 08:00:29 =====
               total        used        free      shared  buff/cache   available
Mem:           503Gi        11Gi        52Gi       140Mi       440Gi       488Gi
Swap:          8.0Gi       585Mi       7.4Gi

===== 2026-01-26 08:00:30 =====
               total        used        free      shared  buff/cache   available
Mem:           503Gi        11Gi        51Gi       140Mi       440Gi       488Gi
Swap:          8.0Gi       585Mi       7.4Gi

===== 2026-01-26 08:00:31 =====
               total        used        free      shared  buff/cache   available
Mem:           503Gi        13Gi        50Gi       140Mi       440Gi       487Gi
Swap:          8.0Gi       585Mi       7.4Gi

===== 2026-01-26 08:00:32 =====
               total        used        free      shared  buff/cache   available
Mem:           503Gi        13Gi        50Gi       140Mi       440Gi       486Gi
Swap:          8.0Gi       585Mi       7.4Gi

===== 2026-01-26 08:00:33 =====
               total        used        free      shared  buff/cache   available
Mem:           503Gi        14Gi        49Gi       140Mi       440Gi       486Gi
Swap:          8.0Gi       585Mi       7.4Gi

===== 2026-01-26 08:00:34 =====
               total        used        free      shared  buff/cache   available
Mem:           503Gi        15Gi        48Gi       140Mi       440Gi       485Gi
Swap:          8.0Gi       585Mi       7.4Gi

===== 2026-01-26 08:00:35 =====
               total        used        free      shared  buff/cache   available
Mem:           503Gi        15Gi        48Gi       140Mi       440Gi       484Gi
Swap:          8.0Gi       585Mi       7.4Gi

===== 2026-01-26 08:00:36 =====
               total        used        free      shared  buff/cache   available
Mem:           503Gi        15Gi        48Gi       140Mi       440Gi       484Gi
Swap:          8.0Gi       585Mi       7.4Gi

===== 2026-01-26 08:00:37 =====
               total        used        free      shared  buff/cache   available
Mem:           503Gi        15Gi        48Gi       140Mi       440Gi       484Gi
Swap:          8.0Gi       585Mi       7.4Gi

===== 2026-01-26 08:00:38 =====
               total        used        free      shared  buff/cache   available
Mem:           503Gi        15Gi        47Gi       140Mi       440Gi       484Gi
Swap:          8.0Gi       585Mi       7.4Gi

===== 2026-01-26 08:00:39 =====
               total        used        free      shared  buff/cache   available
Mem:           503Gi        16Gi        47Gi       140Mi       440Gi       483Gi
Swap:          8.0Gi       585Mi       7.4Gi

===== 2026-01-26 08:00:40 =====
               total        used        free      shared  buff/cache   available
Mem:           503Gi        16Gi        47Gi       140Mi       440Gi       483Gi
Swap:          8.0Gi       585Mi       7.4Gi

===== 2026-01-26 08:00:41 =====
               total        used        free      shared  buff/cache   available
Mem:           503Gi        15Gi        48Gi       148Mi       440Gi       484Gi
Swap:          8.0Gi       585Mi       7.4Gi

===== 2026-01-26 08:00:42 =====
               total        used        free      shared  buff/cache   available
Mem:           503Gi        13Gi        49Gi       148Mi       440Gi       486Gi
Swap:          8.0Gi       585Mi       7.4Gi

===== 2026-01-26 08:00:43 =====
               total        used        free      shared  buff/cache   available
Mem:           503Gi        14Gi        49Gi       148Mi       440Gi       485Gi
Swap:          8.0Gi       585Mi       7.4Gi

===== 2026-01-26 08:00:44 =====
               total        used        free      shared  buff/cache   available
Mem:           503Gi        15Gi        48Gi       148Mi       440Gi       484Gi
Swap:          8.0Gi       585Mi       7.4Gi

===== 2026-01-26 08:00:45 =====
               total        used        free      shared  buff/cache   available
Mem:           503Gi        15Gi        47Gi       148Mi       440Gi       484Gi
Swap:          8.0Gi       585Mi       7.4Gi

===== 2026-01-26 08:00:46 =====
               total        used        free      shared  buff/cache   available
Mem:           503Gi        15Gi        47Gi       148Mi       440Gi       484Gi
Swap:          8.0Gi       585Mi       7.4Gi

===== 2026-01-26 08:00:47 =====
               total        used        free      shared  buff/cache   available
Mem:           503Gi        15Gi        47Gi       148Mi       440Gi       484Gi
Swap:          8.0Gi       585Mi       7.4Gi

===== 2026-01-26 08:00:48 =====
               total        used        free      shared  buff/cache   available
Mem:           503Gi        16Gi        47Gi       148Mi       440Gi       484Gi
Swap:          8.0Gi       585Mi       7.4Gi

===== 2026-01-26 08:00:49 =====
               total        used        free      shared  buff/cache   available
Mem:           503Gi        16Gi        46Gi       148Mi       440Gi       483Gi
Swap:          8.0Gi       585Mi       7.4Gi

===== 2026-01-26 08:00:50 =====
               total        used        free      shared  buff/cache   available
Mem:           503Gi        16Gi        46Gi       155Mi       440Gi       483Gi
Swap:          8.0Gi       585Mi       7.4Gi

===== 2026-01-26 08:00:51 =====
               total        used        free      shared  buff/cache   available
Mem:           503Gi        13Gi        49Gi       156Mi       440Gi       486Gi
Swap:          8.0Gi       585Mi       7.4Gi

===== 2026-01-26 08:00:52 =====
               total        used        free      shared  buff/cache   available
Mem:           503Gi        14Gi        49Gi       156Mi       440Gi       485Gi
Swap:          8.0Gi       585Mi       7.4Gi

===== 2026-01-26 08:00:53 =====
               total        used        free      shared  buff/cache   available
Mem:           503Gi        15Gi        48Gi       156Mi       440Gi       484Gi
Swap:          8.0Gi       585Mi       7.4Gi

===== 2026-01-26 08:00:54 =====
               total        used        free      shared  buff/cache   available
Mem:           503Gi        16Gi        47Gi       156Mi       440Gi       484Gi
Swap:          8.0Gi       585Mi       7.4Gi

===== 2026-01-26 08:00:55 =====
               total        used        free      shared  buff/cache   available
Mem:           503Gi        16Gi        47Gi       156Mi       440Gi       484Gi
Swap:          8.0Gi       585Mi       7.4Gi

===== 2026-01-26 08:00:56 =====
               total        used        free      shared  buff/cache   available
Mem:           503Gi        16Gi        47Gi       156Mi       440Gi       484Gi
Swap:          8.0Gi       585Mi       7.4Gi

===== 2026-01-26 08:00:57 =====
               total        used        free      shared  buff/cache   available
Mem:           503Gi        16Gi        47Gi       156Mi       440Gi       484Gi
Swap:          8.0Gi       585Mi       7.4Gi

===== 2026-01-26 08:00:58 =====
               total        used        free      shared  buff/cache   available
Mem:           503Gi        16Gi        46Gi       156Mi       440Gi       483Gi
Swap:          8.0Gi       585Mi       7.4Gi

===== 2026-01-26 08:01:00 =====
               total        used        free      shared  buff/cache   available
Mem:           503Gi        17Gi        46Gi       156Mi       440Gi       483Gi
Swap:          8.0Gi       585Mi       7.4Gi

===== 2026-01-26 08:01:01 =====
               total        used        free      shared  buff/cache   available
Mem:           503Gi        17Gi        46Gi       164Mi       440Gi       483Gi
Swap:          8.0Gi       585Mi       7.4Gi

===== 2026-01-26 08:01:02 =====
               total        used        free      shared  buff/cache   available
Mem:           503Gi        14Gi        49Gi       164Mi       440Gi       485Gi
Swap:          8.0Gi       585Mi       7.4Gi

===== 2026-01-26 08:01:03 =====
               total        used        free      shared  buff/cache   available
Mem:           503Gi        15Gi        48Gi       164Mi       440Gi       485Gi
Swap:          8.0Gi       585Mi       7.4Gi

===== 2026-01-26 08:01:04 =====
               total        used        free      shared  buff/cache   available
Mem:           503Gi        15Gi        47Gi       164Mi       440Gi       484Gi
Swap:          8.0Gi       585Mi       7.4Gi

===== 2026-01-26 08:01:05 =====
               total        used        free      shared  buff/cache   available
Mem:           503Gi        16Gi        47Gi       164Mi       440Gi       483Gi
Swap:          8.0Gi       585Mi       7.4Gi

===== 2026-01-26 08:01:06 =====
               total        used        free      shared  buff/cache   available
Mem:           503Gi        16Gi        47Gi       164Mi       440Gi       483Gi
Swap:          8.0Gi       585Mi       7.4Gi

===== 2026-01-26 08:01:07 =====
               total        used        free      shared  buff/cache   available
Mem:           503Gi        16Gi        47Gi       164Mi       440Gi       483Gi
Swap:          8.0Gi       585Mi       7.4Gi

===== 2026-01-26 08:01:08 =====
               total        used        free      shared  buff/cache   available
Mem:           503Gi        16Gi        46Gi       164Mi       440Gi       483Gi
Swap:          8.0Gi       585Mi       7.4Gi

===== 2026-01-26 08:01:09 =====
               total        used        free      shared  buff/cache   available
Mem:           503Gi        17Gi        46Gi       164Mi       440Gi       482Gi
Swap:          8.0Gi       585Mi       7.4Gi

===== 2026-01-26 08:01:10 =====
               total        used        free      shared  buff/cache   available
Mem:           503Gi        17Gi        45Gi       164Mi       440Gi       482Gi
Swap:          8.0Gi       585Mi       7.4Gi

===== 2026-01-26 08:01:11 =====
               total        used        free      shared  buff/cache   available
Mem:           503Gi        14Gi        49Gi       172Mi       440Gi       485Gi
Swap:          8.0Gi       585Mi       7.4Gi

===== 2026-01-26 08:01:12 =====
               total        used        free      shared  buff/cache   available
Mem:           503Gi        15Gi        48Gi       172Mi       440Gi       485Gi
Swap:          8.0Gi       585Mi       7.4Gi

===== 2026-01-26 08:01:13 =====
               total        used        free      shared  buff/cache   available
Mem:           503Gi        16Gi        47Gi       172Mi       440Gi       484Gi
Swap:          8.0Gi       585Mi       7.4Gi

===== 2026-01-26 08:01:14 =====
               total        used        free      shared  buff/cache   available
Mem:           503Gi        16Gi        46Gi       172Mi       440Gi       483Gi
Swap:          8.0Gi       585Mi       7.4Gi

===== 2026-01-26 08:01:15 =====
               total        used        free      shared  buff/cache   available
Mem:           503Gi        16Gi        46Gi       172Mi       440Gi       483Gi
Swap:          8.0Gi       585Mi       7.4Gi

===== 2026-01-26 08:01:16 =====
               total        used        free      shared  buff/cache   available
Mem:           503Gi        16Gi        46Gi       172Mi       440Gi       483Gi
Swap:          8.0Gi       585Mi       7.4Gi

===== 2026-01-26 08:01:17 =====
               total        used        free      shared  buff/cache   available
Mem:           503Gi        16Gi        46Gi       172Mi       440Gi       483Gi
Swap:          8.0Gi       585Mi       7.4Gi

===== 2026-01-26 08:01:18 =====
               total        used        free      shared  buff/cache   available
Mem:           503Gi        17Gi        46Gi       172Mi       440Gi       482Gi
Swap:          8.0Gi       585Mi       7.4Gi

===== 2026-01-26 08:01:19 =====
               total        used        free      shared  buff/cache   available
Mem:           503Gi        17Gi        45Gi       172Mi       440Gi       482Gi
Swap:          8.0Gi       585Mi       7.4Gi

===== 2026-01-26 08:01:20 =====
               total        used        free      shared  buff/cache   available
Mem:           503Gi        17Gi        45Gi       179Mi       440Gi       482Gi
Swap:          8.0Gi       585Mi       7.4Gi

===== 2026-01-26 08:01:21 =====
               total        used        free      shared  buff/cache   available
Mem:           503Gi        14Gi        48Gi       180Mi       440Gi       485Gi
Swap:          8.0Gi       585Mi       7.4Gi

===== 2026-01-26 08:01:22 =====
               total        used        free      shared  buff/cache   available
Mem:           503Gi        15Gi        47Gi       180Mi       440Gi       484Gi
Swap:          8.0Gi       585Mi       7.4Gi

===== 2026-01-26 08:01:23 =====
               total        used        free      shared  buff/cache   available
Mem:           503Gi        16Gi        47Gi       180Mi       440Gi       483Gi
Swap:          8.0Gi       585Mi       7.4Gi

===== 2026-01-26 08:01:24 =====
               total        used        free      shared  buff/cache   available
Mem:           503Gi        17Gi        46Gi       180Mi       440Gi       483Gi
Swap:          8.0Gi       585Mi       7.4Gi

===== 2026-01-26 08:01:25 =====
               total        used        free      shared  buff/cache   available
Mem:           503Gi        17Gi        46Gi       180Mi       440Gi       483Gi
Swap:          8.0Gi       585Mi       7.4Gi

===== 2026-01-26 08:01:26 =====
               total        used        free      shared  buff/cache   available
Mem:           503Gi        17Gi        46Gi       180Mi       440Gi       483Gi
Swap:          8.0Gi       585Mi       7.4Gi

===== 2026-01-26 08:01:27 =====
               total        used        free      shared  buff/cache   available
Mem:           503Gi        17Gi        46Gi       180Mi       440Gi       482Gi
Swap:          8.0Gi       585Mi       7.4Gi

===== 2026-01-26 08:01:28 =====
               total        used        free      shared  buff/cache   available
Mem:           503Gi        18Gi        45Gi       180Mi       440Gi       482Gi
Swap:          8.0Gi       585Mi       7.4Gi

===== 2026-01-26 08:01:29 =====
               total        used        free      shared  buff/cache   available
Mem:           503Gi        18Gi        45Gi       180Mi       440Gi       482Gi
Swap:          8.0Gi       585Mi       7.4Gi

===== 2026-01-26 08:01:30 =====
               total        used        free      shared  buff/cache   available
Mem:           503Gi        14Gi        48Gi       188Mi       440Gi       485Gi
Swap:          8.0Gi       585Mi       7.4Gi

===== 2026-01-26 08:01:31 =====
               total        used        free      shared  buff/cache   available
Mem:           503Gi        15Gi        47Gi       188Mi       440Gi       484Gi
Swap:          8.0Gi       585Mi       7.4Gi

===== 2026-01-26 08:01:32 =====
               total        used        free      shared  buff/cache   available
Mem:           503Gi        16Gi        47Gi       188Mi       440Gi       483Gi
Swap:          8.0Gi       585Mi       7.4Gi

===== 2026-01-26 08:01:33 =====
               total        used        free      shared  buff/cache   available
Mem:           503Gi        17Gi        46Gi       188Mi       440Gi       483Gi
Swap:          8.0Gi       585Mi       7.4Gi

===== 2026-01-26 08:01:34 =====
               total        used        free      shared  buff/cache   available
Mem:           503Gi        17Gi        46Gi       188Mi       440Gi       482Gi
Swap:          8.0Gi       585Mi       7.4Gi

===== 2026-01-26 08:01:35 =====
               total        used        free      shared  buff/cache   available
Mem:           503Gi        17Gi        46Gi       188Mi       440Gi       482Gi
Swap:          8.0Gi       585Mi       7.4Gi

===== 2026-01-26 08:01:36 =====
               total        used        free      shared  buff/cache   available
Mem:           503Gi        17Gi        46Gi       188Mi       440Gi       482Gi
Swap:          8.0Gi       585Mi       7.4Gi

===== 2026-01-26 08:01:37 =====
               total        used        free      shared  buff/cache   available
Mem:           503Gi        17Gi        45Gi       188Mi       440Gi       482Gi
Swap:          8.0Gi       585Mi       7.4Gi

===== 2026-01-26 08:01:38 =====
               total        used        free      shared  buff/cache   available
Mem:           503Gi        18Gi        45Gi       188Mi       440Gi       481Gi
Swap:          8.0Gi       585Mi       7.4Gi

===== 2026-01-26 08:01:39 =====
               total        used        free      shared  buff/cache   available
Mem:           503Gi        18Gi        45Gi       188Mi       440Gi       481Gi
Swap:          8.0Gi       585Mi       7.4Gi

===== 2026-01-26 08:01:40 =====
               total        used        free      shared  buff/cache   available
Mem:           503Gi        15Gi        48Gi       196Mi       440Gi       484Gi
Swap:          8.0Gi       585Mi       7.4Gi

===== 2026-01-26 08:01:41 =====
               total        used        free      shared  buff/cache   available
Mem:           503Gi        16Gi        47Gi       196Mi       440Gi       484Gi
Swap:          8.0Gi       585Mi       7.4Gi

===== 2026-01-26 08:01:42 =====
               total        used        free      shared  buff/cache   available
Mem:           503Gi        16Gi        46Gi       196Mi       440Gi       483Gi
Swap:          8.0Gi       585Mi       7.4Gi

===== 2026-01-26 08:01:43 =====
               total        used        free      shared  buff/cache   available
Mem:           503Gi        17Gi        45Gi       196Mi       440Gi       482Gi
Swap:          8.0Gi       585Mi       7.4Gi

===== 2026-01-26 08:01:44 =====
               total        used        free      shared  buff/cache   available
Mem:           503Gi        17Gi        45Gi       196Mi       440Gi       482Gi
Swap:          8.0Gi       585Mi       7.4Gi

===== 2026-01-26 08:01:45 =====
               total        used        free      shared  buff/cache   available
Mem:           503Gi        17Gi        45Gi       196Mi       440Gi       482Gi
Swap:          8.0Gi       585Mi       7.4Gi

===== 2026-01-26 08:01:46 =====
               total        used        free      shared  buff/cache   available
Mem:           503Gi        17Gi        45Gi       196Mi       440Gi       482Gi
Swap:          8.0Gi       585Mi       7.4Gi

===== 2026-01-26 08:01:47 =====
               total        used        free      shared  buff/cache   available
Mem:           503Gi        18Gi        45Gi       196Mi       440Gi       482Gi
Swap:          8.0Gi       585Mi       7.4Gi

===== 2026-01-26 08:01:48 =====
               total        used        free      shared  buff/cache   available
Mem:           503Gi        18Gi        44Gi       196Mi       440Gi       481Gi
Swap:          8.0Gi       585Mi       7.4Gi

===== 2026-01-26 08:01:49 =====
               total        used        free      shared  buff/cache   available
Mem:           503Gi        18Gi        44Gi       196Mi       440Gi       481Gi
Swap:          8.0Gi       585Mi       7.4Gi

===== 2026-01-26 08:01:50 =====
               total        used        free      shared  buff/cache   available
Mem:           503Gi        15Gi        47Gi       204Mi       440Gi       484Gi
Swap:          8.0Gi       585Mi       7.4Gi

===== 2026-01-26 08:01:51 =====
               total        used        free      shared  buff/cache   available
Mem:           503Gi        16Gi        46Gi       302Mi       440Gi       483Gi
Swap:          8.0Gi       585Mi       7.4Gi

===== 2026-01-26 08:01:52 =====
               total        used        free      shared  buff/cache   available
Mem:           503Gi        17Gi        45Gi       474Mi       440Gi       482Gi
Swap:          8.0Gi       585Mi       7.4Gi

===== 2026-01-26 08:01:53 =====
               total        used        free      shared  buff/cache   available
Mem:           503Gi        17Gi        45Gi       724Mi       440Gi       481Gi
Swap:          8.0Gi       585Mi       7.4Gi

===== 2026-01-26 08:01:54 =====
               total        used        free      shared  buff/cache   available
Mem:           503Gi        18Gi        44Gi       892Mi       440Gi       480Gi
Swap:          8.0Gi       585Mi       7.4Gi

===== 2026-01-26 08:01:55 =====
               total        used        free      shared  buff/cache   available
Mem:           503Gi        20Gi        42Gi       892Mi       440Gi       479Gi
Swap:          8.0Gi       585Mi       7.4Gi

===== 2026-01-26 08:01:56 =====
               total        used        free      shared  buff/cache   available
Mem:           503Gi        20Gi        42Gi       892Mi       440Gi       479Gi
Swap:          8.0Gi       585Mi       7.4Gi

===== 2026-01-26 08:01:57 =====
               total        used        free      shared  buff/cache   available
Mem:           503Gi        20Gi        42Gi       892Mi       440Gi       479Gi
Swap:          8.0Gi       585Mi       7.4Gi

===== 2026-01-26 08:01:58 =====
               total        used        free      shared  buff/cache   available
Mem:           503Gi        20Gi        42Gi       892Mi       440Gi       479Gi
Swap:          8.0Gi       585Mi       7.4Gi

===== 2026-01-26 08:01:59 =====
               total        used        free      shared  buff/cache   available
Mem:           503Gi        20Gi        42Gi       892Mi       440Gi       479Gi
Swap:          8.0Gi       585Mi       7.4Gi

===== 2026-01-26 08:02:00 =====
               total        used        free      shared  buff/cache   available
Mem:           503Gi        17Gi        45Gi       891Mi       440Gi       482Gi
Swap:          8.0Gi       585Mi       7.4Gi

===== 2026-01-26 08:02:01 =====
               total        used        free      shared  buff/cache   available
Mem:           503Gi        17Gi        45Gi       891Mi       440Gi       482Gi
Swap:          8.0Gi       585Mi       7.4Gi

===== 2026-01-26 08:02:02 =====
               total        used        free      shared  buff/cache   available
Mem:           503Gi        17Gi        45Gi       581Mi       440Gi       481Gi
Swap:          8.0Gi       585Mi       7.4Gi

===== 2026-01-26 08:02:03 =====
               total        used        free      shared  buff/cache   available
Mem:           503Gi        17Gi        46Gi       316Mi       440Gi       483Gi
Swap:          8.0Gi       585Mi       7.4Gi

===== 2026-01-26 08:02:04 =====
               total        used        free      shared  buff/cache   available
Mem:           503Gi        10Gi        52Gi       220Mi       440Gi       489Gi
Swap:          8.0Gi       585Mi       7.4Gi

===== 2026-01-26 08:02:05 =====
               total        used        free      shared  buff/cache   available
Mem:           503Gi       8.6Gi        54Gi       140Mi       440Gi       491Gi
Swap:          8.0Gi       585Mi       7.4Gi

===== 2026-01-26 08:02:06 =====
               total        used        free      shared  buff/cache   available
Mem:           503Gi       8.6Gi        55Gi       140Mi       440Gi       491Gi
Swap:          8.0Gi       585Mi       7.4Gi

===== 2026-01-26 08:02:07 =====
               total        used        free      shared  buff/cache   available
Mem:           503Gi       8.6Gi        54Gi       140Mi       440Gi       491Gi
Swap:          8.0Gi       585Mi       7.4Gi

===== 2026-01-26 08:02:08 =====
               total        used        free      shared  buff/cache   available
Mem:           503Gi       8.6Gi        55Gi       140Mi       440Gi       491Gi
Swap:          8.0Gi       585Mi       7.4Gi

===== 2026-01-26 08:02:09 =====
               total        used        free      shared  buff/cache   available
Mem:           503Gi       8.6Gi        54Gi       140Mi       440Gi       491Gi
Swap:          8.0Gi       585Mi       7.4Gi

===== 2026-01-26 08:02:10 =====
               total        used        free      shared  buff/cache   available
Mem:           503Gi       8.6Gi        55Gi       140Mi       440Gi       491Gi
Swap:          8.0Gi       585Mi       7.4Gi

===== 2026-01-26 08:02:11 =====
               total        used        free      shared  buff/cache   available
Mem:           503Gi       8.6Gi        54Gi       140Mi       440Gi       491Gi
Swap:          8.0Gi       585Mi       7.4Gi

===== 2026-01-26 08:02:12 =====
               total        used        free      shared  buff/cache   available
Mem:           503Gi       8.6Gi        55Gi       140Mi       440Gi       491Gi
Swap:          8.0Gi       585Mi       7.4Gi

===== 2026-01-26 08:02:13 =====
               total        used        free      shared  buff/cache   available
Mem:           503Gi       8.7Gi        54Gi       140Mi       440Gi       491Gi
Swap:          8.0Gi       585Mi       7.4Gi

===== 2026-01-26 08:02:14 =====
               total        used        free      shared  buff/cache   available
Mem:           503Gi       8.9Gi        54Gi       140Mi       440Gi       491Gi
Swap:          8.0Gi       585Mi       7.4Gi

===== 2026-01-26 08:02:15 =====
               total        used        free      shared  buff/cache   available
Mem:           503Gi        10Gi        53Gi       140Mi       440Gi       489Gi
Swap:          8.0Gi       585Mi       7.4Gi

===== 2026-01-26 08:02:16 =====
               total        used        free      shared  buff/cache   available
Mem:           503Gi        11Gi        52Gi       140Mi       440Gi       489Gi
Swap:          8.0Gi       585Mi       7.4Gi

===== 2026-01-26 08:02:17 =====
               total        used        free      shared  buff/cache   available
Mem:           503Gi        11Gi        52Gi       140Mi       440Gi       488Gi
Swap:          8.0Gi       585Mi       7.4Gi

===== 2026-01-26 08:02:18 =====
               total        used        free      shared  buff/cache   available
Mem:           503Gi        11Gi        51Gi       140Mi       440Gi       488Gi
Swap:          8.0Gi       585Mi       7.4Gi

===== 2026-01-26 08:02:19 =====
               total        used        free      shared  buff/cache   available
Mem:           503Gi        11Gi        51Gi       140Mi       440Gi       488Gi
Swap:          8.0Gi       585Mi       7.4Gi

===== 2026-01-26 08:02:20 =====
               total        used        free      shared  buff/cache   available
Mem:           503Gi        12Gi        50Gi       140Mi       440Gi       487Gi
Swap:          8.0Gi       585Mi       7.4Gi

===== 2026-01-26 08:02:21 =====
               total        used        free      shared  buff/cache   available
Mem:           503Gi        13Gi        49Gi       140Mi       440Gi       486Gi
Swap:          8.0Gi       585Mi       7.4Gi

===== 2026-01-26 08:02:22 =====
               total        used        free      shared  buff/cache   available
Mem:           503Gi        14Gi        49Gi       140Mi       440Gi       485Gi
Swap:          8.0Gi       585Mi       7.4Gi

===== 2026-01-26 08:02:23 =====
               total        used        free      shared  buff/cache   available
Mem:           503Gi        15Gi        48Gi       140Mi       440Gi       485Gi
Swap:          8.0Gi       585Mi       7.4Gi

===== 2026-01-26 08:02:24 =====
               total        used        free      shared  buff/cache   available
Mem:           503Gi        15Gi        48Gi       140Mi       440Gi       484Gi
Swap:          8.0Gi       585Mi       7.4Gi

===== 2026-01-26 08:02:25 =====
               total        used        free      shared  buff/cache   available
Mem:           503Gi        15Gi        48Gi       140Mi       440Gi       484Gi
Swap:          8.0Gi       585Mi       7.4Gi

===== 2026-01-26 08:02:26 =====
               total        used        free      shared  buff/cache   available
Mem:           503Gi        15Gi        48Gi       140Mi       440Gi       484Gi
Swap:          8.0Gi       585Mi       7.4Gi

===== 2026-01-26 08:02:27 =====
               total        used        free      shared  buff/cache   available
Mem:           503Gi        16Gi        47Gi       140Mi       440Gi       484Gi
Swap:          8.0Gi       585Mi       7.4Gi

===== 2026-01-26 08:02:28 =====
               total        used        free      shared  buff/cache   available
Mem:           503Gi        16Gi        47Gi       140Mi       440Gi       483Gi
Swap:          8.0Gi       585Mi       7.4Gi

===== 2026-01-26 08:02:29 =====
               total        used        free      shared  buff/cache   available
Mem:           503Gi        16Gi        46Gi       140Mi       440Gi       483Gi
Swap:          8.0Gi       585Mi       7.4Gi

===== 2026-01-26 08:02:30 =====
               total        used        free      shared  buff/cache   available
Mem:           503Gi        13Gi        49Gi       148Mi       440Gi       486Gi
Swap:          8.0Gi       585Mi       7.4Gi

===== 2026-01-26 08:02:31 =====
               total        used        free      shared  buff/cache   available
Mem:           503Gi        14Gi        49Gi       148Mi       440Gi       485Gi
Swap:          8.0Gi       585Mi       7.4Gi

===== 2026-01-26 08:02:32 =====
               total        used        free      shared  buff/cache   available
Mem:           503Gi        15Gi        48Gi       148Mi       440Gi       485Gi
Swap:          8.0Gi       585Mi       7.4Gi

===== 2026-01-26 08:02:33 =====
               total        used        free      shared  buff/cache   available
Mem:           503Gi        15Gi        47Gi       148Mi       440Gi       484Gi
Swap:          8.0Gi       585Mi       7.4Gi

===== 2026-01-26 08:02:34 =====
               total        used        free      shared  buff/cache   available
Mem:           503Gi        15Gi        47Gi       148Mi       440Gi       484Gi
Swap:          8.0Gi       585Mi       7.4Gi

===== 2026-01-26 08:02:35 =====
               total        used        free      shared  buff/cache   available
Mem:           503Gi        15Gi        47Gi       148Mi       440Gi       484Gi
Swap:          8.0Gi       585Mi       7.4Gi

===== 2026-01-26 08:02:36 =====
               total        used        free      shared  buff/cache   available
Mem:           503Gi        16Gi        47Gi       148Mi       440Gi       484Gi
Swap:          8.0Gi       585Mi       7.4Gi

===== 2026-01-26 08:02:37 =====
               total        used        free      shared  buff/cache   available
Mem:           503Gi        16Gi        46Gi       148Mi       440Gi       483Gi
Swap:          8.0Gi       585Mi       7.4Gi

===== 2026-01-26 08:02:38 =====
               total        used        free      shared  buff/cache   available
Mem:           503Gi        16Gi        46Gi       148Mi       440Gi       483Gi
Swap:          8.0Gi       585Mi       7.4Gi

===== 2026-01-26 08:02:39 =====
               total        used        free      shared  buff/cache   available
Mem:           503Gi        13Gi        49Gi       156Mi       440Gi       486Gi
Swap:          8.0Gi       585Mi       7.4Gi

===== 2026-01-26 08:02:40 =====
               total        used        free      shared  buff/cache   available
Mem:           503Gi        14Gi        49Gi       156Mi       440Gi       485Gi
Swap:          8.0Gi       585Mi       7.4Gi

===== 2026-01-26 08:02:41 =====
               total        used        free      shared  buff/cache   available
Mem:           503Gi        15Gi        48Gi       156Mi       440Gi       485Gi
Swap:          8.0Gi       585Mi       7.4Gi

===== 2026-01-26 08:02:42 =====
               total        used        free      shared  buff/cache   available
Mem:           503Gi        16Gi        47Gi       156Mi       440Gi       484Gi
Swap:          8.0Gi       585Mi       7.4Gi

===== 2026-01-26 08:02:43 =====
               total        used        free      shared  buff/cache   available
Mem:           503Gi        16Gi        47Gi       156Mi       440Gi       484Gi
Swap:          8.0Gi       585Mi       7.4Gi

===== 2026-01-26 08:02:44 =====
               total        used        free      shared  buff/cache   available
Mem:           503Gi        16Gi        47Gi       156Mi       440Gi       484Gi
Swap:          8.0Gi       585Mi       7.4Gi

===== 2026-01-26 08:02:45 =====
               total        used        free      shared  buff/cache   available
Mem:           503Gi        16Gi        47Gi       156Mi       440Gi       484Gi
Swap:          8.0Gi       585Mi       7.4Gi

===== 2026-01-26 08:02:46 =====
               total        used        free      shared  buff/cache   available
Mem:           503Gi        16Gi        46Gi       156Mi       440Gi       483Gi
Swap:          8.0Gi       585Mi       7.4Gi

===== 2026-01-26 08:02:47 =====
               total        used        free      shared  buff/cache   available
Mem:           503Gi        17Gi        46Gi       156Mi       440Gi       483Gi
Swap:          8.0Gi       585Mi       7.4Gi

===== 2026-01-26 08:02:48 =====
               total        used        free      shared  buff/cache   available
Mem:           503Gi        14Gi        49Gi       164Mi       440Gi       485Gi
Swap:          8.0Gi       585Mi       7.4Gi

===== 2026-01-26 08:02:49 =====
               total        used        free      shared  buff/cache   available
Mem:           503Gi        14Gi        48Gi       164Mi       440Gi       485Gi
Swap:          8.0Gi       585Mi       7.4Gi

===== 2026-01-26 08:02:50 =====
               total        used        free      shared  buff/cache   available
Mem:           503Gi        15Gi        48Gi       164Mi       440Gi       485Gi
Swap:          8.0Gi       585Mi       7.4Gi

===== 2026-01-26 08:02:51 =====
               total        used        free      shared  buff/cache   available
Mem:           503Gi        16Gi        47Gi       164Mi       440Gi       484Gi
Swap:          8.0Gi       585Mi       7.4Gi

===== 2026-01-26 08:02:52 =====
               total        used        free      shared  buff/cache   available
Mem:           503Gi        16Gi        46Gi       164Mi       440Gi       483Gi
Swap:          8.0Gi       585Mi       7.4Gi

===== 2026-01-26 08:02:53 =====
               total        used        free      shared  buff/cache   available
Mem:           503Gi        16Gi        47Gi       164Mi       440Gi       483Gi
Swap:          8.0Gi       585Mi       7.4Gi

===== 2026-01-26 08:02:54 =====
               total        used        free      shared  buff/cache   available
Mem:           503Gi        16Gi        46Gi       164Mi       440Gi       483Gi
Swap:          8.0Gi       585Mi       7.4Gi

===== 2026-01-26 08:02:55 =====
               total        used        free      shared  buff/cache   available
Mem:           503Gi        16Gi        46Gi       164Mi       440Gi       483Gi
Swap:          8.0Gi       585Mi       7.4Gi

===== 2026-01-26 08:02:56 =====
               total        used        free      shared  buff/cache   available
Mem:           503Gi        17Gi        46Gi       164Mi       440Gi       482Gi
Swap:          8.0Gi       585Mi       7.4Gi

===== 2026-01-26 08:02:57 =====
               total        used        free      shared  buff/cache   available
Mem:           503Gi        17Gi        45Gi       171Mi       440Gi       482Gi
Swap:          8.0Gi       585Mi       7.4Gi

===== 2026-01-26 08:02:58 =====
               total        used        free      shared  buff/cache   available
Mem:           503Gi        14Gi        48Gi       171Mi       440Gi       485Gi
Swap:          8.0Gi       585Mi       7.4Gi

===== 2026-01-26 08:02:59 =====
               total        used        free      shared  buff/cache   available
Mem:           503Gi        15Gi        48Gi       172Mi       440Gi       484Gi
Swap:          8.0Gi       585Mi       7.4Gi

===== 2026-01-26 08:03:00 =====
               total        used        free      shared  buff/cache   available
Mem:           503Gi        16Gi        47Gi       172Mi       440Gi       484Gi
Swap:          8.0Gi       585Mi       7.4Gi

===== 2026-01-26 08:03:01 =====
               total        used        free      shared  buff/cache   available
Mem:           503Gi        16Gi        46Gi       172Mi       440Gi       483Gi
Swap:          8.0Gi       585Mi       7.4Gi

===== 2026-01-26 08:03:02 =====
               total        used        free      shared  buff/cache   available
Mem:           503Gi        16Gi        46Gi       172Mi       440Gi       483Gi
Swap:          8.0Gi       585Mi       7.4Gi

===== 2026-01-26 08:03:03 =====
               total        used        free      shared  buff/cache   available
Mem:           503Gi        16Gi        46Gi       172Mi       440Gi       483Gi
Swap:          8.0Gi       585Mi       7.4Gi

===== 2026-01-26 08:03:04 =====
               total        used        free      shared  buff/cache   available
Mem:           503Gi        17Gi        46Gi       172Mi       440Gi       483Gi
Swap:          8.0Gi       585Mi       7.4Gi

===== 2026-01-26 08:03:05 =====
               total        used        free      shared  buff/cache   available
Mem:           503Gi        17Gi        45Gi       172Mi       440Gi       482Gi
Swap:          8.0Gi       585Mi       7.4Gi

===== 2026-01-26 08:03:06 =====
               total        used        free      shared  buff/cache   available
Mem:           503Gi        17Gi        45Gi       172Mi       440Gi       482Gi
Swap:          8.0Gi       585Mi       7.4Gi

===== 2026-01-26 08:03:07 =====
               total        used        free      shared  buff/cache   available
Mem:           503Gi        14Gi        48Gi       180Mi       440Gi       485Gi
Swap:          8.0Gi       585Mi       7.4Gi

===== 2026-01-26 08:03:08 =====
               total        used        free      shared  buff/cache   available
Mem:           503Gi        15Gi        48Gi       180Mi       440Gi       484Gi
Swap:          8.0Gi       585Mi       7.4Gi

===== 2026-01-26 08:03:09 =====
               total        used        free      shared  buff/cache   available
Mem:           503Gi        16Gi        47Gi       180Mi       440Gi       484Gi
Swap:          8.0Gi       585Mi       7.4Gi

===== 2026-01-26 08:03:10 =====
               total        used        free      shared  buff/cache   available
Mem:           503Gi        17Gi        46Gi       180Mi       440Gi       483Gi
Swap:          8.0Gi       585Mi       7.4Gi

===== 2026-01-26 08:03:11 =====
               total        used        free      shared  buff/cache   available
Mem:           503Gi        17Gi        46Gi       180Mi       440Gi       483Gi
Swap:          8.0Gi       585Mi       7.4Gi

===== 2026-01-26 08:03:12 =====
               total        used        free      shared  buff/cache   available
Mem:           503Gi        17Gi        46Gi       180Mi       440Gi       483Gi
Swap:          8.0Gi       585Mi       7.4Gi

===== 2026-01-26 08:03:13 =====
               total        used        free      shared  buff/cache   available
Mem:           503Gi        17Gi        46Gi       180Mi       440Gi       483Gi
Swap:          8.0Gi       585Mi       7.4Gi

===== 2026-01-26 08:03:14 =====
               total        used        free      shared  buff/cache   available
Mem:           503Gi        17Gi        45Gi       180Mi       440Gi       482Gi
Swap:          8.0Gi       585Mi       7.4Gi

===== 2026-01-26 08:03:15 =====
               total        used        free      shared  buff/cache   available
Mem:           503Gi        18Gi        45Gi       180Mi       440Gi       482Gi
Swap:          8.0Gi       585Mi       7.4Gi

===== 2026-01-26 08:03:16 =====
               total        used        free      shared  buff/cache   available
Mem:           503Gi        16Gi        47Gi       188Mi       440Gi       483Gi
Swap:          8.0Gi       585Mi       7.4Gi

===== 2026-01-26 08:03:17 =====
               total        used        free      shared  buff/cache   available
Mem:           503Gi        15Gi        47Gi       188Mi       440Gi       484Gi
Swap:          8.0Gi       585Mi       7.4Gi

===== 2026-01-26 08:03:18 =====
               total        used        free      shared  buff/cache   available
Mem:           503Gi        16Gi        47Gi       188Mi       440Gi       484Gi
Swap:          8.0Gi       585Mi       7.4Gi

===== 2026-01-26 08:03:19 =====
               total        used        free      shared  buff/cache   available
Mem:           503Gi        17Gi        46Gi       188Mi       440Gi       483Gi
Swap:          8.0Gi       585Mi       7.4Gi

===== 2026-01-26 08:03:20 =====
               total        used        free      shared  buff/cache   available
Mem:           503Gi        17Gi        45Gi       188Mi       440Gi       482Gi
Swap:          8.0Gi       585Mi       7.4Gi

===== 2026-01-26 08:03:21 =====
               total        used        free      shared  buff/cache   available
Mem:           503Gi        17Gi        45Gi       188Mi       440Gi       482Gi
Swap:          8.0Gi       585Mi       7.4Gi

===== 2026-01-26 08:03:22 =====
               total        used        free      shared  buff/cache   available
Mem:           503Gi        17Gi        45Gi       188Mi       440Gi       482Gi
Swap:          8.0Gi       585Mi       7.4Gi

===== 2026-01-26 08:03:23 =====
               total        used        free      shared  buff/cache   available
Mem:           503Gi        17Gi        45Gi       188Mi       440Gi       482Gi
Swap:          8.0Gi       585Mi       7.4Gi

===== 2026-01-26 08:03:24 =====
               total        used        free      shared  buff/cache   available
Mem:           503Gi        18Gi        45Gi       188Mi       440Gi       481Gi
Swap:          8.0Gi       585Mi       7.4Gi

===== 2026-01-26 08:03:25 =====
               total        used        free      shared  buff/cache   available
Mem:           503Gi        18Gi        44Gi       188Mi       440Gi       481Gi
Swap:          8.0Gi       585Mi       7.4Gi

===== 2026-01-26 08:03:26 =====
               total        used        free      shared  buff/cache   available
Mem:           503Gi        15Gi        48Gi       196Mi       440Gi       484Gi
Swap:          8.0Gi       585Mi       7.4Gi

===== 2026-01-26 08:03:27 =====
               total        used        free      shared  buff/cache   available
Mem:           503Gi        16Gi        47Gi       196Mi       440Gi       484Gi
Swap:          8.0Gi       585Mi       7.4Gi

===== 2026-01-26 08:03:28 =====
               total        used        free      shared  buff/cache   available
Mem:           503Gi        16Gi        46Gi       196Mi       440Gi       483Gi
Swap:          8.0Gi       585Mi       7.4Gi

===== 2026-01-26 08:03:29 =====
               total        used        free      shared  buff/cache   available
Mem:           503Gi        17Gi        45Gi       196Mi       440Gi       482Gi
Swap:          8.0Gi       585Mi       7.4Gi

===== 2026-01-26 08:03:30 =====
               total        used        free      shared  buff/cache   available
Mem:           503Gi        17Gi        45Gi       196Mi       440Gi       482Gi
Swap:          8.0Gi       585Mi       7.4Gi

===== 2026-01-26 08:03:31 =====
               total        used        free      shared  buff/cache   available
Mem:           503Gi        17Gi        45Gi       196Mi       440Gi       482Gi
Swap:          8.0Gi       585Mi       7.4Gi

===== 2026-01-26 08:03:32 =====
               total        used        free      shared  buff/cache   available
Mem:           503Gi        17Gi        45Gi       196Mi       440Gi       482Gi
Swap:          8.0Gi       585Mi       7.4Gi

===== 2026-01-26 08:03:33 =====
               total        used        free      shared  buff/cache   available
Mem:           503Gi        18Gi        45Gi       196Mi       440Gi       481Gi
Swap:          8.0Gi       585Mi       7.4Gi

===== 2026-01-26 08:03:34 =====
               total        used        free      shared  buff/cache   available
Mem:           503Gi        18Gi        44Gi       196Mi       440Gi       481Gi
Swap:          8.0Gi       585Mi       7.4Gi

===== 2026-01-26 08:03:35 =====
               total        used        free      shared  buff/cache   available
Mem:           503Gi        18Gi        44Gi       203Mi       440Gi       481Gi
Swap:          8.0Gi       585Mi       7.4Gi

===== 2026-01-26 08:03:36 =====
               total        used        free      shared  buff/cache   available
Mem:           503Gi        16Gi        47Gi       212Mi       440Gi       484Gi
Swap:          8.0Gi       585Mi       7.4Gi

===== 2026-01-26 08:03:37 =====
               total        used        free      shared  buff/cache   available
Mem:           503Gi        16Gi        46Gi       388Mi       440Gi       483Gi
Swap:          8.0Gi       585Mi       7.4Gi

===== 2026-01-26 08:03:38 =====
               total        used        free      shared  buff/cache   available
Mem:           503Gi        17Gi        45Gi       560Mi       440Gi       482Gi
Swap:          8.0Gi       585Mi       7.4Gi

===== 2026-01-26 08:03:39 =====
               total        used        free      shared  buff/cache   available
Mem:           503Gi        18Gi        44Gi       732Mi       440Gi       481Gi
Swap:          8.0Gi       585Mi       7.4Gi

===== 2026-01-26 08:03:40 =====
               total        used        free      shared  buff/cache   available
Mem:           503Gi        18Gi        43Gi       892Mi       440Gi       480Gi
Swap:          8.0Gi       585Mi       7.4Gi

===== 2026-01-26 08:03:41 =====
               total        used        free      shared  buff/cache   available
Mem:           503Gi        20Gi        42Gi       892Mi       440Gi       479Gi
Swap:          8.0Gi       585Mi       7.4Gi

===== 2026-01-26 08:03:42 =====
               total        used        free      shared  buff/cache   available
Mem:           503Gi        20Gi        42Gi       892Mi       440Gi       479Gi
Swap:          8.0Gi       585Mi       7.4Gi

===== 2026-01-26 08:03:43 =====
               total        used        free      shared  buff/cache   available
Mem:           503Gi        20Gi        42Gi       892Mi       440Gi       479Gi
Swap:          8.0Gi       585Mi       7.4Gi

===== 2026-01-26 08:03:44 =====
               total        used        free      shared  buff/cache   available
Mem:           503Gi        20Gi        42Gi       892Mi       440Gi       479Gi
Swap:          8.0Gi       585Mi       7.4Gi

===== 2026-01-26 08:03:45 =====
               total        used        free      shared  buff/cache   available
Mem:           503Gi        17Gi        45Gi       891Mi       440Gi       482Gi
Swap:          8.0Gi       585Mi       7.4Gi

===== 2026-01-26 08:03:46 =====
               total        used        free      shared  buff/cache   available
Mem:           503Gi        17Gi        45Gi       1.2Gi       441Gi       481Gi
Swap:          8.0Gi       585Mi       7.4Gi

===== 2026-01-26 08:03:47 =====
               total        used        free      shared  buff/cache   available
Mem:           503Gi        17Gi        45Gi       658Mi       440Gi       482Gi
Swap:          8.0Gi       585Mi       7.4Gi

===== 2026-01-26 08:03:48 =====
               total        used        free      shared  buff/cache   available
Mem:           503Gi        18Gi        44Gi       604Mi       440Gi       481Gi
Swap:          8.0Gi       585Mi       7.4Gi

===== 2026-01-26 08:03:49 =====
               total        used        free      shared  buff/cache   available
Mem:           503Gi        16Gi        46Gi       315Mi       440Gi       483Gi
Swap:          8.0Gi       585Mi       7.4Gi

===== 2026-01-26 08:03:50 =====
               total        used        free      shared  buff/cache   available
Mem:           503Gi       9.0Gi        54Gi       164Mi       440Gi       491Gi
Swap:          8.0Gi       585Mi       7.4Gi

===== 2026-01-26 08:03:51 =====
               total        used        free      shared  buff/cache   available
Mem:           503Gi       8.6Gi        55Gi       140Mi       440Gi       491Gi
Swap:          8.0Gi       585Mi       7.4Gi

===== 2026-01-26 08:03:52 =====
               total        used        free      shared  buff/cache   available
Mem:           503Gi       8.6Gi        54Gi       140Mi       440Gi       491Gi
Swap:          8.0Gi       585Mi       7.4Gi

===== 2026-01-26 08:03:53 =====
               total        used        free      shared  buff/cache   available
Mem:           503Gi       8.6Gi        55Gi       140Mi       440Gi       491Gi
Swap:          8.0Gi       585Mi       7.4Gi

===== 2026-01-26 08:03:54 =====
               total        used        free      shared  buff/cache   available
Mem:           503Gi       8.6Gi        54Gi       140Mi       440Gi       491Gi
Swap:          8.0Gi       585Mi       7.4Gi

===== 2026-01-26 08:03:55 =====
               total        used        free      shared  buff/cache   available
Mem:           503Gi       8.6Gi        55Gi       140Mi       440Gi       491Gi
Swap:          8.0Gi       585Mi       7.4Gi

===== 2026-01-26 08:03:56 =====
               total        used        free      shared  buff/cache   available
Mem:           503Gi       8.6Gi        55Gi       140Mi       440Gi       491Gi
Swap:          8.0Gi       585Mi       7.4Gi

===== 2026-01-26 08:03:57 =====
               total        used        free      shared  buff/cache   available
Mem:           503Gi       8.6Gi        55Gi       140Mi       440Gi       491Gi
Swap:          8.0Gi       585Mi       7.4Gi

===== 2026-01-26 08:03:58 =====
               total        used        free      shared  buff/cache   available
Mem:           503Gi       8.6Gi        55Gi       140Mi       440Gi       491Gi
Swap:          8.0Gi       585Mi       7.4Gi

===== 2026-01-26 08:04:00 =====
               total        used        free      shared  buff/cache   available
Mem:           503Gi       8.7Gi        54Gi       140Mi       440Gi       491Gi
Swap:          8.0Gi       585Mi       7.4Gi

===== 2026-01-26 08:04:01 =====
               total        used        free      shared  buff/cache   available
Mem:           503Gi       9.7Gi        53Gi       140Mi       440Gi       490Gi
Swap:          8.0Gi       585Mi       7.4Gi

===== 2026-01-26 08:04:02 =====
               total        used        free      shared  buff/cache   available
Mem:           503Gi        10Gi        52Gi       140Mi       440Gi       489Gi
Swap:          8.0Gi       585Mi       7.4Gi

===== 2026-01-26 08:04:03 =====
               total        used        free      shared  buff/cache   available
Mem:           503Gi        11Gi        52Gi       140Mi       440Gi       488Gi
Swap:          8.0Gi       585Mi       7.4Gi

===== 2026-01-26 08:04:04 =====
               total        used        free      shared  buff/cache   available
Mem:           503Gi        11Gi        52Gi       140Mi       440Gi       488Gi
Swap:          8.0Gi       585Mi       7.4Gi

===== 2026-01-26 08:04:05 =====
               total        used        free      shared  buff/cache   available
Mem:           503Gi        11Gi        51Gi       140Mi       440Gi       488Gi
Swap:          8.0Gi       585Mi       7.4Gi

===== 2026-01-26 08:04:06 =====
               total        used        free      shared  buff/cache   available
Mem:           503Gi        11Gi        51Gi       140Mi       440Gi       488Gi
Swap:          8.0Gi       585Mi       7.4Gi

===== 2026-01-26 08:04:07 =====
               total        used        free      shared  buff/cache   available
Mem:           503Gi        13Gi        50Gi       140Mi       440Gi       487Gi
Swap:          8.0Gi       585Mi       7.4Gi

===== 2026-01-26 08:04:08 =====
               total        used        free      shared  buff/cache   available
Mem:           503Gi        13Gi        49Gi       140Mi       440Gi       486Gi
Swap:          8.0Gi       585Mi       7.4Gi

===== 2026-01-26 08:04:09 =====
               total        used        free      shared  buff/cache   available
Mem:           503Gi        14Gi        48Gi       140Mi       440Gi       485Gi
Swap:          8.0Gi       585Mi       7.4Gi

===== 2026-01-26 08:04:10 =====
               total        used        free      shared  buff/cache   available
Mem:           503Gi        15Gi        48Gi       140Mi       440Gi       484Gi
Swap:          8.0Gi       585Mi       7.4Gi

===== 2026-01-26 08:04:11 =====
               total        used        free      shared  buff/cache   available
Mem:           503Gi        15Gi        47Gi       140Mi       440Gi       484Gi
Swap:          8.0Gi       585Mi       7.4Gi

===== 2026-01-26 08:04:12 =====
               total        used        free      shared  buff/cache   available
Mem:           503Gi        15Gi        48Gi       140Mi       440Gi       484Gi
Swap:          8.0Gi       585Mi       7.4Gi

===== 2026-01-26 08:04:13 =====
               total        used        free      shared  buff/cache   available
Mem:           503Gi        15Gi        47Gi       140Mi       440Gi       484Gi
Swap:          8.0Gi       585Mi       7.4Gi

===== 2026-01-26 08:04:14 =====
               total        used        free      shared  buff/cache   available
Mem:           503Gi        16Gi        47Gi       140Mi       440Gi       483Gi
Swap:          8.0Gi       585Mi       7.4Gi

===== 2026-01-26 08:04:15 =====
               total        used        free      shared  buff/cache   available
Mem:           503Gi        16Gi        47Gi       140Mi       440Gi       483Gi
Swap:          8.0Gi       585Mi       7.4Gi

===== 2026-01-26 08:04:16 =====
               total        used        free      shared  buff/cache   available
Mem:           503Gi        13Gi        50Gi       147Mi       440Gi       487Gi
Swap:          8.0Gi       585Mi       7.4Gi

===== 2026-01-26 08:04:17 =====
               total        used        free      shared  buff/cache   available
Mem:           503Gi        14Gi        49Gi       148Mi       440Gi       486Gi
Swap:          8.0Gi       585Mi       7.4Gi

===== 2026-01-26 08:04:18 =====
               total        used        free      shared  buff/cache   available
Mem:           503Gi        14Gi        48Gi       148Mi       440Gi       485Gi
Swap:          8.0Gi       585Mi       7.4Gi

===== 2026-01-26 08:04:19 =====
               total        used        free      shared  buff/cache   available
Mem:           503Gi        15Gi        48Gi       148Mi       440Gi       484Gi
Swap:          8.0Gi       585Mi       7.4Gi

===== 2026-01-26 08:04:20 =====
               total        used        free      shared  buff/cache   available
Mem:           503Gi        15Gi        47Gi       148Mi       440Gi       484Gi
Swap:          8.0Gi       585Mi       7.4Gi

===== 2026-01-26 08:04:21 =====
               total        used        free      shared  buff/cache   available
Mem:           503Gi        15Gi        47Gi       148Mi       440Gi       484Gi
Swap:          8.0Gi       585Mi       7.4Gi

===== 2026-01-26 08:04:22 =====
               total        used        free      shared  buff/cache   available
Mem:           503Gi        15Gi        47Gi       148Mi       440Gi       484Gi
Swap:          8.0Gi       585Mi       7.4Gi

===== 2026-01-26 08:04:23 =====
               total        used        free      shared  buff/cache   available
Mem:           503Gi        16Gi        47Gi       148Mi       440Gi       483Gi
Swap:          8.0Gi       585Mi       7.4Gi

===== 2026-01-26 08:04:24 =====
               total        used        free      shared  buff/cache   available
Mem:           503Gi        16Gi        46Gi       148Mi       440Gi       483Gi
Swap:          8.0Gi       585Mi       7.4Gi

===== 2026-01-26 08:04:25 =====
               total        used        free      shared  buff/cache   available
Mem:           503Gi        16Gi        46Gi       155Mi       440Gi       483Gi
Swap:          8.0Gi       585Mi       7.4Gi

===== 2026-01-26 08:04:26 =====
               total        used        free      shared  buff/cache   available
Mem:           503Gi        13Gi        49Gi       155Mi       440Gi       486Gi
Swap:          8.0Gi       585Mi       7.4Gi

===== 2026-01-26 08:04:27 =====
               total        used        free      shared  buff/cache   available
Mem:           503Gi        14Gi        48Gi       156Mi       440Gi       485Gi
Swap:          8.0Gi       585Mi       7.4Gi

===== 2026-01-26 08:04:28 =====
               total        used        free      shared  buff/cache   available
Mem:           503Gi        15Gi        48Gi       156Mi       440Gi       484Gi
Swap:          8.0Gi       585Mi       7.4Gi

===== 2026-01-26 08:04:29 =====
               total        used        free      shared  buff/cache   available
Mem:           503Gi        16Gi        47Gi       156Mi       440Gi       484Gi
Swap:          8.0Gi       585Mi       7.4Gi

===== 2026-01-26 08:04:30 =====
               total        used        free      shared  buff/cache   available
Mem:           503Gi        16Gi        47Gi       156Mi       440Gi       484Gi
Swap:          8.0Gi       585Mi       7.4Gi

===== 2026-01-26 08:04:31 =====
               total        used        free      shared  buff/cache   available
Mem:           503Gi        16Gi        47Gi       156Mi       440Gi       484Gi
Swap:          8.0Gi       585Mi       7.4Gi

===== 2026-01-26 08:04:32 =====
               total        used        free      shared  buff/cache   available
Mem:           503Gi        16Gi        47Gi       156Mi       440Gi       484Gi
Swap:          8.0Gi       585Mi       7.4Gi

===== 2026-01-26 08:04:33 =====
               total        used        free      shared  buff/cache   available
Mem:           503Gi        17Gi        46Gi       156Mi       440Gi       483Gi
Swap:          8.0Gi       585Mi       7.4Gi

===== 2026-01-26 08:04:34 =====
               total        used        free      shared  buff/cache   available
Mem:           503Gi        17Gi        46Gi       156Mi       440Gi       483Gi
Swap:          8.0Gi       585Mi       7.4Gi

===== 2026-01-26 08:04:35 =====
               total        used        free      shared  buff/cache   available
Mem:           503Gi        13Gi        49Gi       164Mi       440Gi       486Gi
Swap:          8.0Gi       585Mi       7.4Gi

===== 2026-01-26 08:04:36 =====
               total        used        free      shared  buff/cache   available
Mem:           503Gi        14Gi        48Gi       164Mi       440Gi       485Gi
Swap:          8.0Gi       585Mi       7.4Gi

===== 2026-01-26 08:04:37 =====
               total        used        free      shared  buff/cache   available
Mem:           503Gi        15Gi        48Gi       164Mi       440Gi       484Gi
Swap:          8.0Gi       585Mi       7.4Gi

===== 2026-01-26 08:04:38 =====
               total        used        free      shared  buff/cache   available
Mem:           503Gi        16Gi        47Gi       164Mi       440Gi       484Gi
Swap:          8.0Gi       585Mi       7.4Gi

===== 2026-01-26 08:04:39 =====
               total        used        free      shared  buff/cache   available
Mem:           503Gi        16Gi        46Gi       164Mi       440Gi       483Gi
Swap:          8.0Gi       585Mi       7.4Gi

===== 2026-01-26 08:04:40 =====
               total        used        free      shared  buff/cache   available
Mem:           503Gi        16Gi        46Gi       164Mi       440Gi       483Gi
Swap:          8.0Gi       585Mi       7.4Gi

===== 2026-01-26 08:04:41 =====
               total        used        free      shared  buff/cache   available
Mem:           503Gi        16Gi        46Gi       164Mi       440Gi       483Gi
Swap:          8.0Gi       585Mi       7.4Gi

===== 2026-01-26 08:04:42 =====
               total        used        free      shared  buff/cache   available
Mem:           503Gi        17Gi        46Gi       164Mi       440Gi       483Gi
Swap:          8.0Gi       585Mi       7.4Gi

===== 2026-01-26 08:04:43 =====
               total        used        free      shared  buff/cache   available
Mem:           503Gi        17Gi        45Gi       164Mi       440Gi       482Gi
Swap:          8.0Gi       585Mi       7.4Gi

===== 2026-01-26 08:04:44 =====
               total        used        free      shared  buff/cache   available
Mem:           503Gi        17Gi        45Gi       171Mi       440Gi       482Gi
Swap:          8.0Gi       585Mi       7.4Gi

===== 2026-01-26 08:04:45 =====
               total        used        free      shared  buff/cache   available
Mem:           503Gi        14Gi        48Gi       172Mi       440Gi       485Gi
Swap:          8.0Gi       585Mi       7.4Gi

===== 2026-01-26 08:04:46 =====
               total        used        free      shared  buff/cache   available
Mem:           503Gi        15Gi        47Gi       172Mi       440Gi       484Gi
Swap:          8.0Gi       585Mi       7.4Gi

===== 2026-01-26 08:04:47 =====
               total        used        free      shared  buff/cache   available
Mem:           503Gi        16Gi        47Gi       172Mi       440Gi       483Gi
Swap:          8.0Gi       585Mi       7.4Gi

===== 2026-01-26 08:04:48 =====
               total        used        free      shared  buff/cache   available
Mem:           503Gi        16Gi        46Gi       172Mi       440Gi       483Gi
Swap:          8.0Gi       585Mi       7.4Gi

===== 2026-01-26 08:04:49 =====
               total        used        free      shared  buff/cache   available
Mem:           503Gi        16Gi        46Gi       172Mi       440Gi       483Gi
Swap:          8.0Gi       585Mi       7.4Gi

===== 2026-01-26 08:04:50 =====
               total        used        free      shared  buff/cache   available
Mem:           503Gi        16Gi        46Gi       172Mi       440Gi       483Gi
Swap:          8.0Gi       585Mi       7.4Gi

===== 2026-01-26 08:04:51 =====
               total        used        free      shared  buff/cache   available
Mem:           503Gi        17Gi        46Gi       172Mi       440Gi       482Gi
Swap:          8.0Gi       585Mi       7.4Gi

===== 2026-01-26 08:04:52 =====
               total        used        free      shared  buff/cache   available
Mem:           503Gi        17Gi        45Gi       172Mi       440Gi       482Gi
Swap:          8.0Gi       585Mi       7.4Gi

===== 2026-01-26 08:04:53 =====
               total        used        free      shared  buff/cache   available
Mem:           503Gi        17Gi        45Gi       172Mi       440Gi       482Gi
Swap:          8.0Gi       585Mi       7.4Gi

===== 2026-01-26 08:04:54 =====
               total        used        free      shared  buff/cache   available
Mem:           503Gi        14Gi        48Gi       180Mi       440Gi       485Gi
Swap:          8.0Gi       585Mi       7.4Gi

===== 2026-01-26 08:04:55 =====
               total        used        free      shared  buff/cache   available
Mem:           503Gi        15Gi        47Gi       180Mi       440Gi       484Gi
Swap:          8.0Gi       585Mi       7.4Gi

===== 2026-01-26 08:04:56 =====
               total        used        free      shared  buff/cache   available
Mem:           503Gi        16Gi        47Gi       180Mi       440Gi       483Gi
Swap:          8.0Gi       585Mi       7.4Gi

===== 2026-01-26 08:04:57 =====
               total        used        free      shared  buff/cache   available
Mem:           503Gi        17Gi        46Gi       180Mi       440Gi       483Gi
Swap:          8.0Gi       585Mi       7.4Gi

===== 2026-01-26 08:04:58 =====
               total        used        free      shared  buff/cache   available
Mem:           503Gi        17Gi        46Gi       180Mi       440Gi       483Gi
Swap:          8.0Gi       585Mi       7.4Gi

===== 2026-01-26 08:04:59 =====
               total        used        free      shared  buff/cache   available
Mem:           503Gi        17Gi        46Gi       180Mi       440Gi       483Gi
Swap:          8.0Gi       585Mi       7.4Gi

===== 2026-01-26 08:05:00 =====
               total        used        free      shared  buff/cache   available
Mem:           503Gi        17Gi        46Gi       180Mi       440Gi       483Gi
Swap:          8.0Gi       585Mi       7.4Gi

===== 2026-01-26 08:05:01 =====
               total        used        free      shared  buff/cache   available
Mem:           503Gi        17Gi        45Gi       180Mi       440Gi       482Gi
Swap:          8.0Gi       585Mi       7.4Gi

===== 2026-01-26 08:05:02 =====
               total        used        free      shared  buff/cache   available
Mem:           503Gi        18Gi        45Gi       180Mi       440Gi       482Gi
Swap:          8.0Gi       585Mi       7.4Gi

===== 2026-01-26 08:05:03 =====
               total        used        free      shared  buff/cache   available
Mem:           503Gi        14Gi        48Gi       187Mi       440Gi       485Gi
Swap:          8.0Gi       585Mi       7.4Gi

===== 2026-01-26 08:05:04 =====
               total        used        free      shared  buff/cache   available
Mem:           503Gi        15Gi        47Gi       188Mi       440Gi       484Gi
Swap:          8.0Gi       585Mi       7.4Gi

===== 2026-01-26 08:05:05 =====
               total        used        free      shared  buff/cache   available
Mem:           503Gi        16Gi        47Gi       188Mi       440Gi       483Gi
Swap:          8.0Gi       585Mi       7.4Gi

===== 2026-01-26 08:05:06 =====
               total        used        free      shared  buff/cache   available
Mem:           503Gi        17Gi        46Gi       188Mi       440Gi       483Gi
Swap:          8.0Gi       585Mi       7.4Gi

===== 2026-01-26 08:05:07 =====
               total        used        free      shared  buff/cache   available
Mem:           503Gi        17Gi        45Gi       188Mi       440Gi       482Gi
Swap:          8.0Gi       585Mi       7.4Gi

===== 2026-01-26 08:05:08 =====
               total        used        free      shared  buff/cache   available
Mem:           503Gi        17Gi        45Gi       188Mi       440Gi       482Gi
Swap:          8.0Gi       585Mi       7.4Gi

===== 2026-01-26 08:05:09 =====
               total        used        free      shared  buff/cache   available
Mem:           503Gi        17Gi        45Gi       188Mi       440Gi       482Gi
Swap:          8.0Gi       585Mi       7.4Gi

===== 2026-01-26 08:05:10 =====
               total        used        free      shared  buff/cache   available
Mem:           503Gi        18Gi        45Gi       188Mi       440Gi       482Gi
Swap:          8.0Gi       585Mi       7.4Gi

===== 2026-01-26 08:05:11 =====
               total        used        free      shared  buff/cache   available
Mem:           503Gi        18Gi        44Gi       188Mi       440Gi       481Gi
Swap:          8.0Gi       585Mi       7.4Gi

===== 2026-01-26 08:05:12 =====
               total        used        free      shared  buff/cache   available
Mem:           503Gi        18Gi        44Gi       196Mi       440Gi       481Gi
Swap:          8.0Gi       585Mi       7.4Gi

===== 2026-01-26 08:05:13 =====
               total        used        free      shared  buff/cache   available
Mem:           503Gi        15Gi        47Gi       196Mi       440Gi       484Gi
Swap:          8.0Gi       585Mi       7.4Gi

===== 2026-01-26 08:05:14 =====
               total        used        free      shared  buff/cache   available
Mem:           503Gi        16Gi        47Gi       196Mi       440Gi       483Gi
Swap:          8.0Gi       585Mi       7.4Gi

===== 2026-01-26 08:05:15 =====
               total        used        free      shared  buff/cache   available
Mem:           503Gi        17Gi        46Gi       196Mi       440Gi       483Gi
Swap:          8.0Gi       585Mi       7.4Gi

===== 2026-01-26 08:05:16 =====
               total        used        free      shared  buff/cache   available
Mem:           503Gi        17Gi        45Gi       196Mi       440Gi       482Gi
Swap:          8.0Gi       585Mi       7.4Gi

===== 2026-01-26 08:05:17 =====
               total        used        free      shared  buff/cache   available
Mem:           503Gi        17Gi        45Gi       196Mi       440Gi       482Gi
Swap:          8.0Gi       585Mi       7.4Gi

===== 2026-01-26 08:05:18 =====
               total        used        free      shared  buff/cache   available
Mem:           503Gi        17Gi        45Gi       196Mi       440Gi       482Gi
Swap:          8.0Gi       585Mi       7.4Gi

===== 2026-01-26 08:05:19 =====
               total        used        free      shared  buff/cache   available
Mem:           503Gi        17Gi        45Gi       196Mi       440Gi       482Gi
Swap:          8.0Gi       585Mi       7.4Gi

===== 2026-01-26 08:05:20 =====
               total        used        free      shared  buff/cache   available
Mem:           503Gi        18Gi        45Gi       196Mi       440Gi       482Gi
Swap:          8.0Gi       585Mi       7.4Gi

===== 2026-01-26 08:05:21 =====
               total        used        free      shared  buff/cache   available
Mem:           503Gi        18Gi        44Gi       196Mi       440Gi       481Gi
Swap:          8.0Gi       585Mi       7.4Gi

===== 2026-01-26 08:05:22 =====
               total        used        free      shared  buff/cache   available
Mem:           503Gi        18Gi        44Gi       196Mi       440Gi       481Gi
Swap:          8.0Gi       585Mi       7.4Gi

===== 2026-01-26 08:05:23 =====
               total        used        free      shared  buff/cache   available
Mem:           503Gi        15Gi        48Gi       204Mi       440Gi       484Gi
Swap:          8.0Gi       585Mi       7.4Gi

===== 2026-01-26 08:05:24 =====
               total        used        free      shared  buff/cache   available
Mem:           503Gi        16Gi        47Gi       298Mi       440Gi       483Gi
Swap:          8.0Gi       585Mi       7.4Gi

===== 2026-01-26 08:05:25 =====
               total        used        free      shared  buff/cache   available
Mem:           503Gi        16Gi        46Gi       470Mi       440Gi       483Gi
Swap:          8.0Gi       585Mi       7.4Gi

===== 2026-01-26 08:05:26 =====
               total        used        free      shared  buff/cache   available
Mem:           503Gi        17Gi        45Gi       642Mi       440Gi       482Gi
Swap:          8.0Gi       585Mi       7.4Gi

===== 2026-01-26 08:05:27 =====
               total        used        free      shared  buff/cache   available
Mem:           503Gi        18Gi        44Gi       814Mi       440Gi       481Gi
Swap:          8.0Gi       585Mi       7.4Gi

===== 2026-01-26 08:05:28 =====
               total        used        free      shared  buff/cache   available
Mem:           503Gi        20Gi        42Gi       892Mi       440Gi       479Gi
Swap:          8.0Gi       585Mi       7.4Gi

===== 2026-01-26 08:05:29 =====
               total        used        free      shared  buff/cache   available
Mem:           503Gi        20Gi        42Gi       892Mi       440Gi       479Gi
Swap:          8.0Gi       585Mi       7.4Gi

===== 2026-01-26 08:05:30 =====
               total        used        free      shared  buff/cache   available
Mem:           503Gi        20Gi        42Gi       892Mi       440Gi       479Gi
Swap:          8.0Gi       585Mi       7.4Gi

===== 2026-01-26 08:05:31 =====
               total        used        free      shared  buff/cache   available
Mem:           503Gi        20Gi        42Gi       892Mi       440Gi       479Gi
Swap:          8.0Gi       585Mi       7.4Gi

===== 2026-01-26 08:05:32 =====
               total        used        free      shared  buff/cache   available
Mem:           503Gi        20Gi        42Gi       892Mi       440Gi       479Gi
Swap:          8.0Gi       585Mi       7.4Gi

===== 2026-01-26 08:05:33 =====
               total        used        free      shared  buff/cache   available
Mem:           503Gi        20Gi        42Gi       892Mi       440Gi       479Gi
Swap:          8.0Gi       585Mi       7.4Gi

===== 2026-01-26 08:05:34 =====
               total        used        free      shared  buff/cache   available
Mem:           503Gi        20Gi        42Gi       892Mi       440Gi       479Gi
Swap:          8.0Gi       585Mi       7.4Gi

===== 2026-01-26 08:05:35 =====
               total        used        free      shared  buff/cache   available
Mem:           503Gi        17Gi        45Gi       892Mi       440Gi       482Gi
Swap:          8.0Gi       585Mi       7.4Gi

===== 2026-01-26 08:05:36 =====
               total        used        free      shared  buff/cache   available
Mem:           503Gi        17Gi        45Gi       1.2Gi       441Gi       481Gi
Swap:          8.0Gi       585Mi       7.4Gi

===== 2026-01-26 08:05:37 =====
               total        used        free      shared  buff/cache   available
Mem:           503Gi        17Gi        45Gi       617Mi       440Gi       481Gi
Swap:          8.0Gi       585Mi       7.4Gi

===== 2026-01-26 08:05:38 =====
               total        used        free      shared  buff/cache   available
Mem:           503Gi        18Gi        45Gi       604Mi       440Gi       481Gi
Swap:          8.0Gi       585Mi       7.4Gi

===== 2026-01-26 08:05:39 =====
               total        used        free      shared  buff/cache   available
Mem:           503Gi        14Gi        49Gi       315Mi       440Gi       486Gi
Swap:          8.0Gi       585Mi       7.4Gi

===== 2026-01-26 08:05:40 =====
               total        used        free      shared  buff/cache   available
Mem:           503Gi       9.0Gi        54Gi       140Mi       440Gi       491Gi
Swap:          8.0Gi       585Mi       7.4Gi

===== 2026-01-26 08:05:41 =====
               total        used        free      shared  buff/cache   available
Mem:           503Gi       8.6Gi        54Gi       140Mi       440Gi       491Gi
Swap:          8.0Gi       585Mi       7.4Gi

===== 2026-01-26 08:05:42 =====
               total        used        free      shared  buff/cache   available
Mem:           503Gi       8.6Gi        54Gi       140Mi       440Gi       491Gi
Swap:          8.0Gi       585Mi       7.4Gi

===== 2026-01-26 08:05:43 =====
               total        used        free      shared  buff/cache   available
Mem:           503Gi       8.6Gi        54Gi       140Mi       440Gi       491Gi
Swap:          8.0Gi       585Mi       7.4Gi

===== 2026-01-26 08:05:44 =====
               total        used        free      shared  buff/cache   available
Mem:           503Gi       8.6Gi        54Gi       140Mi       440Gi       491Gi
Swap:          8.0Gi       585Mi       7.4Gi

===== 2026-01-26 08:05:45 =====
               total        used        free      shared  buff/cache   available
Mem:           503Gi       8.6Gi        54Gi       140Mi       440Gi       491Gi
Swap:          8.0Gi       585Mi       7.4Gi

===== 2026-01-26 08:05:46 =====
               total        used        free      shared  buff/cache   available
Mem:           503Gi       8.6Gi        54Gi       140Mi       440Gi       491Gi
Swap:          8.0Gi       585Mi       7.4Gi

===== 2026-01-26 08:05:47 =====
               total        used        free      shared  buff/cache   available
Mem:           503Gi       8.6Gi        54Gi       140Mi       440Gi       491Gi
Swap:          8.0Gi       585Mi       7.4Gi

===== 2026-01-26 08:05:48 =====
               total        used        free      shared  buff/cache   available
Mem:           503Gi       8.6Gi        54Gi       140Mi       440Gi       491Gi
Swap:          8.0Gi       585Mi       7.4Gi

===== 2026-01-26 08:05:49 =====
               total        used        free      shared  buff/cache   available
Mem:           503Gi       8.7Gi        54Gi       140Mi       440Gi       491Gi
Swap:          8.0Gi       585Mi       7.4Gi

===== 2026-01-26 08:05:50 =====
               total        used        free      shared  buff/cache   available
Mem:           503Gi       9.6Gi        53Gi       140Mi       440Gi       490Gi
Swap:          8.0Gi       585Mi       7.4Gi

===== 2026-01-26 08:05:51 =====
               total        used        free      shared  buff/cache   available
Mem:           503Gi        10Gi        53Gi       140Mi       440Gi       489Gi
Swap:          8.0Gi       585Mi       7.4Gi

===== 2026-01-26 08:05:52 =====
               total        used        free      shared  buff/cache   available
Mem:           503Gi        11Gi        52Gi       140Mi       440Gi       488Gi
Swap:          8.0Gi       585Mi       7.4Gi

===== 2026-01-26 08:05:53 =====
               total        used        free      shared  buff/cache   available
Mem:           503Gi        11Gi        51Gi       140Mi       440Gi       488Gi
Swap:          8.0Gi       585Mi       7.4Gi

===== 2026-01-26 08:05:54 =====
               total        used        free      shared  buff/cache   available
Mem:           503Gi        11Gi        51Gi       140Mi       440Gi       488Gi
Swap:          8.0Gi       585Mi       7.4Gi

===== 2026-01-26 08:05:55 =====
               total        used        free      shared  buff/cache   available
Mem:           503Gi        11Gi        51Gi       140Mi       440Gi       488Gi
Swap:          8.0Gi       585Mi       7.4Gi

===== 2026-01-26 08:05:56 =====
               total        used        free      shared  buff/cache   available
Mem:           503Gi        13Gi        50Gi       140Mi       440Gi       487Gi
Swap:          8.0Gi       585Mi       7.4Gi

===== 2026-01-26 08:05:57 =====
               total        used        free      shared  buff/cache   available
Mem:           503Gi        13Gi        49Gi       140Mi       440Gi       486Gi
Swap:          8.0Gi       585Mi       7.4Gi

===== 2026-01-26 08:05:58 =====
               total        used        free      shared  buff/cache   available
Mem:           503Gi        14Gi        48Gi       140Mi       440Gi       485Gi
Swap:          8.0Gi       585Mi       7.4Gi

===== 2026-01-26 08:05:59 =====
               total        used        free      shared  buff/cache   available
Mem:           503Gi        15Gi        48Gi       140Mi       440Gi       484Gi
Swap:          8.0Gi       585Mi       7.4Gi

===== 2026-01-26 08:06:00 =====
               total        used        free      shared  buff/cache   available
Mem:           503Gi        15Gi        48Gi       140Mi       440Gi       484Gi
Swap:          8.0Gi       585Mi       7.4Gi

===== 2026-01-26 08:06:01 =====
               total        used        free      shared  buff/cache   available
Mem:           503Gi        15Gi        47Gi       140Mi       440Gi       484Gi
Swap:          8.0Gi       585Mi       7.4Gi

===== 2026-01-26 08:06:02 =====
               total        used        free      shared  buff/cache   available
Mem:           503Gi        15Gi        48Gi       140Mi       440Gi       484Gi
Swap:          8.0Gi       585Mi       7.4Gi

===== 2026-01-26 08:06:03 =====
               total        used        free      shared  buff/cache   available
Mem:           503Gi        16Gi        47Gi       140Mi       440Gi       483Gi
Swap:          8.0Gi       585Mi       7.4Gi

===== 2026-01-26 08:06:04 =====
               total        used        free      shared  buff/cache   available
Mem:           503Gi        16Gi        47Gi       140Mi       440Gi       483Gi
Swap:          8.0Gi       585Mi       7.4Gi

===== 2026-01-26 08:06:05 =====
               total        used        free      shared  buff/cache   available
Mem:           503Gi        13Gi        49Gi       148Mi       440Gi       486Gi
Swap:          8.0Gi       585Mi       7.4Gi

===== 2026-01-26 08:06:06 =====
               total        used        free      shared  buff/cache   available
Mem:           503Gi        13Gi        49Gi       148Mi       440Gi       486Gi
Swap:          8.0Gi       585Mi       7.4Gi

===== 2026-01-26 08:06:07 =====
               total        used        free      shared  buff/cache   available
Mem:           503Gi        14Gi        48Gi       148Mi       440Gi       485Gi
Swap:          8.0Gi       585Mi       7.4Gi

===== 2026-01-26 08:06:08 =====
               total        used        free      shared  buff/cache   available
Mem:           503Gi        15Gi        48Gi       148Mi       440Gi       484Gi
Swap:          8.0Gi       585Mi       7.4Gi

===== 2026-01-26 08:06:09 =====
               total        used        free      shared  buff/cache   available
Mem:           503Gi        15Gi        47Gi       148Mi       440Gi       484Gi
Swap:          8.0Gi       585Mi       7.4Gi

===== 2026-01-26 08:06:10 =====
               total        used        free      shared  buff/cache   available
Mem:           503Gi        15Gi        47Gi       148Mi       440Gi       484Gi
Swap:          8.0Gi       585Mi       7.4Gi

===== 2026-01-26 08:06:11 =====
               total        used        free      shared  buff/cache   available
Mem:           503Gi        15Gi        47Gi       148Mi       440Gi       484Gi
Swap:          8.0Gi       585Mi       7.4Gi

===== 2026-01-26 08:06:12 =====
               total        used        free      shared  buff/cache   available
Mem:           503Gi        15Gi        47Gi       148Mi       440Gi       484Gi
Swap:          8.0Gi       585Mi       7.4Gi

===== 2026-01-26 08:06:13 =====
               total        used        free      shared  buff/cache   available
Mem:           503Gi        16Gi        46Gi       148Mi       440Gi       483Gi
Swap:          8.0Gi       585Mi       7.4Gi

===== 2026-01-26 08:06:14 =====
               total        used        free      shared  buff/cache   available
Mem:           503Gi        16Gi        46Gi       148Mi       440Gi       483Gi
Swap:          8.0Gi       585Mi       7.4Gi

===== 2026-01-26 08:06:15 =====
               total        used        free      shared  buff/cache   available
Mem:           503Gi        16Gi        47Gi       155Mi       440Gi       484Gi
Swap:          8.0Gi       585Mi       7.4Gi

===== 2026-01-26 08:06:16 =====
               total        used        free      shared  buff/cache   available
Mem:           503Gi        14Gi        49Gi       156Mi       440Gi       486Gi
Swap:          8.0Gi       585Mi       7.4Gi

===== 2026-01-26 08:06:17 =====
               total        used        free      shared  buff/cache   available
Mem:           503Gi        14Gi        48Gi       156Mi       440Gi       485Gi
Swap:          8.0Gi       585Mi       7.4Gi

===== 2026-01-26 08:06:18 =====
               total        used        free      shared  buff/cache   available
Mem:           503Gi        15Gi        47Gi       156Mi       440Gi       484Gi
Swap:          8.0Gi       585Mi       7.4Gi

===== 2026-01-26 08:06:19 =====
               total        used        free      shared  buff/cache   available
Mem:           503Gi        16Gi        47Gi       156Mi       440Gi       484Gi
Swap:          8.0Gi       585Mi       7.4Gi

===== 2026-01-26 08:06:20 =====
               total        used        free      shared  buff/cache   available
Mem:           503Gi        16Gi        47Gi       156Mi       440Gi       484Gi
Swap:          8.0Gi       585Mi       7.4Gi

===== 2026-01-26 08:06:21 =====
               total        used        free      shared  buff/cache   available
Mem:           503Gi        16Gi        47Gi       156Mi       440Gi       484Gi
Swap:          8.0Gi       585Mi       7.4Gi

===== 2026-01-26 08:06:22 =====
               total        used        free      shared  buff/cache   available
Mem:           503Gi        16Gi        47Gi       156Mi       440Gi       483Gi
Swap:          8.0Gi       585Mi       7.4Gi

===== 2026-01-26 08:06:23 =====
               total        used        free      shared  buff/cache   available
Mem:           503Gi        17Gi        46Gi       156Mi       440Gi       483Gi
Swap:          8.0Gi       585Mi       7.4Gi

===== 2026-01-26 08:06:24 =====
               total        used        free      shared  buff/cache   available
Mem:           503Gi        17Gi        46Gi       156Mi       440Gi       483Gi
Swap:          8.0Gi       585Mi       7.4Gi

===== 2026-01-26 08:06:25 =====
               total        used        free      shared  buff/cache   available
Mem:           503Gi        14Gi        49Gi       164Mi       440Gi       486Gi
Swap:          8.0Gi       585Mi       7.4Gi

===== 2026-01-26 08:06:26 =====
               total        used        free      shared  buff/cache   available
Mem:           503Gi        14Gi        48Gi       164Mi       440Gi       485Gi
Swap:          8.0Gi       585Mi       7.4Gi

===== 2026-01-26 08:06:27 =====
               total        used        free      shared  buff/cache   available
Mem:           503Gi        15Gi        47Gi       164Mi       440Gi       484Gi
Swap:          8.0Gi       585Mi       7.4Gi

===== 2026-01-26 08:06:28 =====
               total        used        free      shared  buff/cache   available
Mem:           503Gi        16Gi        47Gi       164Mi       440Gi       483Gi
Swap:          8.0Gi       585Mi       7.4Gi

===== 2026-01-26 08:06:29 =====
               total        used        free      shared  buff/cache   available
Mem:           503Gi        16Gi        46Gi       164Mi       440Gi       483Gi
Swap:          8.0Gi       585Mi       7.4Gi

===== 2026-01-26 08:06:30 =====
               total        used        free      shared  buff/cache   available
Mem:           503Gi        16Gi        46Gi       164Mi       440Gi       483Gi
Swap:          8.0Gi       585Mi       7.4Gi

===== 2026-01-26 08:06:31 =====
               total        used        free      shared  buff/cache   available
Mem:           503Gi        16Gi        46Gi       164Mi       440Gi       483Gi
Swap:          8.0Gi       585Mi       7.4Gi

===== 2026-01-26 08:06:32 =====
               total        used        free      shared  buff/cache   available
Mem:           503Gi        16Gi        46Gi       164Mi       440Gi       483Gi
Swap:          8.0Gi       585Mi       7.4Gi

===== 2026-01-26 08:06:33 =====
               total        used        free      shared  buff/cache   available
Mem:           503Gi        17Gi        46Gi       164Mi       440Gi       482Gi
Swap:          8.0Gi       585Mi       7.4Gi

===== 2026-01-26 08:06:34 =====
               total        used        free      shared  buff/cache   available
Mem:           503Gi        17Gi        46Gi       164Mi       440Gi       482Gi
Swap:          8.0Gi       585Mi       7.4Gi

===== 2026-01-26 08:06:35 =====
               total        used        free      shared  buff/cache   available
Mem:           503Gi        14Gi        49Gi       171Mi       440Gi       486Gi
Swap:          8.0Gi       585Mi       7.4Gi

===== 2026-01-26 08:06:36 =====
               total        used        free      shared  buff/cache   available
Mem:           503Gi        15Gi        48Gi       172Mi       440Gi       485Gi
Swap:          8.0Gi       585Mi       7.4Gi

===== 2026-01-26 08:06:37 =====
               total        used        free      shared  buff/cache   available
Mem:           503Gi        15Gi        47Gi       172Mi       440Gi       484Gi
Swap:          8.0Gi       585Mi       7.4Gi

===== 2026-01-26 08:06:38 =====
               total        used        free      shared  buff/cache   available
Mem:           503Gi        16Gi        46Gi       172Mi       440Gi       483Gi
Swap:          8.0Gi       585Mi       7.4Gi

===== 2026-01-26 08:06:39 =====
               total        used        free      shared  buff/cache   available
Mem:           503Gi        16Gi        46Gi       172Mi       440Gi       483Gi
Swap:          8.0Gi       585Mi       7.4Gi

===== 2026-01-26 08:06:40 =====
               total        used        free      shared  buff/cache   available
Mem:           503Gi        16Gi        46Gi       172Mi       440Gi       483Gi
Swap:          8.0Gi       585Mi       7.4Gi

===== 2026-01-26 08:06:41 =====
               total        used        free      shared  buff/cache   available
Mem:           503Gi        16Gi        46Gi       172Mi       440Gi       483Gi
Swap:          8.0Gi       585Mi       7.4Gi

===== 2026-01-26 08:06:42 =====
               total        used        free      shared  buff/cache   available
Mem:           503Gi        16Gi        46Gi       172Mi       440Gi       483Gi
Swap:          8.0Gi       585Mi       7.4Gi

===== 2026-01-26 08:06:43 =====
               total        used        free      shared  buff/cache   available
Mem:           503Gi        17Gi        45Gi       172Mi       440Gi       482Gi
Swap:          8.0Gi       585Mi       7.4Gi

===== 2026-01-26 08:06:44 =====
               total        used        free      shared  buff/cache   available
Mem:           503Gi        17Gi        45Gi       172Mi       440Gi       482Gi
Swap:          8.0Gi       585Mi       7.4Gi

===== 2026-01-26 08:06:45 =====
               total        used        free      shared  buff/cache   available
Mem:           503Gi        16Gi        47Gi       180Mi       440Gi       483Gi
Swap:          8.0Gi       585Mi       7.4Gi

===== 2026-01-26 08:06:46 =====
               total        used        free      shared  buff/cache   available
Mem:           503Gi        15Gi        48Gi       180Mi       440Gi       485Gi
Swap:          8.0Gi       585Mi       7.4Gi

===== 2026-01-26 08:06:47 =====
               total        used        free      shared  buff/cache   available
Mem:           503Gi        15Gi        47Gi       180Mi       440Gi       484Gi
Swap:          8.0Gi       585Mi       7.4Gi

===== 2026-01-26 08:06:48 =====
               total        used        free      shared  buff/cache   available
Mem:           503Gi        16Gi        46Gi       180Mi       440Gi       483Gi
Swap:          8.0Gi       585Mi       7.4Gi

===== 2026-01-26 08:06:49 =====
               total        used        free      shared  buff/cache   available
Mem:           503Gi        17Gi        46Gi       180Mi       440Gi       483Gi
Swap:          8.0Gi       585Mi       7.4Gi

===== 2026-01-26 08:06:50 =====
               total        used        free      shared  buff/cache   available
Mem:           503Gi        17Gi        46Gi       180Mi       440Gi       483Gi
Swap:          8.0Gi       585Mi       7.4Gi

===== 2026-01-26 08:06:51 =====
               total        used        free      shared  buff/cache   available
Mem:           503Gi        17Gi        46Gi       180Mi       440Gi       483Gi
Swap:          8.0Gi       585Mi       7.4Gi

===== 2026-01-26 08:06:52 =====
               total        used        free      shared  buff/cache   available
Mem:           503Gi        17Gi        45Gi       180Mi       440Gi       482Gi
Swap:          8.0Gi       585Mi       7.4Gi

===== 2026-01-26 08:06:53 =====
               total        used        free      shared  buff/cache   available
Mem:           503Gi        18Gi        45Gi       180Mi       440Gi       482Gi
Swap:          8.0Gi       585Mi       7.4Gi

===== 2026-01-26 08:06:54 =====
               total        used        free      shared  buff/cache   available
Mem:           503Gi        18Gi        45Gi       187Mi       440Gi       481Gi
Swap:          8.0Gi       585Mi       7.4Gi

===== 2026-01-26 08:06:55 =====
               total        used        free      shared  buff/cache   available
Mem:           503Gi        15Gi        48Gi       188Mi       440Gi       484Gi
Swap:          8.0Gi       585Mi       7.4Gi

===== 2026-01-26 08:06:56 =====
               total        used        free      shared  buff/cache   available
Mem:           503Gi        16Gi        47Gi       188Mi       440Gi       484Gi
Swap:          8.0Gi       585Mi       7.4Gi

===== 2026-01-26 08:06:57 =====
               total        used        free      shared  buff/cache   available
Mem:           503Gi        16Gi        46Gi       188Mi       440Gi       483Gi
Swap:          8.0Gi       585Mi       7.4Gi

===== 2026-01-26 08:06:58 =====
               total        used        free      shared  buff/cache   available
Mem:           503Gi        17Gi        45Gi       188Mi       440Gi       482Gi
Swap:          8.0Gi       585Mi       7.4Gi

===== 2026-01-26 08:06:59 =====
               total        used        free      shared  buff/cache   available
Mem:           503Gi        17Gi        45Gi       188Mi       440Gi       482Gi
Swap:          8.0Gi       585Mi       7.4Gi

===== 2026-01-26 08:07:00 =====
               total        used        free      shared  buff/cache   available
Mem:           503Gi        17Gi        45Gi       188Mi       440Gi       482Gi
Swap:          8.0Gi       585Mi       7.4Gi

===== 2026-01-26 08:07:01 =====
               total        used        free      shared  buff/cache   available
Mem:           503Gi        17Gi        45Gi       188Mi       440Gi       482Gi
Swap:          8.0Gi       585Mi       7.4Gi

===== 2026-01-26 08:07:02 =====
               total        used        free      shared  buff/cache   available
Mem:           503Gi        18Gi        45Gi       188Mi       440Gi       481Gi
Swap:          8.0Gi       585Mi       7.4Gi

===== 2026-01-26 08:07:03 =====
               total        used        free      shared  buff/cache   available
Mem:           503Gi        18Gi        44Gi       188Mi       440Gi       481Gi
Swap:          8.0Gi       585Mi       7.4Gi

===== 2026-01-26 08:07:04 =====
               total        used        free      shared  buff/cache   available
Mem:           503Gi        15Gi        48Gi       196Mi       440Gi       485Gi
Swap:          8.0Gi       585Mi       7.4Gi

===== 2026-01-26 08:07:05 =====
               total        used        free      shared  buff/cache   available
Mem:           503Gi        15Gi        47Gi       196Mi       440Gi       484Gi
Swap:          8.0Gi       585Mi       7.4Gi

===== 2026-01-26 08:07:06 =====
               total        used        free      shared  buff/cache   available
Mem:           503Gi        16Gi        46Gi       196Mi       440Gi       483Gi
Swap:          8.0Gi       585Mi       7.4Gi

===== 2026-01-26 08:07:07 =====
               total        used        free      shared  buff/cache   available
Mem:           503Gi        17Gi        46Gi       196Mi       440Gi       482Gi
Swap:          8.0Gi       585Mi       7.4Gi

===== 2026-01-26 08:07:09 =====
               total        used        free      shared  buff/cache   available
Mem:           503Gi        17Gi        45Gi       196Mi       440Gi       482Gi
Swap:          8.0Gi       585Mi       7.4Gi

===== 2026-01-26 08:07:10 =====
               total        used        free      shared  buff/cache   available
Mem:           503Gi        17Gi        45Gi       196Mi       440Gi       482Gi
Swap:          8.0Gi       585Mi       7.4Gi

===== 2026-01-26 08:07:11 =====
               total        used        free      shared  buff/cache   available
Mem:           503Gi        17Gi        45Gi       196Mi       440Gi       482Gi
Swap:          8.0Gi       585Mi       7.4Gi

===== 2026-01-26 08:07:12 =====
               total        used        free      shared  buff/cache   available
Mem:           503Gi        18Gi        45Gi       196Mi       440Gi       481Gi
Swap:          8.0Gi       585Mi       7.4Gi

===== 2026-01-26 08:07:13 =====
               total        used        free      shared  buff/cache   available
Mem:           503Gi        18Gi        44Gi       196Mi       440Gi       481Gi
Swap:          8.0Gi       585Mi       7.4Gi

===== 2026-01-26 08:07:14 =====
               total        used        free      shared  buff/cache   available
Mem:           503Gi        18Gi        44Gi       204Mi       440Gi       481Gi
Swap:          8.0Gi       585Mi       7.4Gi

===== 2026-01-26 08:07:15 =====
               total        used        free      shared  buff/cache   available
Mem:           503Gi        15Gi        47Gi       204Mi       440Gi       484Gi
Swap:          8.0Gi       585Mi       7.4Gi

===== 2026-01-26 08:07:16 =====
               total        used        free      shared  buff/cache   available
Mem:           503Gi        16Gi        46Gi       384Mi       440Gi       483Gi
Swap:          8.0Gi       585Mi       7.4Gi

===== 2026-01-26 08:07:17 =====
               total        used        free      shared  buff/cache   available
Mem:           503Gi        17Gi        45Gi       556Mi       440Gi       482Gi
Swap:          8.0Gi       585Mi       7.4Gi

===== 2026-01-26 08:07:18 =====
               total        used        free      shared  buff/cache   available
Mem:           503Gi        18Gi        44Gi       730Mi       440Gi       481Gi
Swap:          8.0Gi       585Mi       7.4Gi

===== 2026-01-26 08:07:19 =====
               total        used        free      shared  buff/cache   available
Mem:           503Gi        18Gi        43Gi       892Mi       440Gi       480Gi
Swap:          8.0Gi       585Mi       7.4Gi

===== 2026-01-26 08:07:20 =====
               total        used        free      shared  buff/cache   available
Mem:           503Gi        20Gi        42Gi       892Mi       440Gi       479Gi
Swap:          8.0Gi       585Mi       7.4Gi

===== 2026-01-26 08:07:21 =====
               total        used        free      shared  buff/cache   available
Mem:           503Gi        20Gi        42Gi       892Mi       440Gi       479Gi
Swap:          8.0Gi       585Mi       7.4Gi

===== 2026-01-26 08:07:22 =====
               total        used        free      shared  buff/cache   available
Mem:           503Gi        20Gi        42Gi       892Mi       440Gi       479Gi
Swap:          8.0Gi       585Mi       7.4Gi

===== 2026-01-26 08:07:23 =====
               total        used        free      shared  buff/cache   available
Mem:           503Gi        20Gi        42Gi       892Mi       440Gi       479Gi
Swap:          8.0Gi       585Mi       7.4Gi

===== 2026-01-26 08:07:24 =====
               total        used        free      shared  buff/cache   available
Mem:           503Gi        20Gi        42Gi       892Mi       440Gi       479Gi
Swap:          8.0Gi       585Mi       7.4Gi

===== 2026-01-26 08:07:25 =====
               total        used        free      shared  buff/cache   available
Mem:           503Gi        20Gi        42Gi       892Mi       440Gi       479Gi
Swap:          8.0Gi       585Mi       7.4Gi

===== 2026-01-26 08:07:26 =====
               total        used        free      shared  buff/cache   available
Mem:           503Gi        20Gi        42Gi       892Mi       440Gi       479Gi
Swap:          8.0Gi       585Mi       7.4Gi

===== 2026-01-26 08:07:27 =====
               total        used        free      shared  buff/cache   available
Mem:           503Gi        20Gi        42Gi       892Mi       440Gi       479Gi
Swap:          8.0Gi       585Mi       7.4Gi

===== 2026-01-26 08:07:28 =====
               total        used        free      shared  buff/cache   available
Mem:           503Gi        20Gi        42Gi       892Mi       440Gi       479Gi
Swap:          8.0Gi       585Mi       7.4Gi

===== 2026-01-26 08:07:29 =====
               total        used        free      shared  buff/cache   available
Mem:           503Gi        20Gi        42Gi       892Mi       440Gi       479Gi
Swap:          8.0Gi       585Mi       7.4Gi

===== 2026-01-26 08:07:30 =====
               total        used        free      shared  buff/cache   available
Mem:           503Gi        20Gi        42Gi       892Mi       440Gi       479Gi
Swap:          8.0Gi       585Mi       7.4Gi

===== 2026-01-26 08:07:31 =====
               total        used        free      shared  buff/cache   available
Mem:           503Gi        17Gi        45Gi       891Mi       440Gi       482Gi
Swap:          8.0Gi       585Mi       7.4Gi

===== 2026-01-26 08:07:32 =====
               total        used        free      shared  buff/cache   available
Mem:           503Gi        17Gi        45Gi       891Mi       440Gi       482Gi
Swap:          8.0Gi       585Mi       7.4Gi

===== 2026-01-26 08:07:33 =====
               total        used        free      shared  buff/cache   available
Mem:           503Gi        17Gi        45Gi       587Mi       440Gi       481Gi
Swap:          8.0Gi       585Mi       7.4Gi

===== 2026-01-26 08:07:34 =====
               total        used        free      shared  buff/cache   available
Mem:           503Gi        17Gi        45Gi       332Mi       440Gi       482Gi
Swap:          8.0Gi       585Mi       7.4Gi

===== 2026-01-26 08:07:35 =====
               total        used        free      shared  buff/cache   available
Mem:           503Gi        10Gi        52Gi       267Mi       440Gi       489Gi
Swap:          8.0Gi       585Mi       7.4Gi

===== 2026-01-26 08:07:36 =====
               total        used        free      shared  buff/cache   available
Mem:           503Gi       8.8Gi        54Gi       140Mi       440Gi       491Gi
Swap:          8.0Gi       585Mi       7.4Gi

===== 2026-01-26 08:07:37 =====
               total        used        free      shared  buff/cache   available
Mem:           503Gi       8.6Gi        54Gi       140Mi       440Gi       491Gi
Swap:          8.0Gi       585Mi       7.4Gi

===== 2026-01-26 08:07:38 =====
               total        used        free      shared  buff/cache   available
Mem:           503Gi       8.6Gi        54Gi       140Mi       440Gi       491Gi
Swap:          8.0Gi       585Mi       7.4Gi

===== 2026-01-26 08:07:39 =====
               total        used        free      shared  buff/cache   available
Mem:           503Gi       8.6Gi        54Gi       140Mi       440Gi       491Gi
Swap:          8.0Gi       585Mi       7.4Gi

===== 2026-01-26 08:07:40 =====
               total        used        free      shared  buff/cache   available
Mem:           503Gi       8.6Gi        54Gi       140Mi       440Gi       491Gi
Swap:          8.0Gi       585Mi       7.4Gi

===== 2026-01-26 08:07:41 =====
               total        used        free      shared  buff/cache   available
Mem:           503Gi       8.6Gi        54Gi       140Mi       440Gi       491Gi
Swap:          8.0Gi       585Mi       7.4Gi

===== 2026-01-26 08:07:42 =====
               total        used        free      shared  buff/cache   available
Mem:           503Gi       8.6Gi        54Gi       140Mi       440Gi       491Gi
Swap:          8.0Gi       585Mi       7.4Gi

===== 2026-01-26 08:07:43 =====
               total        used        free      shared  buff/cache   available
Mem:           503Gi       8.6Gi        54Gi       140Mi       440Gi       491Gi
Swap:          8.0Gi       585Mi       7.4Gi

===== 2026-01-26 08:07:44 =====
               total        used        free      shared  buff/cache   available
Mem:           503Gi       8.6Gi        54Gi       140Mi       440Gi       491Gi
Swap:          8.0Gi       585Mi       7.4Gi

===== 2026-01-26 08:07:45 =====
               total        used        free      shared  buff/cache   available
Mem:           503Gi       8.8Gi        54Gi       140Mi       440Gi       491Gi
Swap:          8.0Gi       585Mi       7.4Gi

===== 2026-01-26 08:07:46 =====
               total        used        free      shared  buff/cache   available
Mem:           503Gi        10Gi        53Gi       140Mi       440Gi       490Gi
Swap:          8.0Gi       585Mi       7.4Gi

===== 2026-01-26 08:07:47 =====
               total        used        free      shared  buff/cache   available
Mem:           503Gi        10Gi        52Gi       140Mi       440Gi       489Gi
Swap:          8.0Gi       585Mi       7.4Gi

===== 2026-01-26 08:07:48 =====
               total        used        free      shared  buff/cache   available
Mem:           503Gi        11Gi        51Gi       140Mi       440Gi       488Gi
Swap:          8.0Gi       585Mi       7.4Gi

===== 2026-01-26 08:07:49 =====
               total        used        free      shared  buff/cache   available
Mem:           503Gi        11Gi        51Gi       140Mi       440Gi       488Gi
Swap:          8.0Gi       585Mi       7.4Gi

===== 2026-01-26 08:07:50 =====
               total        used        free      shared  buff/cache   available
Mem:           503Gi        11Gi        51Gi       140Mi       440Gi       488Gi
Swap:          8.0Gi       585Mi       7.4Gi

===== 2026-01-26 08:07:51 =====
               total        used        free      shared  buff/cache   available
Mem:           503Gi        12Gi        50Gi       140Mi       440Gi       487Gi
Swap:          8.0Gi       585Mi       7.4Gi

===== 2026-01-26 08:07:52 =====
               total        used        free      shared  buff/cache   available
Mem:           503Gi        13Gi        49Gi       140Mi       440Gi       486Gi
Swap:          8.0Gi       585Mi       7.4Gi

===== 2026-01-26 08:07:53 =====
               total        used        free      shared  buff/cache   available
Mem:           503Gi        14Gi        49Gi       140Mi       440Gi       486Gi
Swap:          8.0Gi       585Mi       7.4Gi

===== 2026-01-26 08:07:54 =====
               total        used        free      shared  buff/cache   available
Mem:           503Gi        14Gi        48Gi       140Mi       440Gi       485Gi
Swap:          8.0Gi       585Mi       7.4Gi

===== 2026-01-26 08:07:55 =====
               total        used        free      shared  buff/cache   available
Mem:           503Gi        15Gi        47Gi       140Mi       440Gi       484Gi
Swap:          8.0Gi       585Mi       7.4Gi

===== 2026-01-26 08:07:56 =====
               total        used        free      shared  buff/cache   available
Mem:           503Gi        15Gi        47Gi       140Mi       440Gi       484Gi
Swap:          8.0Gi       585Mi       7.4Gi

===== 2026-01-26 08:07:57 =====
               total        used        free      shared  buff/cache   available
Mem:           503Gi        15Gi        47Gi       140Mi       440Gi       484Gi
Swap:          8.0Gi       585Mi       7.4Gi

===== 2026-01-26 08:07:58 =====
               total        used        free      shared  buff/cache   available
Mem:           503Gi        15Gi        47Gi       140Mi       440Gi       484Gi
Swap:          8.0Gi       585Mi       7.4Gi

===== 2026-01-26 08:07:59 =====
               total        used        free      shared  buff/cache   available
Mem:           503Gi        16Gi        47Gi       140Mi       440Gi       483Gi
Swap:          8.0Gi       585Mi       7.4Gi

===== 2026-01-26 08:08:00 =====
               total        used        free      shared  buff/cache   available
Mem:           503Gi        16Gi        46Gi       140Mi       440Gi       483Gi
Swap:          8.0Gi       585Mi       7.4Gi

===== 2026-01-26 08:08:01 =====
               total        used        free      shared  buff/cache   available
Mem:           503Gi        13Gi        50Gi       147Mi       440Gi       486Gi
Swap:          8.0Gi       585Mi       7.4Gi

===== 2026-01-26 08:08:02 =====
               total        used        free      shared  buff/cache   available
Mem:           503Gi        14Gi        49Gi       148Mi       440Gi       486Gi
Swap:          8.0Gi       585Mi       7.4Gi

===== 2026-01-26 08:08:03 =====
               total        used        free      shared  buff/cache   available
Mem:           503Gi        14Gi        48Gi       148Mi       440Gi       485Gi
Swap:          8.0Gi       585Mi       7.4Gi

===== 2026-01-26 08:08:04 =====
               total        used        free      shared  buff/cache   available
Mem:           503Gi        15Gi        47Gi       148Mi       440Gi       484Gi
Swap:          8.0Gi       585Mi       7.4Gi

===== 2026-01-26 08:08:05 =====
               total        used        free      shared  buff/cache   available
Mem:           503Gi        15Gi        47Gi       148Mi       440Gi       484Gi
Swap:          8.0Gi       585Mi       7.4Gi

===== 2026-01-26 08:08:06 =====
               total        used        free      shared  buff/cache   available
Mem:           503Gi        15Gi        47Gi       148Mi       440Gi       484Gi
Swap:          8.0Gi       585Mi       7.4Gi

===== 2026-01-26 08:08:07 =====
               total        used        free      shared  buff/cache   available
Mem:           503Gi        15Gi        47Gi       148Mi       440Gi       484Gi
Swap:          8.0Gi       585Mi       7.4Gi

===== 2026-01-26 08:08:08 =====
               total        used        free      shared  buff/cache   available
Mem:           503Gi        16Gi        46Gi       148Mi       440Gi       483Gi
Swap:          8.0Gi       585Mi       7.4Gi

===== 2026-01-26 08:08:09 =====
               total        used        free      shared  buff/cache   available
Mem:           503Gi        16Gi        46Gi       148Mi       440Gi       483Gi
Swap:          8.0Gi       585Mi       7.4Gi

===== 2026-01-26 08:08:10 =====
               total        used        free      shared  buff/cache   available
Mem:           503Gi        13Gi        50Gi       156Mi       440Gi       486Gi
Swap:          8.0Gi       585Mi       7.4Gi

===== 2026-01-26 08:08:11 =====
               total        used        free      shared  buff/cache   available
Mem:           503Gi        14Gi        49Gi       156Mi       440Gi       485Gi
Swap:          8.0Gi       585Mi       7.4Gi

===== 2026-01-26 08:08:12 =====
               total        used        free      shared  buff/cache   available
Mem:           503Gi        15Gi        48Gi       156Mi       440Gi       485Gi
Swap:          8.0Gi       585Mi       7.4Gi

===== 2026-01-26 08:08:13 =====
               total        used        free      shared  buff/cache   available
Mem:           503Gi        15Gi        47Gi       156Mi       440Gi       484Gi
Swap:          8.0Gi       585Mi       7.4Gi

===== 2026-01-26 08:08:14 =====
               total        used        free      shared  buff/cache   available
Mem:           503Gi        16Gi        47Gi       156Mi       440Gi       484Gi
Swap:          8.0Gi       585Mi       7.4Gi

===== 2026-01-26 08:08:15 =====
               total        used        free      shared  buff/cache   available
Mem:           503Gi        16Gi        47Gi       156Mi       440Gi       484Gi
Swap:          8.0Gi       585Mi       7.4Gi

===== 2026-01-26 08:08:16 =====
               total        used        free      shared  buff/cache   available
Mem:           503Gi        16Gi        47Gi       156Mi       440Gi       484Gi
Swap:          8.0Gi       585Mi       7.4Gi

===== 2026-01-26 08:08:17 =====
               total        used        free      shared  buff/cache   available
Mem:           503Gi        16Gi        46Gi       156Mi       440Gi       483Gi
Swap:          8.0Gi       585Mi       7.4Gi

===== 2026-01-26 08:08:18 =====
               total        used        free      shared  buff/cache   available
Mem:           503Gi        17Gi        46Gi       156Mi       440Gi       483Gi
Swap:          8.0Gi       585Mi       7.4Gi

===== 2026-01-26 08:08:19 =====
               total        used        free      shared  buff/cache   available
Mem:           503Gi        17Gi        46Gi       164Mi       440Gi       482Gi
Swap:          8.0Gi       585Mi       7.4Gi

===== 2026-01-26 08:08:20 =====
               total        used        free      shared  buff/cache   available
Mem:           503Gi        14Gi        49Gi       164Mi       440Gi       485Gi
Swap:          8.0Gi       585Mi       7.4Gi

===== 2026-01-26 08:08:21 =====
               total        used        free      shared  buff/cache   available
Mem:           503Gi        15Gi        48Gi       164Mi       440Gi       485Gi
Swap:          8.0Gi       585Mi       7.4Gi

===== 2026-01-26 08:08:22 =====
               total        used        free      shared  buff/cache   available
Mem:           503Gi        15Gi        47Gi       164Mi       440Gi       484Gi
Swap:          8.0Gi       585Mi       7.4Gi

===== 2026-01-26 08:08:23 =====
               total        used        free      shared  buff/cache   available
Mem:           503Gi        16Gi        47Gi       164Mi       440Gi       483Gi
Swap:          8.0Gi       585Mi       7.4Gi

===== 2026-01-26 08:08:24 =====
               total        used        free      shared  buff/cache   available
Mem:           503Gi        16Gi        47Gi       164Mi       440Gi       483Gi
Swap:          8.0Gi       585Mi       7.4Gi

===== 2026-01-26 08:08:25 =====
               total        used        free      shared  buff/cache   available
Mem:           503Gi        16Gi        47Gi       164Mi       440Gi       483Gi
Swap:          8.0Gi       585Mi       7.4Gi

===== 2026-01-26 08:08:26 =====
               total        used        free      shared  buff/cache   available
Mem:           503Gi        16Gi        47Gi       164Mi       440Gi       483Gi
Swap:          8.0Gi       585Mi       7.4Gi

===== 2026-01-26 08:08:27 =====
               total        used        free      shared  buff/cache   available
Mem:           503Gi        17Gi        46Gi       164Mi       440Gi       483Gi
Swap:          8.0Gi       585Mi       7.4Gi

===== 2026-01-26 08:08:28 =====
               total        used        free      shared  buff/cache   available
Mem:           503Gi        17Gi        46Gi       164Mi       440Gi       482Gi
Swap:          8.0Gi       585Mi       7.4Gi

===== 2026-01-26 08:08:29 =====
               total        used        free      shared  buff/cache   available
Mem:           503Gi        14Gi        49Gi       172Mi       440Gi       486Gi
Swap:          8.0Gi       585Mi       7.4Gi

===== 2026-01-26 08:08:30 =====
               total        used        free      shared  buff/cache   available
Mem:           503Gi        15Gi        48Gi       172Mi       440Gi       485Gi
Swap:          8.0Gi       585Mi       7.4Gi

===== 2026-01-26 08:08:31 =====
               total        used        free      shared  buff/cache   available
Mem:           503Gi        15Gi        47Gi       172Mi       440Gi       484Gi
Swap:          8.0Gi       585Mi       7.4Gi

===== 2026-01-26 08:08:32 =====
               total        used        free      shared  buff/cache   available
Mem:           503Gi        16Gi        47Gi       172Mi       440Gi       483Gi
Swap:          8.0Gi       585Mi       7.4Gi

===== 2026-01-26 08:08:33 =====
               total        used        free      shared  buff/cache   available
Mem:           503Gi        16Gi        46Gi       172Mi       440Gi       483Gi
Swap:          8.0Gi       585Mi       7.4Gi

===== 2026-01-26 08:08:34 =====
               total        used        free      shared  buff/cache   available
Mem:           503Gi        16Gi        46Gi       172Mi       440Gi       483Gi
Swap:          8.0Gi       585Mi       7.4Gi

===== 2026-01-26 08:08:35 =====
               total        used        free      shared  buff/cache   available
Mem:           503Gi        16Gi        46Gi       172Mi       440Gi       483Gi
Swap:          8.0Gi       585Mi       7.4Gi

===== 2026-01-26 08:08:36 =====
               total        used        free      shared  buff/cache   available
Mem:           503Gi        17Gi        46Gi       172Mi       440Gi       482Gi
Swap:          8.0Gi       585Mi       7.4Gi

===== 2026-01-26 08:08:37 =====
               total        used        free      shared  buff/cache   available
Mem:           503Gi        17Gi        45Gi       172Mi       440Gi       482Gi
Swap:          8.0Gi       585Mi       7.4Gi

===== 2026-01-26 08:08:38 =====
               total        used        free      shared  buff/cache   available
Mem:           503Gi        17Gi        45Gi       180Mi       440Gi       482Gi
Swap:          8.0Gi       585Mi       7.4Gi

===== 2026-01-26 08:08:39 =====
               total        used        free      shared  buff/cache   available
Mem:           503Gi        15Gi        48Gi       180Mi       440Gi       485Gi
Swap:          8.0Gi       585Mi       7.4Gi

===== 2026-01-26 08:08:40 =====
               total        used        free      shared  buff/cache   available
Mem:           503Gi        15Gi        47Gi       180Mi       440Gi       484Gi
Swap:          8.0Gi       585Mi       7.4Gi

===== 2026-01-26 08:08:41 =====
               total        used        free      shared  buff/cache   available
Mem:           503Gi        16Gi        47Gi       180Mi       440Gi       483Gi
Swap:          8.0Gi       585Mi       7.4Gi

===== 2026-01-26 08:08:42 =====
               total        used        free      shared  buff/cache   available
Mem:           503Gi        17Gi        46Gi       180Mi       440Gi       483Gi
Swap:          8.0Gi       585Mi       7.4Gi

===== 2026-01-26 08:08:43 =====
               total        used        free      shared  buff/cache   available
Mem:           503Gi        17Gi        46Gi       180Mi       440Gi       483Gi
Swap:          8.0Gi       585Mi       7.4Gi

===== 2026-01-26 08:08:44 =====
               total        used        free      shared  buff/cache   available
Mem:           503Gi        17Gi        46Gi       180Mi       440Gi       483Gi
Swap:          8.0Gi       585Mi       7.4Gi

===== 2026-01-26 08:08:45 =====
               total        used        free      shared  buff/cache   available
Mem:           503Gi        17Gi        46Gi       180Mi       440Gi       483Gi
Swap:          8.0Gi       585Mi       7.4Gi

===== 2026-01-26 08:08:46 =====
               total        used        free      shared  buff/cache   available
Mem:           503Gi        17Gi        46Gi       180Mi       440Gi       482Gi
Swap:          8.0Gi       585Mi       7.4Gi

===== 2026-01-26 08:08:47 =====
               total        used        free      shared  buff/cache   available
Mem:           503Gi        18Gi        45Gi       180Mi       440Gi       482Gi
Swap:          8.0Gi       585Mi       7.4Gi

===== 2026-01-26 08:08:48 =====
               total        used        free      shared  buff/cache   available
Mem:           503Gi        18Gi        45Gi       180Mi       440Gi       482Gi
Swap:          8.0Gi       585Mi       7.4Gi

===== 2026-01-26 08:08:49 =====
               total        used        free      shared  buff/cache   available
Mem:           503Gi        14Gi        48Gi       188Mi       440Gi       485Gi
Swap:          8.0Gi       585Mi       7.4Gi

===== 2026-01-26 08:08:50 =====
               total        used        free      shared  buff/cache   available
Mem:           503Gi        15Gi        47Gi       188Mi       440Gi       484Gi
Swap:          8.0Gi       585Mi       7.4Gi

===== 2026-01-26 08:08:51 =====
               total        used        free      shared  buff/cache   available
Mem:           503Gi        16Gi        47Gi       188Mi       440Gi       484Gi
Swap:          8.0Gi       585Mi       7.4Gi

===== 2026-01-26 08:08:52 =====
               total        used        free      shared  buff/cache   available
Mem:           503Gi        16Gi        46Gi       188Mi       440Gi       483Gi
Swap:          8.0Gi       585Mi       7.4Gi

===== 2026-01-26 08:08:53 =====
               total        used        free      shared  buff/cache   available
Mem:           503Gi        17Gi        46Gi       188Mi       440Gi       482Gi
Swap:          8.0Gi       585Mi       7.4Gi

===== 2026-01-26 08:08:54 =====
               total        used        free      shared  buff/cache   available
Mem:           503Gi        17Gi        46Gi       188Mi       440Gi       482Gi
Swap:          8.0Gi       585Mi       7.4Gi

===== 2026-01-26 08:08:55 =====
               total        used        free      shared  buff/cache   available
Mem:           503Gi        17Gi        46Gi       188Mi       440Gi       482Gi
Swap:          8.0Gi       585Mi       7.4Gi

===== 2026-01-26 08:08:56 =====
               total        used        free      shared  buff/cache   available
Mem:           503Gi        17Gi        45Gi       188Mi       440Gi       482Gi
Swap:          8.0Gi       585Mi       7.4Gi

===== 2026-01-26 08:08:57 =====
               total        used        free      shared  buff/cache   available
Mem:           503Gi        18Gi        45Gi       188Mi       440Gi       481Gi
Swap:          8.0Gi       585Mi       7.4Gi

===== 2026-01-26 08:08:58 =====
               total        used        free      shared  buff/cache   available
Mem:           503Gi        18Gi        44Gi       188Mi       440Gi       481Gi
Swap:          8.0Gi       585Mi       7.4Gi

===== 2026-01-26 08:08:59 =====
               total        used        free      shared  buff/cache   available
Mem:           503Gi        15Gi        47Gi       196Mi       440Gi       484Gi
Swap:          8.0Gi       585Mi       7.4Gi

===== 2026-01-26 08:09:00 =====
               total        used        free      shared  buff/cache   available
Mem:           503Gi        16Gi        47Gi       196Mi       440Gi       483Gi
Swap:          8.0Gi       585Mi       7.4Gi

===== 2026-01-26 08:09:01 =====
               total        used        free      shared  buff/cache   available
Mem:           503Gi        17Gi        46Gi       196Mi       440Gi       483Gi
Swap:          8.0Gi       585Mi       7.4Gi

===== 2026-01-26 08:09:02 =====
               total        used        free      shared  buff/cache   available
Mem:           503Gi        17Gi        45Gi       196Mi       440Gi       482Gi
Swap:          8.0Gi       585Mi       7.4Gi

===== 2026-01-26 08:09:03 =====
               total        used        free      shared  buff/cache   available
Mem:           503Gi        17Gi        45Gi       196Mi       440Gi       482Gi
Swap:          8.0Gi       585Mi       7.4Gi

===== 2026-01-26 08:09:04 =====
               total        used        free      shared  buff/cache   available
Mem:           503Gi        17Gi        45Gi       196Mi       440Gi       482Gi
Swap:          8.0Gi       585Mi       7.4Gi

===== 2026-01-26 08:09:05 =====
               total        used        free      shared  buff/cache   available
Mem:           503Gi        17Gi        45Gi       196Mi       440Gi       482Gi
Swap:          8.0Gi       585Mi       7.4Gi

===== 2026-01-26 08:09:06 =====
               total        used        free      shared  buff/cache   available
Mem:           503Gi        18Gi        44Gi       196Mi       440Gi       481Gi
Swap:          8.0Gi       585Mi       7.4Gi

===== 2026-01-26 08:09:07 =====
               total        used        free      shared  buff/cache   available
Mem:           503Gi        18Gi        44Gi       196Mi       440Gi       481Gi
Swap:          8.0Gi       585Mi       7.4Gi

===== 2026-01-26 08:09:08 =====
               total        used        free      shared  buff/cache   available
Mem:           503Gi        15Gi        47Gi       203Mi       440Gi       484Gi
Swap:          8.0Gi       585Mi       7.4Gi

===== 2026-01-26 08:09:09 =====
               total        used        free      shared  buff/cache   available
Mem:           503Gi        16Gi        46Gi       302Mi       440Gi       483Gi
Swap:          8.0Gi       585Mi       7.4Gi

===== 2026-01-26 08:09:10 =====
               total        used        free      shared  buff/cache   available
Mem:           503Gi        17Gi        46Gi       474Mi       440Gi       482Gi
Swap:          8.0Gi       585Mi       7.4Gi

===== 2026-01-26 08:09:11 =====
               total        used        free      shared  buff/cache   available
Mem:           503Gi        17Gi        45Gi       646Mi       440Gi       481Gi
Swap:          8.0Gi       585Mi       7.4Gi

===== 2026-01-26 08:09:12 =====
               total        used        free      shared  buff/cache   available
Mem:           503Gi        18Gi        44Gi       892Mi       440Gi       481Gi
Swap:          8.0Gi       585Mi       7.4Gi

===== 2026-01-26 08:09:13 =====
               total        used        free      shared  buff/cache   available
Mem:           503Gi        18Gi        43Gi       892Mi       440Gi       480Gi
Swap:          8.0Gi       585Mi       7.4Gi

===== 2026-01-26 08:09:14 =====
               total        used        free      shared  buff/cache   available
Mem:           503Gi        20Gi        42Gi       892Mi       440Gi       479Gi
Swap:          8.0Gi       585Mi       7.4Gi

===== 2026-01-26 08:09:15 =====
               total        used        free      shared  buff/cache   available
Mem:           503Gi        20Gi        42Gi       892Mi       440Gi       479Gi
Swap:          8.0Gi       585Mi       7.4Gi

===== 2026-01-26 08:09:16 =====
               total        used        free      shared  buff/cache   available
Mem:           503Gi        20Gi        42Gi       892Mi       440Gi       479Gi
Swap:          8.0Gi       585Mi       7.4Gi

===== 2026-01-26 08:09:17 =====
               total        used        free      shared  buff/cache   available
Mem:           503Gi        20Gi        42Gi       892Mi       440Gi       479Gi
Swap:          8.0Gi       585Mi       7.4Gi

===== 2026-01-26 08:09:18 =====
               total        used        free      shared  buff/cache   available
Mem:           503Gi        20Gi        42Gi       892Mi       440Gi       479Gi
Swap:          8.0Gi       585Mi       7.4Gi

===== 2026-01-26 08:09:19 =====
               total        used        free      shared  buff/cache   available
Mem:           503Gi        20Gi        42Gi       892Mi       440Gi       479Gi
Swap:          8.0Gi       585Mi       7.4Gi

===== 2026-01-26 08:09:20 =====
               total        used        free      shared  buff/cache   available
Mem:           503Gi        20Gi        42Gi       892Mi       440Gi       479Gi
Swap:          8.0Gi       585Mi       7.4Gi

===== 2026-01-26 08:09:21 =====
               total        used        free      shared  buff/cache   available
Mem:           503Gi        20Gi        42Gi       892Mi       440Gi       479Gi
Swap:          8.0Gi       585Mi       7.4Gi

===== 2026-01-26 08:09:22 =====
               total        used        free      shared  buff/cache   available
Mem:           503Gi        20Gi        42Gi       892Mi       440Gi       479Gi
Swap:          8.0Gi       585Mi       7.4Gi

===== 2026-01-26 08:09:23 =====
               total        used        free      shared  buff/cache   available
Mem:           503Gi        20Gi        42Gi       892Mi       440Gi       479Gi
Swap:          8.0Gi       585Mi       7.4Gi

===== 2026-01-26 08:09:24 =====
               total        used        free      shared  buff/cache   available
Mem:           503Gi        20Gi        42Gi       892Mi       440Gi       479Gi
Swap:          8.0Gi       585Mi       7.4Gi

===== 2026-01-26 08:09:25 =====
               total        used        free      shared  buff/cache   available
Mem:           503Gi        20Gi        42Gi       892Mi       440Gi       479Gi
Swap:          8.0Gi       585Mi       7.4Gi

===== 2026-01-26 08:09:26 =====
               total        used        free      shared  buff/cache   available
Mem:           503Gi        20Gi        42Gi       892Mi       440Gi       479Gi
Swap:          8.0Gi       585Mi       7.4Gi

===== 2026-01-26 08:09:27 =====
               total        used        free      shared  buff/cache   available
Mem:           503Gi        20Gi        42Gi       892Mi       440Gi       479Gi
Swap:          8.0Gi       585Mi       7.4Gi

===== 2026-01-26 08:09:28 =====
               total        used        free      shared  buff/cache   available
Mem:           503Gi        20Gi        42Gi       892Mi       440Gi       479Gi
Swap:          8.0Gi       585Mi       7.4Gi

===== 2026-01-26 08:09:29 =====
               total        used        free      shared  buff/cache   available
Mem:           503Gi        20Gi        42Gi       892Mi       440Gi       479Gi
Swap:          8.0Gi       585Mi       7.4Gi

===== 2026-01-26 08:09:30 =====
               total        used        free      shared  buff/cache   available
Mem:           503Gi        20Gi        42Gi       892Mi       440Gi       479Gi
Swap:          8.0Gi       585Mi       7.4Gi

===== 2026-01-26 08:09:31 =====
               total        used        free      shared  buff/cache   available
Mem:           503Gi        20Gi        42Gi       892Mi       440Gi       479Gi
Swap:          8.0Gi       585Mi       7.4Gi

===== 2026-01-26 08:09:32 =====
               total        used        free      shared  buff/cache   available
Mem:           503Gi        20Gi        42Gi       892Mi       440Gi       479Gi
Swap:          8.0Gi       585Mi       7.4Gi

===== 2026-01-26 08:09:33 =====
               total        used        free      shared  buff/cache   available
Mem:           503Gi        20Gi        42Gi       892Mi       440Gi       479Gi
Swap:          8.0Gi       585Mi       7.4Gi

===== 2026-01-26 08:09:34 =====
               total        used        free      shared  buff/cache   available
Mem:           503Gi        17Gi        45Gi       891Mi       440Gi       482Gi
Swap:          8.0Gi       585Mi       7.4Gi

===== 2026-01-26 08:09:35 =====
               total        used        free      shared  buff/cache   available
Mem:           503Gi        17Gi        45Gi       899Mi       440Gi       482Gi
Swap:          8.0Gi       585Mi       7.4Gi

===== 2026-01-26 08:09:36 =====
               total        used        free      shared  buff/cache   available
Mem:           503Gi        17Gi        45Gi       588Mi       440Gi       481Gi
Swap:          8.0Gi       585Mi       7.4Gi

===== 2026-01-26 08:09:37 =====
               total        used        free      shared  buff/cache   available
Mem:           503Gi        17Gi        46Gi       331Mi       440Gi       482Gi
Swap:          8.0Gi       585Mi       7.4Gi

===== 2026-01-26 08:09:38 =====
               total        used        free      shared  buff/cache   available
Mem:           503Gi       9.6Gi        53Gi       220Mi       440Gi       490Gi
Swap:          8.0Gi       585Mi       7.4Gi

===== 2026-01-26 08:09:39 =====
               total        used        free      shared  buff/cache   available
Mem:           503Gi       8.5Gi        55Gi       140Mi       440Gi       491Gi
Swap:          8.0Gi       585Mi       7.4Gi

===== 2026-01-26 08:09:40 =====
               total        used        free      shared  buff/cache   available
Mem:           503Gi       8.5Gi        55Gi       140Mi       440Gi       491Gi
Swap:          8.0Gi       585Mi       7.4Gi

===== 2026-01-26 08:09:41 =====
               total        used        free      shared  buff/cache   available
Mem:           503Gi       8.5Gi        55Gi       140Mi       440Gi       491Gi
Swap:          8.0Gi       585Mi       7.4Gi

===== 2026-01-26 08:09:42 =====
               total        used        free      shared  buff/cache   available
Mem:           503Gi       8.5Gi        55Gi       140Mi       440Gi       491Gi
Swap:          8.0Gi       585Mi       7.4Gi

===== 2026-01-26 08:09:43 =====
               total        used        free      shared  buff/cache   available
Mem:           503Gi       8.5Gi        55Gi       140Mi       440Gi       491Gi
Swap:          8.0Gi       585Mi       7.4Gi

===== 2026-01-26 08:09:44 =====
               total        used        free      shared  buff/cache   available
Mem:           503Gi       8.5Gi        55Gi       140Mi       440Gi       491Gi
Swap:          8.0Gi       585Mi       7.4Gi

===== 2026-01-26 08:09:45 =====
               total        used        free      shared  buff/cache   available
Mem:           503Gi       8.5Gi        55Gi       140Mi       440Gi       491Gi
Swap:          8.0Gi       585Mi       7.4Gi

===== 2026-01-26 08:09:46 =====
               total        used        free      shared  buff/cache   available
Mem:           503Gi       8.5Gi        55Gi       140Mi       440Gi       491Gi
Swap:          8.0Gi       585Mi       7.4Gi

===== 2026-01-26 08:09:47 =====
               total        used        free      shared  buff/cache   available
Mem:           503Gi       8.6Gi        55Gi       140Mi       440Gi       491Gi
Swap:          8.0Gi       585Mi       7.4Gi

===== 2026-01-26 08:09:48 =====
               total        used        free      shared  buff/cache   available
Mem:           503Gi       8.7Gi        54Gi       140Mi       440Gi       491Gi
Swap:          8.0Gi       585Mi       7.4Gi

===== 2026-01-26 08:09:49 =====
               total        used        free      shared  buff/cache   available
Mem:           503Gi        10Gi        53Gi       140Mi       440Gi       490Gi
Swap:          8.0Gi       585Mi       7.4Gi

===== 2026-01-26 08:09:50 =====
               total        used        free      shared  buff/cache   available
Mem:           503Gi        11Gi        52Gi       140Mi       440Gi       489Gi
Swap:          8.0Gi       585Mi       7.4Gi

===== 2026-01-26 08:09:51 =====
               total        used        free      shared  buff/cache   available
Mem:           503Gi        11Gi        52Gi       140Mi       440Gi       488Gi
Swap:          8.0Gi       585Mi       7.4Gi

===== 2026-01-26 08:09:52 =====
               total        used        free      shared  buff/cache   available
Mem:           503Gi        11Gi        52Gi       140Mi       440Gi       488Gi
Swap:          8.0Gi       585Mi       7.4Gi

===== 2026-01-26 08:09:53 =====
               total        used        free      shared  buff/cache   available
Mem:           503Gi        11Gi        51Gi       140Mi       440Gi       488Gi
Swap:          8.0Gi       585Mi       7.4Gi

===== 2026-01-26 08:09:54 =====
               total        used        free      shared  buff/cache   available
Mem:           503Gi        12Gi        50Gi       140Mi       440Gi       487Gi
Swap:          8.0Gi       585Mi       7.4Gi

===== 2026-01-26 08:09:55 =====
               total        used        free      shared  buff/cache   available
Mem:           503Gi        13Gi        49Gi       140Mi       440Gi       486Gi
Swap:          8.0Gi       585Mi       7.4Gi

===== 2026-01-26 08:09:56 =====
               total        used        free      shared  buff/cache   available
Mem:           503Gi        14Gi        49Gi       140Mi       440Gi       485Gi
Swap:          8.0Gi       585Mi       7.4Gi

===== 2026-01-26 08:09:57 =====
               total        used        free      shared  buff/cache   available
Mem:           503Gi        15Gi        48Gi       140Mi       440Gi       485Gi
Swap:          8.0Gi       585Mi       7.4Gi

===== 2026-01-26 08:09:58 =====
               total        used        free      shared  buff/cache   available
Mem:           503Gi        15Gi        48Gi       140Mi       440Gi       484Gi
Swap:          8.0Gi       585Mi       7.4Gi

===== 2026-01-26 08:09:59 =====
               total        used        free      shared  buff/cache   available
Mem:           503Gi        15Gi        48Gi       140Mi       440Gi       484Gi
Swap:          8.0Gi       585Mi       7.4Gi

===== 2026-01-26 08:10:00 =====
               total        used        free      shared  buff/cache   available
Mem:           503Gi        15Gi        48Gi       140Mi       440Gi       484Gi
Swap:          8.0Gi       585Mi       7.4Gi

===== 2026-01-26 08:10:01 =====
               total        used        free      shared  buff/cache   available
Mem:           503Gi        16Gi        47Gi       140Mi       440Gi       484Gi
Swap:          8.0Gi       585Mi       7.4Gi

===== 2026-01-26 08:10:02 =====
               total        used        free      shared  buff/cache   available
Mem:           503Gi        16Gi        47Gi       140Mi       440Gi       483Gi
Swap:          8.0Gi       585Mi       7.4Gi

===== 2026-01-26 08:10:03 =====
               total        used        free      shared  buff/cache   available
Mem:           503Gi        16Gi        47Gi       140Mi       440Gi       483Gi
Swap:          8.0Gi       585Mi       7.4Gi

===== 2026-01-26 08:10:04 =====
               total        used        free      shared  buff/cache   available
Mem:           503Gi        13Gi        50Gi       148Mi       440Gi       486Gi
Swap:          8.0Gi       585Mi       7.4Gi

===== 2026-01-26 08:10:05 =====
               total        used        free      shared  buff/cache   available
Mem:           503Gi        14Gi        49Gi       148Mi       440Gi       486Gi
Swap:          8.0Gi       585Mi       7.4Gi

===== 2026-01-26 08:10:06 =====
               total        used        free      shared  buff/cache   available
Mem:           503Gi        14Gi        48Gi       148Mi       440Gi       485Gi
Swap:          8.0Gi       585Mi       7.4Gi

===== 2026-01-26 08:10:07 =====
               total        used        free      shared  buff/cache   available
Mem:           503Gi        15Gi        47Gi       148Mi       440Gi       484Gi
Swap:          8.0Gi       585Mi       7.4Gi

===== 2026-01-26 08:10:08 =====
               total        used        free      shared  buff/cache   available
Mem:           503Gi        15Gi        47Gi       148Mi       440Gi       484Gi
Swap:          8.0Gi       585Mi       7.4Gi

===== 2026-01-26 08:10:09 =====
               total        used        free      shared  buff/cache   available
Mem:           503Gi        15Gi        47Gi       148Mi       440Gi       484Gi
Swap:          8.0Gi       585Mi       7.4Gi

===== 2026-01-26 08:10:10 =====
               total        used        free      shared  buff/cache   available
Mem:           503Gi        15Gi        47Gi       148Mi       440Gi       484Gi
Swap:          8.0Gi       585Mi       7.4Gi

===== 2026-01-26 08:10:11 =====
               total        used        free      shared  buff/cache   available
Mem:           503Gi        16Gi        46Gi       148Mi       440Gi       483Gi
Swap:          8.0Gi       585Mi       7.4Gi

===== 2026-01-26 08:10:12 =====
               total        used        free      shared  buff/cache   available
Mem:           503Gi        16Gi        46Gi       148Mi       440Gi       483Gi
Swap:          8.0Gi       585Mi       7.4Gi

===== 2026-01-26 08:10:13 =====
               total        used        free      shared  buff/cache   available
Mem:           503Gi        15Gi        48Gi       156Mi       440Gi       485Gi
Swap:          8.0Gi       585Mi       7.4Gi

===== 2026-01-26 08:10:14 =====
               total        used        free      shared  buff/cache   available
Mem:           503Gi        14Gi        49Gi       156Mi       440Gi       486Gi
Swap:          8.0Gi       585Mi       7.4Gi

===== 2026-01-26 08:10:15 =====
               total        used        free      shared  buff/cache   available
Mem:           503Gi        14Gi        48Gi       156Mi       440Gi       485Gi
Swap:          8.0Gi       585Mi       7.4Gi

===== 2026-01-26 08:10:16 =====
               total        used        free      shared  buff/cache   available
Mem:           503Gi        15Gi        48Gi       156Mi       440Gi       484Gi
Swap:          8.0Gi       585Mi       7.4Gi

===== 2026-01-26 08:10:17 =====
               total        used        free      shared  buff/cache   available
Mem:           503Gi        16Gi        47Gi       156Mi       440Gi       484Gi
Swap:          8.0Gi       585Mi       7.4Gi

===== 2026-01-26 08:10:18 =====
               total        used        free      shared  buff/cache   available
Mem:           503Gi        16Gi        47Gi       156Mi       440Gi       484Gi
Swap:          8.0Gi       585Mi       7.4Gi

===== 2026-01-26 08:10:19 =====
               total        used        free      shared  buff/cache   available
Mem:           503Gi        16Gi        47Gi       156Mi       440Gi       484Gi
Swap:          8.0Gi       585Mi       7.4Gi

===== 2026-01-26 08:10:20 =====
               total        used        free      shared  buff/cache   available
Mem:           503Gi        16Gi        47Gi       156Mi       440Gi       483Gi
Swap:          8.0Gi       585Mi       7.4Gi

===== 2026-01-26 08:10:21 =====
               total        used        free      shared  buff/cache   available
Mem:           503Gi        17Gi        46Gi       156Mi       440Gi       483Gi
Swap:          8.0Gi       585Mi       7.4Gi

===== 2026-01-26 08:10:23 =====
               total        used        free      shared  buff/cache   available
Mem:           503Gi        17Gi        46Gi       156Mi       440Gi       483Gi
Swap:          8.0Gi       585Mi       7.4Gi

===== 2026-01-26 08:10:24 =====
               total        used        free      shared  buff/cache   available
Mem:           503Gi        13Gi        49Gi       164Mi       440Gi       486Gi
Swap:          8.0Gi       585Mi       7.4Gi

===== 2026-01-26 08:10:25 =====
               total        used        free      shared  buff/cache   available
Mem:           503Gi        14Gi        48Gi       164Mi       440Gi       485Gi
Swap:          8.0Gi       585Mi       7.4Gi

===== 2026-01-26 08:10:26 =====
               total        used        free      shared  buff/cache   available
Mem:           503Gi        15Gi        48Gi       164Mi       440Gi       484Gi
Swap:          8.0Gi       585Mi       7.4Gi

===== 2026-01-26 08:10:27 =====
               total        used        free      shared  buff/cache   available
Mem:           503Gi        16Gi        47Gi       164Mi       440Gi       483Gi
Swap:          8.0Gi       585Mi       7.4Gi

===== 2026-01-26 08:10:28 =====
               total        used        free      shared  buff/cache   available
Mem:           503Gi        16Gi        47Gi       164Mi       440Gi       483Gi
Swap:          8.0Gi       585Mi       7.4Gi

===== 2026-01-26 08:10:29 =====
               total        used        free      shared  buff/cache   available
Mem:           503Gi        16Gi        47Gi       164Mi       440Gi       483Gi
Swap:          8.0Gi       585Mi       7.4Gi

===== 2026-01-26 08:10:30 =====
               total        used        free      shared  buff/cache   available
Mem:           503Gi        16Gi        47Gi       164Mi       440Gi       483Gi
Swap:          8.0Gi       585Mi       7.4Gi

===== 2026-01-26 08:10:31 =====
               total        used        free      shared  buff/cache   available
Mem:           503Gi        17Gi        46Gi       164Mi       440Gi       483Gi
Swap:          8.0Gi       585Mi       7.4Gi

===== 2026-01-26 08:10:32 =====
               total        used        free      shared  buff/cache   available
Mem:           503Gi        17Gi        46Gi       164Mi       440Gi       482Gi
Swap:          8.0Gi       585Mi       7.4Gi

===== 2026-01-26 08:10:33 =====
               total        used        free      shared  buff/cache   available
Mem:           503Gi        15Gi        47Gi       171Mi       440Gi       484Gi
Swap:          8.0Gi       585Mi       7.4Gi

===== 2026-01-26 08:10:34 =====
               total        used        free      shared  buff/cache   available
Mem:           503Gi        14Gi        48Gi       172Mi       440Gi       485Gi
Swap:          8.0Gi       585Mi       7.4Gi

===== 2026-01-26 08:10:35 =====
               total        used        free      shared  buff/cache   available
Mem:           503Gi        15Gi        48Gi       172Mi       440Gi       484Gi
Swap:          8.0Gi       585Mi       7.4Gi

===== 2026-01-26 08:10:36 =====
               total        used        free      shared  buff/cache   available
Mem:           503Gi        16Gi        47Gi       172Mi       440Gi       484Gi
Swap:          8.0Gi       585Mi       7.4Gi

===== 2026-01-26 08:10:37 =====
               total        used        free      shared  buff/cache   available
Mem:           503Gi        16Gi        46Gi       172Mi       440Gi       483Gi
Swap:          8.0Gi       585Mi       7.4Gi

===== 2026-01-26 08:10:38 =====
               total        used        free      shared  buff/cache   available
Mem:           503Gi        16Gi        46Gi       172Mi       440Gi       483Gi
Swap:          8.0Gi       585Mi       7.4Gi

===== 2026-01-26 08:10:39 =====
               total        used        free      shared  buff/cache   available
Mem:           503Gi        16Gi        46Gi       172Mi       440Gi       483Gi
Swap:          8.0Gi       585Mi       7.4Gi

===== 2026-01-26 08:10:40 =====
               total        used        free      shared  buff/cache   available
Mem:           503Gi        17Gi        46Gi       172Mi       440Gi       483Gi
Swap:          8.0Gi       585Mi       7.4Gi

===== 2026-01-26 08:10:41 =====
               total        used        free      shared  buff/cache   available
Mem:           503Gi        17Gi        45Gi       172Mi       440Gi       482Gi
Swap:          8.0Gi       585Mi       7.4Gi

===== 2026-01-26 08:10:42 =====
               total        used        free      shared  buff/cache   available
Mem:           503Gi        17Gi        45Gi       172Mi       440Gi       482Gi
Swap:          8.0Gi       585Mi       7.4Gi

===== 2026-01-26 08:10:43 =====
               total        used        free      shared  buff/cache   available
Mem:           503Gi        14Gi        48Gi       180Mi       440Gi       485Gi
Swap:          8.0Gi       585Mi       7.4Gi

===== 2026-01-26 08:10:44 =====
               total        used        free      shared  buff/cache   available
Mem:           503Gi        15Gi        48Gi       180Mi       440Gi       484Gi
Swap:          8.0Gi       585Mi       7.4Gi

===== 2026-01-26 08:10:45 =====
               total        used        free      shared  buff/cache   available
Mem:           503Gi        16Gi        47Gi       180Mi       440Gi       483Gi
Swap:          8.0Gi       585Mi       7.4Gi

===== 2026-01-26 08:10:46 =====
               total        used        free      shared  buff/cache   available
Mem:           503Gi        17Gi        46Gi       180Mi       440Gi       483Gi
Swap:          8.0Gi       585Mi       7.4Gi

===== 2026-01-26 08:10:47 =====
               total        used        free      shared  buff/cache   available
Mem:           503Gi        17Gi        46Gi       180Mi       440Gi       483Gi
Swap:          8.0Gi       585Mi       7.4Gi

===== 2026-01-26 08:10:48 =====
               total        used        free      shared  buff/cache   available
Mem:           503Gi        17Gi        46Gi       180Mi       440Gi       483Gi
Swap:          8.0Gi       585Mi       7.4Gi

===== 2026-01-26 08:10:49 =====
               total        used        free      shared  buff/cache   available
Mem:           503Gi        17Gi        46Gi       180Mi       440Gi       483Gi
Swap:          8.0Gi       585Mi       7.4Gi

===== 2026-01-26 08:10:50 =====
               total        used        free      shared  buff/cache   available
Mem:           503Gi        17Gi        45Gi       180Mi       440Gi       482Gi
Swap:          8.0Gi       585Mi       7.4Gi

===== 2026-01-26 08:10:51 =====
               total        used        free      shared  buff/cache   available
Mem:           503Gi        18Gi        45Gi       180Mi       440Gi       482Gi
Swap:          8.0Gi       585Mi       7.4Gi

===== 2026-01-26 08:10:52 =====
               total        used        free      shared  buff/cache   available
Mem:           503Gi        14Gi        48Gi       188Mi       440Gi       485Gi
Swap:          8.0Gi       585Mi       7.4Gi

===== 2026-01-26 08:10:53 =====
               total        used        free      shared  buff/cache   available
Mem:           503Gi        15Gi        47Gi       188Mi       440Gi       484Gi
Swap:          8.0Gi       585Mi       7.4Gi

===== 2026-01-26 08:10:54 =====
               total        used        free      shared  buff/cache   available
Mem:           503Gi        16Gi        47Gi       188Mi       440Gi       483Gi
Swap:          8.0Gi       585Mi       7.4Gi

===== 2026-01-26 08:10:55 =====
               total        used        free      shared  buff/cache   available
Mem:           503Gi        17Gi        46Gi       188Mi       440Gi       483Gi
Swap:          8.0Gi       585Mi       7.4Gi

===== 2026-01-26 08:10:56 =====
               total        used        free      shared  buff/cache   available
Mem:           503Gi        17Gi        46Gi       188Mi       440Gi       482Gi
Swap:          8.0Gi       585Mi       7.4Gi

===== 2026-01-26 08:10:57 =====
               total        used        free      shared  buff/cache   available
Mem:           503Gi        17Gi        46Gi       188Mi       440Gi       482Gi
Swap:          8.0Gi       585Mi       7.4Gi

===== 2026-01-26 08:10:58 =====
               total        used        free      shared  buff/cache   available
Mem:           503Gi        17Gi        45Gi       188Mi       440Gi       482Gi
Swap:          8.0Gi       585Mi       7.4Gi

===== 2026-01-26 08:10:59 =====
               total        used        free      shared  buff/cache   available
Mem:           503Gi        17Gi        45Gi       188Mi       440Gi       482Gi
Swap:          8.0Gi       585Mi       7.4Gi

===== 2026-01-26 08:11:00 =====
               total        used        free      shared  buff/cache   available
Mem:           503Gi        18Gi        45Gi       188Mi       440Gi       481Gi
Swap:          8.0Gi       585Mi       7.4Gi

===== 2026-01-26 08:11:01 =====
               total        used        free      shared  buff/cache   available
Mem:           503Gi        18Gi        44Gi       196Mi       440Gi       481Gi
Swap:          8.0Gi       585Mi       7.4Gi

===== 2026-01-26 08:11:02 =====
               total        used        free      shared  buff/cache   available
Mem:           503Gi        15Gi        47Gi       196Mi       440Gi       484Gi
Swap:          8.0Gi       585Mi       7.4Gi

===== 2026-01-26 08:11:03 =====
               total        used        free      shared  buff/cache   available
Mem:           503Gi        16Gi        47Gi       196Mi       440Gi       483Gi
Swap:          8.0Gi       585Mi       7.4Gi

===== 2026-01-26 08:11:04 =====
               total        used        free      shared  buff/cache   available
Mem:           503Gi        17Gi        46Gi       196Mi       440Gi       483Gi
Swap:          8.0Gi       585Mi       7.4Gi

===== 2026-01-26 08:11:05 =====
               total        used        free      shared  buff/cache   available
Mem:           503Gi        17Gi        45Gi       196Mi       440Gi       482Gi
Swap:          8.0Gi       585Mi       7.4Gi

===== 2026-01-26 08:11:06 =====
               total        used        free      shared  buff/cache   available
Mem:           503Gi        17Gi        45Gi       196Mi       440Gi       482Gi
Swap:          8.0Gi       585Mi       7.4Gi

===== 2026-01-26 08:11:07 =====
               total        used        free      shared  buff/cache   available
Mem:           503Gi        17Gi        45Gi       196Mi       440Gi       482Gi
Swap:          8.0Gi       585Mi       7.4Gi

===== 2026-01-26 08:11:08 =====
               total        used        free      shared  buff/cache   available
Mem:           503Gi        18Gi        45Gi       196Mi       440Gi       482Gi
Swap:          8.0Gi       585Mi       7.4Gi

===== 2026-01-26 08:11:09 =====
               total        used        free      shared  buff/cache   available
Mem:           503Gi        18Gi        44Gi       196Mi       440Gi       481Gi
Swap:          8.0Gi       585Mi       7.4Gi

===== 2026-01-26 08:11:10 =====
               total        used        free      shared  buff/cache   available
Mem:           503Gi        18Gi        44Gi       196Mi       440Gi       481Gi
Swap:          8.0Gi       585Mi       7.4Gi

===== 2026-01-26 08:11:11 =====
               total        used        free      shared  buff/cache   available
Mem:           503Gi        15Gi        48Gi       204Mi       440Gi       484Gi
Swap:          8.0Gi       585Mi       7.4Gi

===== 2026-01-26 08:11:12 =====
               total        used        free      shared  buff/cache   available
Mem:           503Gi        16Gi        46Gi       300Mi       440Gi       483Gi
Swap:          8.0Gi       585Mi       7.4Gi

===== 2026-01-26 08:11:13 =====
               total        used        free      shared  buff/cache   available
Mem:           503Gi        17Gi        45Gi       472Mi       440Gi       482Gi
Swap:          8.0Gi       585Mi       7.4Gi

===== 2026-01-26 08:11:14 =====
               total        used        free      shared  buff/cache   available
Mem:           503Gi        17Gi        45Gi       646Mi       440Gi       481Gi
Swap:          8.0Gi       585Mi       7.4Gi

===== 2026-01-26 08:11:15 =====
               total        used        free      shared  buff/cache   available
Mem:           503Gi        18Gi        44Gi       891Mi       440Gi       481Gi
Swap:          8.0Gi       585Mi       7.4Gi

===== 2026-01-26 08:11:16 =====
               total        used        free      shared  buff/cache   available
Mem:           503Gi        18Gi        43Gi       892Mi       440Gi       480Gi
Swap:          8.0Gi       585Mi       7.4Gi

===== 2026-01-26 08:11:17 =====
               total        used        free      shared  buff/cache   available
Mem:           503Gi        18Gi        43Gi       892Mi       440Gi       480Gi
Swap:          8.0Gi       585Mi       7.4Gi

===== 2026-01-26 08:11:18 =====
               total        used        free      shared  buff/cache   available
Mem:           503Gi        18Gi        43Gi       892Mi       440Gi       480Gi
Swap:          8.0Gi       585Mi       7.4Gi

===== 2026-01-26 08:11:19 =====
               total        used        free      shared  buff/cache   available
Mem:           503Gi        20Gi        42Gi       892Mi       440Gi       479Gi
Swap:          8.0Gi       585Mi       7.4Gi

===== 2026-01-26 08:11:20 =====
               total        used        free      shared  buff/cache   available
Mem:           503Gi        20Gi        42Gi       892Mi       440Gi       479Gi
Swap:          8.0Gi       585Mi       7.4Gi

===== 2026-01-26 08:11:21 =====
               total        used        free      shared  buff/cache   available
Mem:           503Gi        20Gi        42Gi       892Mi       440Gi       479Gi
Swap:          8.0Gi       585Mi       7.4Gi

===== 2026-01-26 08:11:22 =====
               total        used        free      shared  buff/cache   available
Mem:           503Gi        20Gi        42Gi       892Mi       440Gi       478Gi
Swap:          8.0Gi       585Mi       7.4Gi

===== 2026-01-26 08:11:23 =====
               total        used        free      shared  buff/cache   available
Mem:           503Gi        20Gi        42Gi       892Mi       440Gi       479Gi
Swap:          8.0Gi       585Mi       7.4Gi

===== 2026-01-26 08:11:24 =====
               total        used        free      shared  buff/cache   available
Mem:           503Gi        20Gi        42Gi       892Mi       440Gi       479Gi
Swap:          8.0Gi       585Mi       7.4Gi

===== 2026-01-26 08:11:25 =====
               total        used        free      shared  buff/cache   available
Mem:           503Gi        20Gi        42Gi       892Mi       440Gi       478Gi
Swap:          8.0Gi       585Mi       7.4Gi

===== 2026-01-26 08:11:26 =====
               total        used        free      shared  buff/cache   available
Mem:           503Gi        20Gi        42Gi       892Mi       440Gi       479Gi
Swap:          8.0Gi       585Mi       7.4Gi

===== 2026-01-26 08:11:27 =====
               total        used        free      shared  buff/cache   available
Mem:           503Gi        20Gi        42Gi       892Mi       440Gi       478Gi
Swap:          8.0Gi       585Mi       7.4Gi

===== 2026-01-26 08:11:28 =====
               total        used        free      shared  buff/cache   available
Mem:           503Gi        20Gi        42Gi       892Mi       440Gi       479Gi
Swap:          8.0Gi       585Mi       7.4Gi

===== 2026-01-26 08:11:29 =====
               total        used        free      shared  buff/cache   available
Mem:           503Gi        20Gi        42Gi       892Mi       440Gi       478Gi
Swap:          8.0Gi       585Mi       7.4Gi

===== 2026-01-26 08:11:30 =====
               total        used        free      shared  buff/cache   available
Mem:           503Gi        20Gi        42Gi       892Mi       440Gi       478Gi
Swap:          8.0Gi       585Mi       7.4Gi

===== 2026-01-26 08:11:31 =====
               total        used        free      shared  buff/cache   available
Mem:           503Gi        20Gi        42Gi       892Mi       440Gi       478Gi
Swap:          8.0Gi       585Mi       7.4Gi

===== 2026-01-26 08:11:32 =====
               total        used        free      shared  buff/cache   available
Mem:           503Gi        20Gi        42Gi       892Mi       440Gi       479Gi
Swap:          8.0Gi       585Mi       7.4Gi

===== 2026-01-26 08:11:33 =====
               total        used        free      shared  buff/cache   available
Mem:           503Gi        20Gi        42Gi       892Mi       440Gi       478Gi
Swap:          8.0Gi       585Mi       7.4Gi

===== 2026-01-26 08:11:34 =====
               total        used        free      shared  buff/cache   available
Mem:           503Gi        20Gi        42Gi       892Mi       440Gi       478Gi
Swap:          8.0Gi       585Mi       7.4Gi

===== 2026-01-26 08:11:35 =====
               total        used        free      shared  buff/cache   available
Mem:           503Gi        20Gi        42Gi       892Mi       440Gi       478Gi
Swap:          8.0Gi       585Mi       7.4Gi

===== 2026-01-26 08:11:36 =====
               total        used        free      shared  buff/cache   available
Mem:           503Gi        20Gi        42Gi       892Mi       440Gi       478Gi
Swap:          8.0Gi       585Mi       7.4Gi

===== 2026-01-26 08:11:37 =====
               total        used        free      shared  buff/cache   available
Mem:           503Gi        20Gi        42Gi       892Mi       440Gi       478Gi
Swap:          8.0Gi       585Mi       7.4Gi

===== 2026-01-26 08:11:38 =====
               total        used        free      shared  buff/cache   available
Mem:           503Gi        20Gi        42Gi       892Mi       440Gi       478Gi
Swap:          8.0Gi       585Mi       7.4Gi

===== 2026-01-26 08:11:39 =====
               total        used        free      shared  buff/cache   available
Mem:           503Gi        20Gi        42Gi       892Mi       440Gi       478Gi
Swap:          8.0Gi       585Mi       7.4Gi

===== 2026-01-26 08:11:40 =====
               total        used        free      shared  buff/cache   available
Mem:           503Gi        20Gi        42Gi       892Mi       440Gi       478Gi
Swap:          8.0Gi       585Mi       7.4Gi

===== 2026-01-26 08:11:41 =====
               total        used        free      shared  buff/cache   available
Mem:           503Gi        20Gi        42Gi       892Mi       440Gi       478Gi
Swap:          8.0Gi       585Mi       7.4Gi

===== 2026-01-26 08:11:42 =====
               total        used        free      shared  buff/cache   available
Mem:           503Gi        20Gi        42Gi       892Mi       440Gi       478Gi
Swap:          8.0Gi       585Mi       7.4Gi

===== 2026-01-26 08:11:43 =====
               total        used        free      shared  buff/cache   available
Mem:           503Gi        20Gi        42Gi       892Mi       440Gi       478Gi
Swap:          8.0Gi       585Mi       7.4Gi

===== 2026-01-26 08:11:44 =====
               total        used        free      shared  buff/cache   available
Mem:           503Gi        20Gi        42Gi       892Mi       440Gi       478Gi
Swap:          8.0Gi       585Mi       7.4Gi

===== 2026-01-26 08:11:45 =====
               total        used        free      shared  buff/cache   available
Mem:           503Gi        20Gi        42Gi       892Mi       440Gi       478Gi
Swap:          8.0Gi       585Mi       7.4Gi

===== 2026-01-26 08:11:46 =====
               total        used        free      shared  buff/cache   available
Mem:           503Gi        20Gi        42Gi       892Mi       440Gi       478Gi
Swap:          8.0Gi       585Mi       7.4Gi

===== 2026-01-26 08:11:47 =====
               total        used        free      shared  buff/cache   available
Mem:           503Gi        20Gi        42Gi       892Mi       440Gi       478Gi
Swap:          8.0Gi       585Mi       7.4Gi

===== 2026-01-26 08:11:48 =====
               total        used        free      shared  buff/cache   available
Mem:           503Gi        20Gi        42Gi       892Mi       440Gi       478Gi
Swap:          8.0Gi       585Mi       7.4Gi

===== 2026-01-26 08:11:49 =====
               total        used        free      shared  buff/cache   available
Mem:           503Gi        20Gi        42Gi       892Mi       440Gi       478Gi
Swap:          8.0Gi       585Mi       7.4Gi

===== 2026-01-26 08:11:50 =====
               total        used        free      shared  buff/cache   available
Mem:           503Gi        20Gi        42Gi       892Mi       440Gi       478Gi
Swap:          8.0Gi       585Mi       7.4Gi

===== 2026-01-26 08:11:51 =====
               total        used        free      shared  buff/cache   available
Mem:           503Gi        20Gi        42Gi       892Mi       440Gi       478Gi
Swap:          8.0Gi       585Mi       7.4Gi

===== 2026-01-26 08:11:52 =====
               total        used        free      shared  buff/cache   available
Mem:           503Gi        20Gi        42Gi       892Mi       440Gi       478Gi
Swap:          8.0Gi       585Mi       7.4Gi

===== 2026-01-26 08:11:53 =====
               total        used        free      shared  buff/cache   available
Mem:           503Gi        20Gi        42Gi       892Mi       440Gi       478Gi
Swap:          8.0Gi       585Mi       7.4Gi

===== 2026-01-26 08:11:54 =====
               total        used        free      shared  buff/cache   available
Mem:           503Gi        20Gi        42Gi       892Mi       440Gi       478Gi
Swap:          8.0Gi       585Mi       7.4Gi

===== 2026-01-26 08:11:55 =====
               total        used        free      shared  buff/cache   available
Mem:           503Gi        20Gi        42Gi       892Mi       440Gi       478Gi
Swap:          8.0Gi       585Mi       7.4Gi

===== 2026-01-26 08:11:56 =====
               total        used        free      shared  buff/cache   available
Mem:           503Gi        17Gi        45Gi       891Mi       440Gi       482Gi
Swap:          8.0Gi       585Mi       7.4Gi

===== 2026-01-26 08:11:57 =====
               total        used        free      shared  buff/cache   available
Mem:           503Gi        17Gi        45Gi       891Mi       440Gi       482Gi
Swap:          8.0Gi       585Mi       7.4Gi

===== 2026-01-26 08:11:58 =====
               total        used        free      shared  buff/cache   available
Mem:           503Gi        17Gi        45Gi       588Mi       440Gi       481Gi
Swap:          8.0Gi       585Mi       7.4Gi

===== 2026-01-26 08:11:59 =====
               total        used        free      shared  buff/cache   available
Mem:           503Gi        16Gi        46Gi       348Mi       440Gi       483Gi
Swap:          8.0Gi       585Mi       7.4Gi

===== 2026-01-26 08:12:00 =====
               total        used        free      shared  buff/cache   available
Mem:           503Gi        10Gi        52Gi       268Mi       440Gi       489Gi
Swap:          8.0Gi       585Mi       7.4Gi

===== 2026-01-26 08:12:01 =====
               total        used        free      shared  buff/cache   available
Mem:           503Gi       8.8Gi        54Gi       140Mi       440Gi       491Gi
Swap:          8.0Gi       585Mi       7.4Gi

===== 2026-01-26 08:12:02 =====
               total        used        free      shared  buff/cache   available
Mem:           503Gi       8.5Gi        55Gi       140Mi       440Gi       491Gi
Swap:          8.0Gi       585Mi       7.4Gi

===== 2026-01-26 08:12:03 =====
               total        used        free      shared  buff/cache   available
Mem:           503Gi       8.5Gi        55Gi       140Mi       440Gi       491Gi
Swap:          8.0Gi       585Mi       7.4Gi

===== 2026-01-26 08:12:04 =====
               total        used        free      shared  buff/cache   available
Mem:           503Gi       8.5Gi        55Gi       140Mi       440Gi       491Gi
Swap:          8.0Gi       585Mi       7.4Gi

===== 2026-01-26 08:12:05 =====
               total        used        free      shared  buff/cache   available
Mem:           503Gi       8.5Gi        55Gi       140Mi       440Gi       491Gi
Swap:          8.0Gi       585Mi       7.4Gi

===== 2026-01-26 08:12:06 =====
               total        used        free      shared  buff/cache   available
Mem:           503Gi       8.5Gi        55Gi       140Mi       440Gi       491Gi
Swap:          8.0Gi       585Mi       7.4Gi

===== 2026-01-26 08:12:07 =====
               total        used        free      shared  buff/cache   available
Mem:           503Gi       8.5Gi        55Gi       140Mi       440Gi       491Gi
Swap:          8.0Gi       585Mi       7.4Gi

===== 2026-01-26 08:12:08 =====
               total        used        free      shared  buff/cache   available
Mem:           503Gi       8.5Gi        55Gi       140Mi       440Gi       491Gi
Swap:          8.0Gi       585Mi       7.4Gi

===== 2026-01-26 08:12:09 =====
               total        used        free      shared  buff/cache   available
Mem:           503Gi       8.5Gi        55Gi       140Mi       440Gi       491Gi
Swap:          8.0Gi       585Mi       7.4Gi

===== 2026-01-26 08:12:10 =====
               total        used        free      shared  buff/cache   available
Mem:           503Gi       8.7Gi        54Gi       140Mi       440Gi       491Gi
Swap:          8.0Gi       585Mi       7.4Gi

===== 2026-01-26 08:12:11 =====
               total        used        free      shared  buff/cache   available
Mem:           503Gi       9.9Gi        53Gi       140Mi       440Gi       490Gi
Swap:          8.0Gi       585Mi       7.4Gi

===== 2026-01-26 08:12:12 =====
               total        used        free      shared  buff/cache   available
Mem:           503Gi        10Gi        52Gi       140Mi       440Gi       489Gi
Swap:          8.0Gi       585Mi       7.4Gi

===== 2026-01-26 08:12:13 =====
               total        used        free      shared  buff/cache   available
Mem:           503Gi        11Gi        52Gi       140Mi       440Gi       488Gi
Swap:          8.0Gi       585Mi       7.4Gi

===== 2026-01-26 08:12:14 =====
               total        used        free      shared  buff/cache   available
Mem:           503Gi        11Gi        52Gi       140Mi       440Gi       488Gi
Swap:          8.0Gi       585Mi       7.4Gi

===== 2026-01-26 08:12:15 =====
               total        used        free      shared  buff/cache   available
Mem:           503Gi        11Gi        52Gi       140Mi       440Gi       488Gi
Swap:          8.0Gi       585Mi       7.4Gi

===== 2026-01-26 08:12:16 =====
               total        used        free      shared  buff/cache   available
Mem:           503Gi        11Gi        51Gi       140Mi       440Gi       488Gi
Swap:          8.0Gi       585Mi       7.4Gi

===== 2026-01-26 08:12:17 =====
               total        used        free      shared  buff/cache   available
Mem:           503Gi        13Gi        50Gi       140Mi       440Gi       487Gi
Swap:          8.0Gi       585Mi       7.4Gi

===== 2026-01-26 08:12:18 =====
               total        used        free      shared  buff/cache   available
Mem:           503Gi        13Gi        49Gi       140Mi       440Gi       486Gi
Swap:          8.0Gi       585Mi       7.4Gi

===== 2026-01-26 08:12:19 =====
               total        used        free      shared  buff/cache   available
Mem:           503Gi        14Gi        48Gi       140Mi       440Gi       485Gi
Swap:          8.0Gi       585Mi       7.4Gi

===== 2026-01-26 08:12:20 =====
               total        used        free      shared  buff/cache   available
Mem:           503Gi        15Gi        48Gi       140Mi       440Gi       484Gi
Swap:          8.0Gi       585Mi       7.4Gi

===== 2026-01-26 08:12:21 =====
               total        used        free      shared  buff/cache   available
Mem:           503Gi        15Gi        48Gi       140Mi       440Gi       484Gi
Swap:          8.0Gi       585Mi       7.4Gi

===== 2026-01-26 08:12:22 =====
               total        used        free      shared  buff/cache   available
Mem:           503Gi        15Gi        48Gi       140Mi       440Gi       484Gi
Swap:          8.0Gi       585Mi       7.4Gi

===== 2026-01-26 08:12:23 =====
               total        used        free      shared  buff/cache   available
Mem:           503Gi        15Gi        47Gi       140Mi       440Gi       484Gi
Swap:          8.0Gi       585Mi       7.4Gi

===== 2026-01-26 08:12:24 =====
               total        used        free      shared  buff/cache   available
Mem:           503Gi        16Gi        47Gi       140Mi       440Gi       483Gi
Swap:          8.0Gi       585Mi       7.4Gi

===== 2026-01-26 08:12:25 =====
               total        used        free      shared  buff/cache   available
Mem:           503Gi        16Gi        47Gi       140Mi       440Gi       483Gi
Swap:          8.0Gi       585Mi       7.4Gi

===== 2026-01-26 08:12:26 =====
               total        used        free      shared  buff/cache   available
Mem:           503Gi        13Gi        50Gi       148Mi       440Gi       487Gi
Swap:          8.0Gi       585Mi       7.4Gi

===== 2026-01-26 08:12:27 =====
               total        used        free      shared  buff/cache   available
Mem:           503Gi        14Gi        49Gi       148Mi       440Gi       486Gi
Swap:          8.0Gi       585Mi       7.4Gi

===== 2026-01-26 08:12:28 =====
               total        used        free      shared  buff/cache   available
Mem:           503Gi        14Gi        48Gi       148Mi       440Gi       485Gi
Swap:          8.0Gi       585Mi       7.4Gi

===== 2026-01-26 08:12:29 =====
               total        used        free      shared  buff/cache   available
Mem:           503Gi        15Gi        48Gi       148Mi       440Gi       484Gi
Swap:          8.0Gi       585Mi       7.4Gi

===== 2026-01-26 08:12:30 =====
               total        used        free      shared  buff/cache   available
Mem:           503Gi        15Gi        47Gi       148Mi       440Gi       484Gi
Swap:          8.0Gi       585Mi       7.4Gi

===== 2026-01-26 08:12:31 =====
               total        used        free      shared  buff/cache   available
Mem:           503Gi        15Gi        47Gi       148Mi       440Gi       484Gi
Swap:          8.0Gi       585Mi       7.4Gi

===== 2026-01-26 08:12:32 =====
               total        used        free      shared  buff/cache   available
Mem:           503Gi        15Gi        47Gi       148Mi       440Gi       484Gi
Swap:          8.0Gi       585Mi       7.4Gi

===== 2026-01-26 08:12:33 =====
               total        used        free      shared  buff/cache   available
Mem:           503Gi        16Gi        47Gi       148Mi       440Gi       484Gi
Swap:          8.0Gi       585Mi       7.4Gi

===== 2026-01-26 08:12:34 =====
               total        used        free      shared  buff/cache   available
Mem:           503Gi        16Gi        46Gi       148Mi       440Gi       483Gi
Swap:          8.0Gi       585Mi       7.4Gi

===== 2026-01-26 08:12:35 =====
               total        used        free      shared  buff/cache   available
Mem:           503Gi        16Gi        46Gi       148Mi       440Gi       483Gi
Swap:          8.0Gi       585Mi       7.4Gi

===== 2026-01-26 08:12:36 =====
               total        used        free      shared  buff/cache   available
Mem:           503Gi        13Gi        49Gi       156Mi       440Gi       486Gi
Swap:          8.0Gi       585Mi       7.4Gi

===== 2026-01-26 08:12:37 =====
               total        used        free      shared  buff/cache   available
Mem:           503Gi        14Gi        49Gi       156Mi       440Gi       485Gi
Swap:          8.0Gi       585Mi       7.4Gi

===== 2026-01-26 08:12:38 =====
               total        used        free      shared  buff/cache   available
Mem:           503Gi        15Gi        48Gi       156Mi       440Gi       485Gi
Swap:          8.0Gi       585Mi       7.4Gi

===== 2026-01-26 08:12:39 =====
               total        used        free      shared  buff/cache   available
Mem:           503Gi        15Gi        47Gi       156Mi       440Gi       484Gi
Swap:          8.0Gi       585Mi       7.4Gi

===== 2026-01-26 08:12:40 =====
               total        used        free      shared  buff/cache   available
Mem:           503Gi        16Gi        47Gi       156Mi       440Gi       484Gi
Swap:          8.0Gi       585Mi       7.4Gi

===== 2026-01-26 08:12:41 =====
               total        used        free      shared  buff/cache   available
Mem:           503Gi        16Gi        47Gi       156Mi       440Gi       484Gi
Swap:          8.0Gi       585Mi       7.4Gi

===== 2026-01-26 08:12:42 =====
               total        used        free      shared  buff/cache   available
Mem:           503Gi        16Gi        47Gi       156Mi       440Gi       484Gi
Swap:          8.0Gi       585Mi       7.4Gi

===== 2026-01-26 08:12:43 =====
               total        used        free      shared  buff/cache   available
Mem:           503Gi        16Gi        46Gi       156Mi       440Gi       483Gi
Swap:          8.0Gi       585Mi       7.4Gi

===== 2026-01-26 08:12:44 =====
               total        used        free      shared  buff/cache   available
Mem:           503Gi        17Gi        46Gi       156Mi       440Gi       483Gi
Swap:          8.0Gi       585Mi       7.4Gi

===== 2026-01-26 08:12:45 =====
               total        used        free      shared  buff/cache   available
Mem:           503Gi        17Gi        46Gi       164Mi       440Gi       483Gi
Swap:          8.0Gi       585Mi       7.4Gi

===== 2026-01-26 08:12:46 =====
               total        used        free      shared  buff/cache   available
Mem:           503Gi        14Gi        49Gi       164Mi       440Gi       485Gi
Swap:          8.0Gi       585Mi       7.4Gi

===== 2026-01-26 08:12:47 =====
               total        used        free      shared  buff/cache   available
Mem:           503Gi        15Gi        48Gi       164Mi       440Gi       485Gi
Swap:          8.0Gi       585Mi       7.4Gi

===== 2026-01-26 08:12:48 =====
               total        used        free      shared  buff/cache   available
Mem:           503Gi        15Gi        47Gi       164Mi       440Gi       484Gi
Swap:          8.0Gi       585Mi       7.4Gi

===== 2026-01-26 08:12:49 =====
               total        used        free      shared  buff/cache   available
Mem:           503Gi        16Gi        47Gi       164Mi       440Gi       483Gi
Swap:          8.0Gi       585Mi       7.4Gi

===== 2026-01-26 08:12:50 =====
               total        used        free      shared  buff/cache   available
Mem:           503Gi        16Gi        47Gi       164Mi       440Gi       483Gi
Swap:          8.0Gi       585Mi       7.4Gi

===== 2026-01-26 08:12:51 =====
               total        used        free      shared  buff/cache   available
Mem:           503Gi        16Gi        47Gi       164Mi       440Gi       483Gi
Swap:          8.0Gi       585Mi       7.4Gi

===== 2026-01-26 08:12:52 =====
               total        used        free      shared  buff/cache   available
Mem:           503Gi        16Gi        47Gi       164Mi       440Gi       483Gi
Swap:          8.0Gi       585Mi       7.4Gi

===== 2026-01-26 08:12:53 =====
               total        used        free      shared  buff/cache   available
Mem:           503Gi        16Gi        46Gi       164Mi       440Gi       483Gi
Swap:          8.0Gi       585Mi       7.4Gi

===== 2026-01-26 08:12:54 =====
               total        used        free      shared  buff/cache   available
Mem:           503Gi        17Gi        46Gi       164Mi       440Gi       482Gi
Swap:          8.0Gi       585Mi       7.4Gi

===== 2026-01-26 08:12:55 =====
               total        used        free      shared  buff/cache   available
Mem:           503Gi        17Gi        45Gi       172Mi       440Gi       482Gi
Swap:          8.0Gi       585Mi       7.4Gi

===== 2026-01-26 08:12:56 =====
               total        used        free      shared  buff/cache   available
Mem:           503Gi        14Gi        48Gi       172Mi       440Gi       485Gi
Swap:          8.0Gi       585Mi       7.4Gi

===== 2026-01-26 08:12:57 =====
               total        used        free      shared  buff/cache   available
Mem:           503Gi        15Gi        48Gi       172Mi       440Gi       485Gi
Swap:          8.0Gi       585Mi       7.4Gi

===== 2026-01-26 08:12:58 =====
               total        used        free      shared  buff/cache   available
Mem:           503Gi        16Gi        47Gi       172Mi       440Gi       484Gi
Swap:          8.0Gi       585Mi       7.4Gi

===== 2026-01-26 08:12:59 =====
               total        used        free      shared  buff/cache   available
Mem:           503Gi        16Gi        46Gi       172Mi       440Gi       483Gi
Swap:          8.0Gi       585Mi       7.4Gi

===== 2026-01-26 08:13:00 =====
               total        used        free      shared  buff/cache   available
Mem:           503Gi        16Gi        46Gi       172Mi       440Gi       483Gi
Swap:          8.0Gi       585Mi       7.4Gi

===== 2026-01-26 08:13:01 =====
               total        used        free      shared  buff/cache   available
Mem:           503Gi        16Gi        46Gi       172Mi       440Gi       483Gi
Swap:          8.0Gi       585Mi       7.4Gi

===== 2026-01-26 08:13:02 =====
               total        used        free      shared  buff/cache   available
Mem:           503Gi        16Gi        46Gi       172Mi       440Gi       483Gi
Swap:          8.0Gi       585Mi       7.4Gi

===== 2026-01-26 08:13:03 =====
               total        used        free      shared  buff/cache   available
Mem:           503Gi        17Gi        45Gi       172Mi       440Gi       482Gi
Swap:          8.0Gi       585Mi       7.4Gi

===== 2026-01-26 08:13:04 =====
               total        used        free      shared  buff/cache   available
Mem:           503Gi        17Gi        45Gi       172Mi       440Gi       482Gi
Swap:          8.0Gi       585Mi       7.4Gi

===== 2026-01-26 08:13:05 =====
               total        used        free      shared  buff/cache   available
Mem:           503Gi        14Gi        49Gi       180Mi       440Gi       485Gi
Swap:          8.0Gi       585Mi       7.4Gi

===== 2026-01-26 08:13:06 =====
               total        used        free      shared  buff/cache   available
Mem:           503Gi        15Gi        48Gi       180Mi       440Gi       484Gi
Swap:          8.0Gi       585Mi       7.4Gi

===== 2026-01-26 08:13:07 =====
               total        used        free      shared  buff/cache   available
Mem:           503Gi        16Gi        47Gi       180Mi       440Gi       484Gi
Swap:          8.0Gi       585Mi       7.4Gi

===== 2026-01-26 08:13:08 =====
               total        used        free      shared  buff/cache   available
Mem:           503Gi        16Gi        46Gi       180Mi       440Gi       483Gi
Swap:          8.0Gi       585Mi       7.4Gi

===== 2026-01-26 08:13:09 =====
               total        used        free      shared  buff/cache   available
Mem:           503Gi        17Gi        46Gi       180Mi       440Gi       483Gi
Swap:          8.0Gi       585Mi       7.4Gi

===== 2026-01-26 08:13:10 =====
               total        used        free      shared  buff/cache   available
Mem:           503Gi        17Gi        46Gi       180Mi       440Gi       483Gi
Swap:          8.0Gi       585Mi       7.4Gi

===== 2026-01-26 08:13:11 =====
               total        used        free      shared  buff/cache   available
Mem:           503Gi        17Gi        46Gi       180Mi       440Gi       483Gi
Swap:          8.0Gi       585Mi       7.4Gi

===== 2026-01-26 08:13:12 =====
               total        used        free      shared  buff/cache   available
Mem:           503Gi        17Gi        46Gi       180Mi       440Gi       482Gi
Swap:          8.0Gi       585Mi       7.4Gi

===== 2026-01-26 08:13:13 =====
               total        used        free      shared  buff/cache   available
Mem:           503Gi        18Gi        45Gi       180Mi       440Gi       482Gi
Swap:          8.0Gi       585Mi       7.4Gi

===== 2026-01-26 08:13:14 =====
               total        used        free      shared  buff/cache   available
Mem:           503Gi        18Gi        45Gi       180Mi       440Gi       482Gi
Swap:          8.0Gi       585Mi       7.4Gi

===== 2026-01-26 08:13:15 =====
               total        used        free      shared  buff/cache   available
Mem:           503Gi        15Gi        48Gi       188Mi       440Gi       485Gi
Swap:          8.0Gi       585Mi       7.4Gi

===== 2026-01-26 08:13:16 =====
               total        used        free      shared  buff/cache   available
Mem:           503Gi        15Gi        47Gi       188Mi       440Gi       484Gi
Swap:          8.0Gi       585Mi       7.4Gi

===== 2026-01-26 08:13:17 =====
               total        used        free      shared  buff/cache   available
Mem:           503Gi        15Gi        47Gi       188Mi       440Gi       484Gi
Swap:          8.0Gi       585Mi       7.4Gi

===== 2026-01-26 08:13:18 =====
               total        used        free      shared  buff/cache   available
Mem:           503Gi        16Gi        47Gi       188Mi       440Gi       484Gi
Swap:          8.0Gi       585Mi       7.4Gi

===== 2026-01-26 08:13:19 =====
               total        used        free      shared  buff/cache   available
Mem:           503Gi        16Gi        47Gi       188Mi       440Gi       483Gi
Swap:          8.0Gi       585Mi       7.4Gi

===== 2026-01-26 08:13:20 =====
               total        used        free      shared  buff/cache   available
Mem:           503Gi        16Gi        47Gi       188Mi       440Gi       483Gi
Swap:          8.0Gi       585Mi       7.4Gi

===== 2026-01-26 08:13:21 =====
               total        used        free      shared  buff/cache   available
Mem:           503Gi        16Gi        46Gi       188Mi       440Gi       483Gi
Swap:          8.0Gi       585Mi       7.4Gi

===== 2026-01-26 08:13:22 =====
               total        used        free      shared  buff/cache   available
Mem:           503Gi        16Gi        46Gi       188Mi       440Gi       483Gi
Swap:          8.0Gi       585Mi       7.4Gi

===== 2026-01-26 08:13:23 =====
               total        used        free      shared  buff/cache   available
Mem:           503Gi        17Gi        46Gi       188Mi       440Gi       483Gi
Swap:          8.0Gi       585Mi       7.4Gi

===== 2026-01-26 08:13:24 =====
               total        used        free      shared  buff/cache   available
Mem:           503Gi        17Gi        46Gi       188Mi       440Gi       483Gi
Swap:          8.0Gi       585Mi       7.4Gi

===== 2026-01-26 08:13:25 =====
               total        used        free      shared  buff/cache   available
Mem:           503Gi        17Gi        46Gi       188Mi       440Gi       482Gi
Swap:          8.0Gi       585Mi       7.4Gi

===== 2026-01-26 08:13:26 =====
               total        used        free      shared  buff/cache   available
Mem:           503Gi        17Gi        45Gi       188Mi       440Gi       482Gi
Swap:          8.0Gi       585Mi       7.4Gi

===== 2026-01-26 08:13:27 =====
               total        used        free      shared  buff/cache   available
Mem:           503Gi        17Gi        45Gi       188Mi       440Gi       482Gi
Swap:          8.0Gi       585Mi       7.4Gi

===== 2026-01-26 08:13:28 =====
               total        used        free      shared  buff/cache   available
Mem:           503Gi        17Gi        45Gi       188Mi       440Gi       482Gi
Swap:          8.0Gi       585Mi       7.4Gi

===== 2026-01-26 08:13:29 =====
               total        used        free      shared  buff/cache   available
Mem:           503Gi        17Gi        45Gi       188Mi       440Gi       482Gi
Swap:          8.0Gi       585Mi       7.4Gi

===== 2026-01-26 08:13:30 =====
               total        used        free      shared  buff/cache   available
Mem:           503Gi        18Gi        45Gi       188Mi       440Gi       481Gi
Swap:          8.0Gi       585Mi       7.4Gi

===== 2026-01-26 08:13:31 =====
               total        used        free      shared  buff/cache   available
Mem:           503Gi        18Gi        44Gi       195Mi       440Gi       481Gi
Swap:          8.0Gi       585Mi       7.4Gi

===== 2026-01-26 08:13:32 =====
               total        used        free      shared  buff/cache   available
Mem:           503Gi        15Gi        47Gi       196Mi       440Gi       484Gi
Swap:          8.0Gi       585Mi       7.4Gi

===== 2026-01-26 08:13:33 =====
               total        used        free      shared  buff/cache   available
Mem:           503Gi        16Gi        47Gi       196Mi       440Gi       483Gi
Swap:          8.0Gi       585Mi       7.4Gi

===== 2026-01-26 08:13:34 =====
               total        used        free      shared  buff/cache   available
Mem:           503Gi        17Gi        46Gi       196Mi       440Gi       483Gi
Swap:          8.0Gi       585Mi       7.4Gi

===== 2026-01-26 08:13:35 =====
               total        used        free      shared  buff/cache   available
Mem:           503Gi        17Gi        45Gi       196Mi       440Gi       482Gi
Swap:          8.0Gi       585Mi       7.4Gi

===== 2026-01-26 08:13:36 =====
               total        used        free      shared  buff/cache   available
Mem:           503Gi        17Gi        45Gi       196Mi       440Gi       482Gi
Swap:          8.0Gi       585Mi       7.4Gi

===== 2026-01-26 08:13:37 =====
               total        used        free      shared  buff/cache   available
Mem:           503Gi        17Gi        45Gi       196Mi       440Gi       482Gi
Swap:          8.0Gi       585Mi       7.4Gi

===== 2026-01-26 08:13:38 =====
               total        used        free      shared  buff/cache   available
Mem:           503Gi        18Gi        45Gi       196Mi       440Gi       482Gi
Swap:          8.0Gi       585Mi       7.4Gi

===== 2026-01-26 08:13:39 =====
               total        used        free      shared  buff/cache   available
Mem:           503Gi        18Gi        44Gi       196Mi       440Gi       481Gi
Swap:          8.0Gi       585Mi       7.4Gi

===== 2026-01-26 08:13:40 =====
               total        used        free      shared  buff/cache   available
Mem:           503Gi        18Gi        44Gi       196Mi       440Gi       481Gi
Swap:          8.0Gi       585Mi       7.4Gi

===== 2026-01-26 08:13:41 =====
               total        used        free      shared  buff/cache   available
Mem:           503Gi        15Gi        47Gi       203Mi       440Gi       484Gi
Swap:          8.0Gi       585Mi       7.4Gi

===== 2026-01-26 08:13:43 =====
               total        used        free      shared  buff/cache   available
Mem:           503Gi        16Gi        46Gi       300Mi       440Gi       483Gi
Swap:          8.0Gi       585Mi       7.4Gi

===== 2026-01-26 08:13:44 =====
               total        used        free      shared  buff/cache   available
Mem:           503Gi        17Gi        46Gi       472Mi       440Gi       482Gi
Swap:          8.0Gi       585Mi       7.4Gi

