idx,mod idx,op,name,target,args
1,,placeholder,input_ids,input_ids,(
2,0,call_module,model_embed_tokens,model.embed_tokens,(%input_ids
3,,call_method,size,size,(%model_embed_tokens
4,,call_function,getitem,<built-in function getitem>,"(%size, 1"
5,,call_function,add,<built-in function add>,"(0, %getitem"
6,,call_function,getattr_1,<built-in function getattr>,"(%model_embed_tokens, device"
7,,call_function,arange,<built-in method arange of type object at 0x7f6ca205f240>,"(0, %add"
8,,call_method,unsqueeze,unsqueeze,"(%arange, 0"
9,,call_method,size_1,size,(%model_embed_tokens
10,,call_function,getitem_1,<built-in function getitem>,"(%size_1, 0"
11,,call_method,size_2,size,(%model_embed_tokens
12,,call_function,getitem_2,<built-in function getitem>,"(%size_2, 1"
13,,call_function,add_1,<built-in function add>,"(%getitem_2, 0"
14,,call_function,eq_1,<built-in function eq>,"(%getitem_2, 1"
15,,call_function,eq_2,<built-in function eq>,"(%add_1, %getitem_2"
16,,get_attr,model_rotary_emb_inv_freq,model.rotary_emb.inv_freq,(
17,,call_function,getitem_3,<built-in function getitem>,"(%model_rotary_emb_inv_freq, (None, slice(None, None, None)"
18,,call_method,float_1,float,(%getitem_3
19,,call_method,size_3,size,(%unsqueeze
20,,call_function,getitem_4,<built-in function getitem>,"(%size_3, 0"
21,,call_method,expand,expand,"(%float_1, %getitem_4, -1, 1"
22,,call_function,getitem_5,<built-in function getitem>,"(%unsqueeze, (slice(None, None, None), None"
23,,call_method,float_2,float,(%getitem_5
24,,call_method,float_3,float,(%expand
25,,call_method,float_4,float,(%float_2
26,,call_function,matmul,<built-in function matmul>,"(%float_3, %float_4"
27,,call_method,transpose,transpose,"(%matmul, 1, 2"
28,,call_function,cat,<built-in method cat of type object at 0x7f6ca205f240>,"((transpose, transpose)"
29,,call_method,cos,cos,(%cat
30,,call_method,sin,sin,(%cat
31,,call_function,mul,<built-in function mul>,"(%cos, 1.0"
32,,call_function,mul_1,<built-in function mul>,"(%sin, 1.0"
33,,call_function,getattr_2,<built-in function getattr>,"(%model_embed_tokens, dtype"
34,,call_method,to,to,(%mul
35,,call_function,getattr_3,<built-in function getattr>,"(%model_embed_tokens, dtype"
36,,call_method,to_1,to,(%mul_1
37,,call_method,to_2,to,"(%model_embed_tokens, torch.float32"
38,,call_method,pow_1,pow,"(%to_2, 2"
39,,call_method,mean,mean,"(%pow_1, -1"
40,,call_function,add_2,<built-in function add>,"(%mean, 1e-05"
41,,call_function,rsqrt,<built-in method rsqrt of type object at 0x7f6ca205f240>,(%add_2
42,,call_function,mul_2,<built-in function mul>,"(%to_2, %rsqrt"
43,,get_attr,model_layers_0_input_layernorm_weight,model.layers.0.input_layernorm.weight,(
44,,call_function,getattr_4,<built-in function getattr>,"(%model_embed_tokens, dtype"
45,,call_method,to_3,to,"(%mul_2, %getattr_4"
46,,call_function,mul_3,<built-in function mul>,"(%model_layers_0_input_layernorm_weight, %to_3"
47,,call_method,size_4,size,(%mul_3
48,,call_function,getitem_6,<built-in function getitem>,"(%size_4, 0"
49,,call_function,getitem_7,<built-in function getitem>,"(%size_4, 1"
50,,call_function,getitem_8,<built-in function getitem>,"(%size_4, 2"
51,1,call_module,model_layers_0_self_attn_q_proj,model.layers.0.self_attn.q_proj,(%mul_3
52,2,call_module,model_layers_0_self_attn_k_proj,model.layers.0.self_attn.k_proj,(%mul_3
53,3,call_module,model_layers_0_self_attn_v_proj,model.layers.0.self_attn.v_proj,(%mul_3
54,,call_method,view,view,"(%model_layers_0_self_attn_q_proj, %getitem_6, %getitem_7, 32, 64"
55,,call_method,transpose_1,transpose,"(%view, 1, 2"
56,,call_method,view_1,view,"(%model_layers_0_self_attn_k_proj, %getitem_6, %getitem_7, 8, 64"
57,,call_method,transpose_2,transpose,"(%view_1, 1, 2"
58,,call_method,view_2,view,"(%model_layers_0_self_attn_v_proj, %getitem_6, %getitem_7, 8, 64"
59,,call_method,transpose_3,transpose,"(%view_2, 1, 2"
60,,call_method,unsqueeze_1,unsqueeze,"(%to, 1"
61,,call_method,unsqueeze_2,unsqueeze,"(%to_1, 1"
62,,call_function,mul_4,<built-in function mul>,"(%transpose_1, %unsqueeze_1"
63,,call_method,size_5,size,(%transpose_1
64,,call_function,getitem_9,<built-in function getitem>,"(%size_5, -1"
65,,call_function,floordiv,<built-in function floordiv>,"(%getitem_9, 2"
66,,call_function,getitem_10,<built-in function getitem>,"(%transpose_1, (Ellipsis, slice(None, floordi"
67,,call_method,size_6,size,(%transpose_1
68,,call_function,getitem_11,<built-in function getitem>,"(%size_6, -1"
69,,call_function,floordiv_1,<built-in function floordiv>,"(%getitem_11, 2"
70,,call_function,getitem_12,<built-in function getitem>,"(%transpose_1, (Ellipsis, slice(floordiv_1, N"
71,,call_function,neg,<built-in function neg>,(%getitem_12
72,,call_function,cat_1,<built-in method cat of type object at 0x7f6ca205f240>,"((neg, getitem_10)"
73,,call_function,mul_5,<built-in function mul>,"(%cat_1, %unsqueeze_2"
74,,call_function,add_3,<built-in function add>,"(%mul_4, %mul_5"
75,,call_function,mul_6,<built-in function mul>,"(%transpose_2, %unsqueeze_1"
76,,call_method,size_7,size,(%transpose_2
77,,call_function,getitem_13,<built-in function getitem>,"(%size_7, -1"
78,,call_function,floordiv_2,<built-in function floordiv>,"(%getitem_13, 2"
79,,call_function,getitem_14,<built-in function getitem>,"(%transpose_2, (Ellipsis, slice(None, floordi"
80,,call_method,size_8,size,(%transpose_2
81,,call_function,getitem_15,<built-in function getitem>,"(%size_8, -1"
82,,call_function,floordiv_3,<built-in function floordiv>,"(%getitem_15, 2"
83,,call_function,getitem_16,<built-in function getitem>,"(%transpose_2, (Ellipsis, slice(floordiv_3, N"
84,,call_function,neg_1,<built-in function neg>,(%getitem_16
85,,call_function,cat_2,<built-in method cat of type object at 0x7f6ca205f240>,"((neg_1, getitem_14)"
86,,call_function,mul_7,<built-in function mul>,"(%cat_2, %unsqueeze_2"
87,,call_function,add_4,<built-in function add>,"(%mul_6, %mul_7"
88,,call_method,size_9,size,(%add_4
89,,call_function,getitem_17,<built-in function getitem>,"(%size_9, 0"
90,,call_function,getitem_18,<built-in function getitem>,"(%size_9, 1"
91,,call_function,getitem_19,<built-in function getitem>,"(%size_9, 2"
92,,call_function,getitem_20,<built-in function getitem>,"(%size_9, 3"
93,,call_function,getitem_21,<built-in function getitem>,"(%add_4, (slice(None, None, None), slic"
94,,call_method,expand_1,expand,"(%getitem_21, %getitem_17, %getitem_18, 4, %getitem_19, %getitem_20"
95,,call_function,mul_8,<built-in function mul>,"(%getitem_18, 4"
96,,call_method,reshape,reshape,"(%expand_1, %getitem_17, %mul_8, %getitem_19, %getitem_20"
97,,call_method,size_10,size,(%transpose_3
98,,call_function,getitem_22,<built-in function getitem>,"(%size_10, 0"
99,,call_function,getitem_23,<built-in function getitem>,"(%size_10, 1"
100,,call_function,getitem_24,<built-in function getitem>,"(%size_10, 2"
101,,call_function,getitem_25,<built-in function getitem>,"(%size_10, 3"
102,,call_function,getitem_26,<built-in function getitem>,"(%transpose_3, (slice(None, None, None), slic"
103,,call_method,expand_2,expand,"(%getitem_26, %getitem_22, %getitem_23, 4, %getitem_24, %getitem_25"
104,,call_function,mul_9,<built-in function mul>,"(%getitem_23, 4"
105,,call_method,reshape_1,reshape,"(%expand_2, %getitem_22, %mul_9, %getitem_24, %getitem_25"
106,,call_function,getattr_5,<built-in function getattr>,"(%add_3, device"
107,,call_function,getattr_6,<built-in function getattr>,"(%getattr_5, type"
108,,call_function,eq_3,<built-in function eq>,"(%getattr_6, cuda"
109,,call_function,gt,<built-in function gt>,"(%getitem_7, 1"
110,,call_function,scaled_dot_product_attention,<built-in function scaled_dot_product_attention>,"(%add_3, %reshape, %reshape_1"
111,,call_method,transpose_4,transpose,"(%scaled_dot_product_attention, 1, 2"
112,,call_method,contiguous,contiguous,(%transpose_4
113,,call_method,view_3,view,"(%contiguous, %getitem_6, %getitem_7, -1"
114,4,call_module,model_layers_0_self_attn_o_proj,model.layers.0.self_attn.o_proj,(%view_3
115,,call_function,add_5,<built-in function add>,"(%model_embed_tokens, %model_layers_0_self_attn_o_proj"
116,,call_method,to_4,to,"(%add_5, torch.float32"
117,,call_method,pow_2,pow,"(%to_4, 2"
118,,call_method,mean_1,mean,"(%pow_2, -1"
119,,call_function,add_6,<built-in function add>,"(%mean_1, 1e-05"
120,,call_function,rsqrt_1,<built-in method rsqrt of type object at 0x7f6ca205f240>,(%add_6
121,,call_function,mul_10,<built-in function mul>,"(%to_4, %rsqrt_1"
122,,get_attr,model_layers_0_post_attention_layernorm_weight,model.layers.0.post_attention_layernorm.weight,(
123,,call_function,getattr_7,<built-in function getattr>,"(%add_5, dtype"
124,,call_method,to_5,to,"(%mul_10, %getattr_7"
125,,call_function,mul_11,<built-in function mul>,"(%model_layers_0_post_attention_layernorm_weight, %to_5"
126,5,call_module,model_layers_0_mlp_gate_proj,model.layers.0.mlp.gate_proj,(%mul_11
127,6,call_module,model_layers_0_mlp_act_fn,model.layers.0.mlp.act_fn,(%model_layers_0_mlp_gate_proj
128,7,call_module,model_layers_0_mlp_up_proj,model.layers.0.mlp.up_proj,(%mul_11
129,,call_function,mul_12,<built-in function mul>,"(%model_layers_0_mlp_act_fn, %model_layers_0_mlp_up_proj"
130,8,call_module,model_layers_0_mlp_down_proj,model.layers.0.mlp.down_proj,(%mul_12
131,,call_function,add_7,<built-in function add>,"(%add_5, %model_layers_0_mlp_down_proj"
132,,call_method,to_6,to,"(%add_7, torch.float32"
133,,call_method,pow_3,pow,"(%to_6, 2"
134,,call_method,mean_2,mean,"(%pow_3, -1"
135,,call_function,add_8,<built-in function add>,"(%mean_2, 1e-05"
136,,call_function,rsqrt_2,<built-in method rsqrt of type object at 0x7f6ca205f240>,(%add_8
137,,call_function,mul_13,<built-in function mul>,"(%to_6, %rsqrt_2"
138,,get_attr,model_layers_1_input_layernorm_weight,model.layers.1.input_layernorm.weight,(
139,,call_function,getattr_8,<built-in function getattr>,"(%add_7, dtype"
140,,call_method,to_7,to,"(%mul_13, %getattr_8"
141,,call_function,mul_14,<built-in function mul>,"(%model_layers_1_input_layernorm_weight, %to_7"
142,,call_method,size_11,size,(%mul_14
143,,call_function,getitem_27,<built-in function getitem>,"(%size_11, 0"
144,,call_function,getitem_28,<built-in function getitem>,"(%size_11, 1"
145,,call_function,getitem_29,<built-in function getitem>,"(%size_11, 2"
146,9,call_module,model_layers_1_self_attn_q_proj,model.layers.1.self_attn.q_proj,(%mul_14
147,10,call_module,model_layers_1_self_attn_k_proj,model.layers.1.self_attn.k_proj,(%mul_14
148,11,call_module,model_layers_1_self_attn_v_proj,model.layers.1.self_attn.v_proj,(%mul_14
149,,call_method,view_4,view,"(%model_layers_1_self_attn_q_proj, %getitem_27, %getitem_28, 32, 64"
150,,call_method,transpose_5,transpose,"(%view_4, 1, 2"
151,,call_method,view_5,view,"(%model_layers_1_self_attn_k_proj, %getitem_27, %getitem_28, 8, 64"
152,,call_method,transpose_6,transpose,"(%view_5, 1, 2"
153,,call_method,view_6,view,"(%model_layers_1_self_attn_v_proj, %getitem_27, %getitem_28, 8, 64"
154,,call_method,transpose_7,transpose,"(%view_6, 1, 2"
155,,call_method,unsqueeze_3,unsqueeze,"(%to, 1"
156,,call_method,unsqueeze_4,unsqueeze,"(%to_1, 1"
157,,call_function,mul_15,<built-in function mul>,"(%transpose_5, %unsqueeze_3"
158,,call_method,size_12,size,(%transpose_5
159,,call_function,getitem_30,<built-in function getitem>,"(%size_12, -1"
160,,call_function,floordiv_4,<built-in function floordiv>,"(%getitem_30, 2"
161,,call_function,getitem_31,<built-in function getitem>,"(%transpose_5, (Ellipsis, slice(None, floordi"
162,,call_method,size_13,size,(%transpose_5
163,,call_function,getitem_32,<built-in function getitem>,"(%size_13, -1"
164,,call_function,floordiv_5,<built-in function floordiv>,"(%getitem_32, 2"
165,,call_function,getitem_33,<built-in function getitem>,"(%transpose_5, (Ellipsis, slice(floordiv_5, N"
166,,call_function,neg_2,<built-in function neg>,(%getitem_33
167,,call_function,cat_3,<built-in method cat of type object at 0x7f6ca205f240>,"((neg_2, getitem_31)"
168,,call_function,mul_16,<built-in function mul>,"(%cat_3, %unsqueeze_4"
169,,call_function,add_9,<built-in function add>,"(%mul_15, %mul_16"
170,,call_function,mul_17,<built-in function mul>,"(%transpose_6, %unsqueeze_3"
171,,call_method,size_14,size,(%transpose_6
172,,call_function,getitem_34,<built-in function getitem>,"(%size_14, -1"
173,,call_function,floordiv_6,<built-in function floordiv>,"(%getitem_34, 2"
174,,call_function,getitem_35,<built-in function getitem>,"(%transpose_6, (Ellipsis, slice(None, floordi"
175,,call_method,size_15,size,(%transpose_6
176,,call_function,getitem_36,<built-in function getitem>,"(%size_15, -1"
177,,call_function,floordiv_7,<built-in function floordiv>,"(%getitem_36, 2"
178,,call_function,getitem_37,<built-in function getitem>,"(%transpose_6, (Ellipsis, slice(floordiv_7, N"
179,,call_function,neg_3,<built-in function neg>,(%getitem_37
180,,call_function,cat_4,<built-in method cat of type object at 0x7f6ca205f240>,"((neg_3, getitem_35)"
181,,call_function,mul_18,<built-in function mul>,"(%cat_4, %unsqueeze_4"
182,,call_function,add_10,<built-in function add>,"(%mul_17, %mul_18"
183,,call_method,size_16,size,(%add_10
184,,call_function,getitem_38,<built-in function getitem>,"(%size_16, 0"
185,,call_function,getitem_39,<built-in function getitem>,"(%size_16, 1"
186,,call_function,getitem_40,<built-in function getitem>,"(%size_16, 2"
187,,call_function,getitem_41,<built-in function getitem>,"(%size_16, 3"
188,,call_function,getitem_42,<built-in function getitem>,"(%add_10, (slice(None, None, None), slic"
189,,call_method,expand_3,expand,"(%getitem_42, %getitem_38, %getitem_39, 4, %getitem_40, %getitem_41"
190,,call_function,mul_19,<built-in function mul>,"(%getitem_39, 4"
191,,call_method,reshape_2,reshape,"(%expand_3, %getitem_38, %mul_19, %getitem_40, %getitem_41"
192,,call_method,size_17,size,(%transpose_7
193,,call_function,getitem_43,<built-in function getitem>,"(%size_17, 0"
194,,call_function,getitem_44,<built-in function getitem>,"(%size_17, 1"
195,,call_function,getitem_45,<built-in function getitem>,"(%size_17, 2"
196,,call_function,getitem_46,<built-in function getitem>,"(%size_17, 3"
197,,call_function,getitem_47,<built-in function getitem>,"(%transpose_7, (slice(None, None, None), slic"
198,,call_method,expand_4,expand,"(%getitem_47, %getitem_43, %getitem_44, 4, %getitem_45, %getitem_46"
199,,call_function,mul_20,<built-in function mul>,"(%getitem_44, 4"
200,,call_method,reshape_3,reshape,"(%expand_4, %getitem_43, %mul_20, %getitem_45, %getitem_46"
201,,call_function,getattr_9,<built-in function getattr>,"(%add_9, device"
202,,call_function,getattr_10,<built-in function getattr>,"(%getattr_9, type"
203,,call_function,eq_4,<built-in function eq>,"(%getattr_10, cuda"
204,,call_function,gt_1,<built-in function gt>,"(%getitem_28, 1"
205,,call_function,scaled_dot_product_attention_1,<built-in function scaled_dot_product_attention>,"(%add_9, %reshape_2, %reshape_3"
206,,call_method,transpose_8,transpose,"(%scaled_dot_product_attention_1, 1, 2"
207,,call_method,contiguous_1,contiguous,(%transpose_8
208,,call_method,view_7,view,"(%contiguous_1, %getitem_27, %getitem_28, -1"
209,12,call_module,model_layers_1_self_attn_o_proj,model.layers.1.self_attn.o_proj,(%view_7
210,,call_function,add_11,<built-in function add>,"(%add_7, %model_layers_1_self_attn_o_proj"
211,,call_method,to_8,to,"(%add_11, torch.float32"
212,,call_method,pow_4,pow,"(%to_8, 2"
213,,call_method,mean_3,mean,"(%pow_4, -1"
214,,call_function,add_12,<built-in function add>,"(%mean_3, 1e-05"
215,,call_function,rsqrt_3,<built-in method rsqrt of type object at 0x7f6ca205f240>,(%add_12
216,,call_function,mul_21,<built-in function mul>,"(%to_8, %rsqrt_3"
217,,get_attr,model_layers_1_post_attention_layernorm_weight,model.layers.1.post_attention_layernorm.weight,(
218,,call_function,getattr_11,<built-in function getattr>,"(%add_11, dtype"
219,,call_method,to_9,to,"(%mul_21, %getattr_11"
220,,call_function,mul_22,<built-in function mul>,"(%model_layers_1_post_attention_layernorm_weight, %to_9"
221,13,call_module,model_layers_1_mlp_gate_proj,model.layers.1.mlp.gate_proj,(%mul_22
222,14,call_module,model_layers_1_mlp_act_fn,model.layers.1.mlp.act_fn,(%model_layers_1_mlp_gate_proj
223,15,call_module,model_layers_1_mlp_up_proj,model.layers.1.mlp.up_proj,(%mul_22
224,,call_function,mul_23,<built-in function mul>,"(%model_layers_1_mlp_act_fn, %model_layers_1_mlp_up_proj"
225,16,call_module,model_layers_1_mlp_down_proj,model.layers.1.mlp.down_proj,(%mul_23
226,,call_function,add_13,<built-in function add>,"(%add_11, %model_layers_1_mlp_down_proj"
227,,call_method,to_10,to,"(%add_13, torch.float32"
228,,call_method,pow_5,pow,"(%to_10, 2"
229,,call_method,mean_4,mean,"(%pow_5, -1"
230,,call_function,add_14,<built-in function add>,"(%mean_4, 1e-05"
231,,call_function,rsqrt_4,<built-in method rsqrt of type object at 0x7f6ca205f240>,(%add_14
232,,call_function,mul_24,<built-in function mul>,"(%to_10, %rsqrt_4"
233,,get_attr,model_layers_2_input_layernorm_weight,model.layers.2.input_layernorm.weight,(
234,,call_function,getattr_12,<built-in function getattr>,"(%add_13, dtype"
235,,call_method,to_11,to,"(%mul_24, %getattr_12"
236,,call_function,mul_25,<built-in function mul>,"(%model_layers_2_input_layernorm_weight, %to_11"
237,,call_method,size_18,size,(%mul_25
238,,call_function,getitem_48,<built-in function getitem>,"(%size_18, 0"
239,,call_function,getitem_49,<built-in function getitem>,"(%size_18, 1"
240,,call_function,getitem_50,<built-in function getitem>,"(%size_18, 2"
241,17,call_module,model_layers_2_self_attn_q_proj,model.layers.2.self_attn.q_proj,(%mul_25
242,18,call_module,model_layers_2_self_attn_k_proj,model.layers.2.self_attn.k_proj,(%mul_25
243,19,call_module,model_layers_2_self_attn_v_proj,model.layers.2.self_attn.v_proj,(%mul_25
244,,call_method,view_8,view,"(%model_layers_2_self_attn_q_proj, %getitem_48, %getitem_49, 32, 64"
245,,call_method,transpose_9,transpose,"(%view_8, 1, 2"
246,,call_method,view_9,view,"(%model_layers_2_self_attn_k_proj, %getitem_48, %getitem_49, 8, 64"
247,,call_method,transpose_10,transpose,"(%view_9, 1, 2"
248,,call_method,view_10,view,"(%model_layers_2_self_attn_v_proj, %getitem_48, %getitem_49, 8, 64"
249,,call_method,transpose_11,transpose,"(%view_10, 1, 2"
250,,call_method,unsqueeze_5,unsqueeze,"(%to, 1"
251,,call_method,unsqueeze_6,unsqueeze,"(%to_1, 1"
252,,call_function,mul_26,<built-in function mul>,"(%transpose_9, %unsqueeze_5"
253,,call_method,size_19,size,(%transpose_9
254,,call_function,getitem_51,<built-in function getitem>,"(%size_19, -1"
255,,call_function,floordiv_8,<built-in function floordiv>,"(%getitem_51, 2"
256,,call_function,getitem_52,<built-in function getitem>,"(%transpose_9, (Ellipsis, slice(None, floordi"
257,,call_method,size_20,size,(%transpose_9
258,,call_function,getitem_53,<built-in function getitem>,"(%size_20, -1"
259,,call_function,floordiv_9,<built-in function floordiv>,"(%getitem_53, 2"
260,,call_function,getitem_54,<built-in function getitem>,"(%transpose_9, (Ellipsis, slice(floordiv_9, N"
261,,call_function,neg_4,<built-in function neg>,(%getitem_54
262,,call_function,cat_5,<built-in method cat of type object at 0x7f6ca205f240>,"((neg_4, getitem_52)"
263,,call_function,mul_27,<built-in function mul>,"(%cat_5, %unsqueeze_6"
264,,call_function,add_15,<built-in function add>,"(%mul_26, %mul_27"
265,,call_function,mul_28,<built-in function mul>,"(%transpose_10, %unsqueeze_5"
266,,call_method,size_21,size,(%transpose_10
267,,call_function,getitem_55,<built-in function getitem>,"(%size_21, -1"
268,,call_function,floordiv_10,<built-in function floordiv>,"(%getitem_55, 2"
269,,call_function,getitem_56,<built-in function getitem>,"(%transpose_10, (Ellipsis, slice(None, floordi"
270,,call_method,size_22,size,(%transpose_10
271,,call_function,getitem_57,<built-in function getitem>,"(%size_22, -1"
272,,call_function,floordiv_11,<built-in function floordiv>,"(%getitem_57, 2"
273,,call_function,getitem_58,<built-in function getitem>,"(%transpose_10, (Ellipsis, slice(floordiv_11,"
274,,call_function,neg_5,<built-in function neg>,(%getitem_58
275,,call_function,cat_6,<built-in method cat of type object at 0x7f6ca205f240>,"((neg_5, getitem_56)"
276,,call_function,mul_29,<built-in function mul>,"(%cat_6, %unsqueeze_6"
277,,call_function,add_16,<built-in function add>,"(%mul_28, %mul_29"
278,,call_method,size_23,size,(%add_16
279,,call_function,getitem_59,<built-in function getitem>,"(%size_23, 0"
280,,call_function,getitem_60,<built-in function getitem>,"(%size_23, 1"
281,,call_function,getitem_61,<built-in function getitem>,"(%size_23, 2"
282,,call_function,getitem_62,<built-in function getitem>,"(%size_23, 3"
283,,call_function,getitem_63,<built-in function getitem>,"(%add_16, (slice(None, None, None), slic"
284,,call_method,expand_5,expand,"(%getitem_63, %getitem_59, %getitem_60, 4, %getitem_61, %getitem_62"
285,,call_function,mul_30,<built-in function mul>,"(%getitem_60, 4"
286,,call_method,reshape_4,reshape,"(%expand_5, %getitem_59, %mul_30, %getitem_61, %getitem_62"
287,,call_method,size_24,size,(%transpose_11
288,,call_function,getitem_64,<built-in function getitem>,"(%size_24, 0"
289,,call_function,getitem_65,<built-in function getitem>,"(%size_24, 1"
290,,call_function,getitem_66,<built-in function getitem>,"(%size_24, 2"
291,,call_function,getitem_67,<built-in function getitem>,"(%size_24, 3"
292,,call_function,getitem_68,<built-in function getitem>,"(%transpose_11, (slice(None, None, None), slic"
293,,call_method,expand_6,expand,"(%getitem_68, %getitem_64, %getitem_65, 4, %getitem_66, %getitem_67"
294,,call_function,mul_31,<built-in function mul>,"(%getitem_65, 4"
295,,call_method,reshape_5,reshape,"(%expand_6, %getitem_64, %mul_31, %getitem_66, %getitem_67"
296,,call_function,getattr_13,<built-in function getattr>,"(%add_15, device"
297,,call_function,getattr_14,<built-in function getattr>,"(%getattr_13, type"
298,,call_function,eq_5,<built-in function eq>,"(%getattr_14, cuda"
299,,call_function,gt_2,<built-in function gt>,"(%getitem_49, 1"
300,,call_function,scaled_dot_product_attention_2,<built-in function scaled_dot_product_attention>,"(%add_15, %reshape_4, %reshape_5"
301,,call_method,transpose_12,transpose,"(%scaled_dot_product_attention_2, 1, 2"
302,,call_method,contiguous_2,contiguous,(%transpose_12
303,,call_method,view_11,view,"(%contiguous_2, %getitem_48, %getitem_49, -1"
304,20,call_module,model_layers_2_self_attn_o_proj,model.layers.2.self_attn.o_proj,(%view_11
305,,call_function,add_17,<built-in function add>,"(%add_13, %model_layers_2_self_attn_o_proj"
306,,call_method,to_12,to,"(%add_17, torch.float32"
307,,call_method,pow_6,pow,"(%to_12, 2"
308,,call_method,mean_5,mean,"(%pow_6, -1"
309,,call_function,add_18,<built-in function add>,"(%mean_5, 1e-05"
310,,call_function,rsqrt_5,<built-in method rsqrt of type object at 0x7f6ca205f240>,(%add_18
311,,call_function,mul_32,<built-in function mul>,"(%to_12, %rsqrt_5"
312,,get_attr,model_layers_2_post_attention_layernorm_weight,model.layers.2.post_attention_layernorm.weight,(
313,,call_function,getattr_15,<built-in function getattr>,"(%add_17, dtype"
314,,call_method,to_13,to,"(%mul_32, %getattr_15"
315,,call_function,mul_33,<built-in function mul>,"(%model_layers_2_post_attention_layernorm_weight, %to_13"
316,21,call_module,model_layers_2_mlp_gate_proj,model.layers.2.mlp.gate_proj,(%mul_33
317,22,call_module,model_layers_2_mlp_act_fn,model.layers.2.mlp.act_fn,(%model_layers_2_mlp_gate_proj
318,23,call_module,model_layers_2_mlp_up_proj,model.layers.2.mlp.up_proj,(%mul_33
319,,call_function,mul_34,<built-in function mul>,"(%model_layers_2_mlp_act_fn, %model_layers_2_mlp_up_proj"
320,24,call_module,model_layers_2_mlp_down_proj,model.layers.2.mlp.down_proj,(%mul_34
321,,call_function,add_19,<built-in function add>,"(%add_17, %model_layers_2_mlp_down_proj"
322,,call_method,to_14,to,"(%add_19, torch.float32"
323,,call_method,pow_7,pow,"(%to_14, 2"
324,,call_method,mean_6,mean,"(%pow_7, -1"
325,,call_function,add_20,<built-in function add>,"(%mean_6, 1e-05"
326,,call_function,rsqrt_6,<built-in method rsqrt of type object at 0x7f6ca205f240>,(%add_20
327,,call_function,mul_35,<built-in function mul>,"(%to_14, %rsqrt_6"
328,,get_attr,model_layers_3_input_layernorm_weight,model.layers.3.input_layernorm.weight,(
329,,call_function,getattr_16,<built-in function getattr>,"(%add_19, dtype"
330,,call_method,to_15,to,"(%mul_35, %getattr_16"
331,,call_function,mul_36,<built-in function mul>,"(%model_layers_3_input_layernorm_weight, %to_15"
332,,call_method,size_25,size,(%mul_36
333,,call_function,getitem_69,<built-in function getitem>,"(%size_25, 0"
334,,call_function,getitem_70,<built-in function getitem>,"(%size_25, 1"
335,,call_function,getitem_71,<built-in function getitem>,"(%size_25, 2"
336,25,call_module,model_layers_3_self_attn_q_proj,model.layers.3.self_attn.q_proj,(%mul_36
337,26,call_module,model_layers_3_self_attn_k_proj,model.layers.3.self_attn.k_proj,(%mul_36
338,27,call_module,model_layers_3_self_attn_v_proj,model.layers.3.self_attn.v_proj,(%mul_36
339,,call_method,view_12,view,"(%model_layers_3_self_attn_q_proj, %getitem_69, %getitem_70, 32, 64"
340,,call_method,transpose_13,transpose,"(%view_12, 1, 2"
341,,call_method,view_13,view,"(%model_layers_3_self_attn_k_proj, %getitem_69, %getitem_70, 8, 64"
342,,call_method,transpose_14,transpose,"(%view_13, 1, 2"
343,,call_method,view_14,view,"(%model_layers_3_self_attn_v_proj, %getitem_69, %getitem_70, 8, 64"
344,,call_method,transpose_15,transpose,"(%view_14, 1, 2"
345,,call_method,unsqueeze_7,unsqueeze,"(%to, 1"
346,,call_method,unsqueeze_8,unsqueeze,"(%to_1, 1"
347,,call_function,mul_37,<built-in function mul>,"(%transpose_13, %unsqueeze_7"
348,,call_method,size_26,size,(%transpose_13
349,,call_function,getitem_72,<built-in function getitem>,"(%size_26, -1"
350,,call_function,floordiv_12,<built-in function floordiv>,"(%getitem_72, 2"
351,,call_function,getitem_73,<built-in function getitem>,"(%transpose_13, (Ellipsis, slice(None, floordi"
352,,call_method,size_27,size,(%transpose_13
353,,call_function,getitem_74,<built-in function getitem>,"(%size_27, -1"
354,,call_function,floordiv_13,<built-in function floordiv>,"(%getitem_74, 2"
355,,call_function,getitem_75,<built-in function getitem>,"(%transpose_13, (Ellipsis, slice(floordiv_13,"
356,,call_function,neg_6,<built-in function neg>,(%getitem_75
357,,call_function,cat_7,<built-in method cat of type object at 0x7f6ca205f240>,"((neg_6, getitem_73)"
358,,call_function,mul_38,<built-in function mul>,"(%cat_7, %unsqueeze_8"
359,,call_function,add_21,<built-in function add>,"(%mul_37, %mul_38"
360,,call_function,mul_39,<built-in function mul>,"(%transpose_14, %unsqueeze_7"
361,,call_method,size_28,size,(%transpose_14
362,,call_function,getitem_76,<built-in function getitem>,"(%size_28, -1"
363,,call_function,floordiv_14,<built-in function floordiv>,"(%getitem_76, 2"
364,,call_function,getitem_77,<built-in function getitem>,"(%transpose_14, (Ellipsis, slice(None, floordi"
365,,call_method,size_29,size,(%transpose_14
366,,call_function,getitem_78,<built-in function getitem>,"(%size_29, -1"
367,,call_function,floordiv_15,<built-in function floordiv>,"(%getitem_78, 2"
368,,call_function,getitem_79,<built-in function getitem>,"(%transpose_14, (Ellipsis, slice(floordiv_15,"
369,,call_function,neg_7,<built-in function neg>,(%getitem_79
370,,call_function,cat_8,<built-in method cat of type object at 0x7f6ca205f240>,"((neg_7, getitem_77)"
371,,call_function,mul_40,<built-in function mul>,"(%cat_8, %unsqueeze_8"
372,,call_function,add_22,<built-in function add>,"(%mul_39, %mul_40"
373,,call_method,size_30,size,(%add_22
374,,call_function,getitem_80,<built-in function getitem>,"(%size_30, 0"
375,,call_function,getitem_81,<built-in function getitem>,"(%size_30, 1"
376,,call_function,getitem_82,<built-in function getitem>,"(%size_30, 2"
377,,call_function,getitem_83,<built-in function getitem>,"(%size_30, 3"
378,,call_function,getitem_84,<built-in function getitem>,"(%add_22, (slice(None, None, None), slic"
379,,call_method,expand_7,expand,"(%getitem_84, %getitem_80, %getitem_81, 4, %getitem_82, %getitem_83"
380,,call_function,mul_41,<built-in function mul>,"(%getitem_81, 4"
381,,call_method,reshape_6,reshape,"(%expand_7, %getitem_80, %mul_41, %getitem_82, %getitem_83"
382,,call_method,size_31,size,(%transpose_15
383,,call_function,getitem_85,<built-in function getitem>,"(%size_31, 0"
384,,call_function,getitem_86,<built-in function getitem>,"(%size_31, 1"
385,,call_function,getitem_87,<built-in function getitem>,"(%size_31, 2"
386,,call_function,getitem_88,<built-in function getitem>,"(%size_31, 3"
387,,call_function,getitem_89,<built-in function getitem>,"(%transpose_15, (slice(None, None, None), slic"
388,,call_method,expand_8,expand,"(%getitem_89, %getitem_85, %getitem_86, 4, %getitem_87, %getitem_88"
389,,call_function,mul_42,<built-in function mul>,"(%getitem_86, 4"
390,,call_method,reshape_7,reshape,"(%expand_8, %getitem_85, %mul_42, %getitem_87, %getitem_88"
391,,call_function,getattr_17,<built-in function getattr>,"(%add_21, device"
392,,call_function,getattr_18,<built-in function getattr>,"(%getattr_17, type"
393,,call_function,eq_6,<built-in function eq>,"(%getattr_18, cuda"
394,,call_function,gt_3,<built-in function gt>,"(%getitem_70, 1"
395,,call_function,scaled_dot_product_attention_3,<built-in function scaled_dot_product_attention>,"(%add_21, %reshape_6, %reshape_7"
396,,call_method,transpose_16,transpose,"(%scaled_dot_product_attention_3, 1, 2"
397,,call_method,contiguous_3,contiguous,(%transpose_16
398,,call_method,view_15,view,"(%contiguous_3, %getitem_69, %getitem_70, -1"
399,28,call_module,model_layers_3_self_attn_o_proj,model.layers.3.self_attn.o_proj,(%view_15
400,,call_function,add_23,<built-in function add>,"(%add_19, %model_layers_3_self_attn_o_proj"
401,,call_method,to_16,to,"(%add_23, torch.float32"
402,,call_method,pow_8,pow,"(%to_16, 2"
403,,call_method,mean_7,mean,"(%pow_8, -1"
404,,call_function,add_24,<built-in function add>,"(%mean_7, 1e-05"
405,,call_function,rsqrt_7,<built-in method rsqrt of type object at 0x7f6ca205f240>,(%add_24
406,,call_function,mul_43,<built-in function mul>,"(%to_16, %rsqrt_7"
407,,get_attr,model_layers_3_post_attention_layernorm_weight,model.layers.3.post_attention_layernorm.weight,(
408,,call_function,getattr_19,<built-in function getattr>,"(%add_23, dtype"
409,,call_method,to_17,to,"(%mul_43, %getattr_19"
410,,call_function,mul_44,<built-in function mul>,"(%model_layers_3_post_attention_layernorm_weight, %to_17"
411,29,call_module,model_layers_3_mlp_gate_proj,model.layers.3.mlp.gate_proj,(%mul_44
412,30,call_module,model_layers_3_mlp_act_fn,model.layers.3.mlp.act_fn,(%model_layers_3_mlp_gate_proj
413,31,call_module,model_layers_3_mlp_up_proj,model.layers.3.mlp.up_proj,(%mul_44
414,,call_function,mul_45,<built-in function mul>,"(%model_layers_3_mlp_act_fn, %model_layers_3_mlp_up_proj"
415,32,call_module,model_layers_3_mlp_down_proj,model.layers.3.mlp.down_proj,(%mul_45
416,,call_function,add_25,<built-in function add>,"(%add_23, %model_layers_3_mlp_down_proj"
417,,call_method,to_18,to,"(%add_25, torch.float32"
418,,call_method,pow_9,pow,"(%to_18, 2"
419,,call_method,mean_8,mean,"(%pow_9, -1"
420,,call_function,add_26,<built-in function add>,"(%mean_8, 1e-05"
421,,call_function,rsqrt_8,<built-in method rsqrt of type object at 0x7f6ca205f240>,(%add_26
422,,call_function,mul_46,<built-in function mul>,"(%to_18, %rsqrt_8"
423,,get_attr,model_layers_4_input_layernorm_weight,model.layers.4.input_layernorm.weight,(
424,,call_function,getattr_20,<built-in function getattr>,"(%add_25, dtype"
425,,call_method,to_19,to,"(%mul_46, %getattr_20"
426,,call_function,mul_47,<built-in function mul>,"(%model_layers_4_input_layernorm_weight, %to_19"
427,,call_method,size_32,size,(%mul_47
428,,call_function,getitem_90,<built-in function getitem>,"(%size_32, 0"
429,,call_function,getitem_91,<built-in function getitem>,"(%size_32, 1"
430,,call_function,getitem_92,<built-in function getitem>,"(%size_32, 2"
431,33,call_module,model_layers_4_self_attn_q_proj,model.layers.4.self_attn.q_proj,(%mul_47
432,34,call_module,model_layers_4_self_attn_k_proj,model.layers.4.self_attn.k_proj,(%mul_47
433,35,call_module,model_layers_4_self_attn_v_proj,model.layers.4.self_attn.v_proj,(%mul_47
434,,call_method,view_16,view,"(%model_layers_4_self_attn_q_proj, %getitem_90, %getitem_91, 32, 64"
435,,call_method,transpose_17,transpose,"(%view_16, 1, 2"
436,,call_method,view_17,view,"(%model_layers_4_self_attn_k_proj, %getitem_90, %getitem_91, 8, 64"
437,,call_method,transpose_18,transpose,"(%view_17, 1, 2"
438,,call_method,view_18,view,"(%model_layers_4_self_attn_v_proj, %getitem_90, %getitem_91, 8, 64"
439,,call_method,transpose_19,transpose,"(%view_18, 1, 2"
440,,call_method,unsqueeze_9,unsqueeze,"(%to, 1"
441,,call_method,unsqueeze_10,unsqueeze,"(%to_1, 1"
442,,call_function,mul_48,<built-in function mul>,"(%transpose_17, %unsqueeze_9"
443,,call_method,size_33,size,(%transpose_17
444,,call_function,getitem_93,<built-in function getitem>,"(%size_33, -1"
445,,call_function,floordiv_16,<built-in function floordiv>,"(%getitem_93, 2"
446,,call_function,getitem_94,<built-in function getitem>,"(%transpose_17, (Ellipsis, slice(None, floordi"
447,,call_method,size_34,size,(%transpose_17
448,,call_function,getitem_95,<built-in function getitem>,"(%size_34, -1"
449,,call_function,floordiv_17,<built-in function floordiv>,"(%getitem_95, 2"
450,,call_function,getitem_96,<built-in function getitem>,"(%transpose_17, (Ellipsis, slice(floordiv_17,"
451,,call_function,neg_8,<built-in function neg>,(%getitem_96
452,,call_function,cat_9,<built-in method cat of type object at 0x7f6ca205f240>,"((neg_8, getitem_94)"
453,,call_function,mul_49,<built-in function mul>,"(%cat_9, %unsqueeze_10"
454,,call_function,add_27,<built-in function add>,"(%mul_48, %mul_49"
455,,call_function,mul_50,<built-in function mul>,"(%transpose_18, %unsqueeze_9"
456,,call_method,size_35,size,(%transpose_18
457,,call_function,getitem_97,<built-in function getitem>,"(%size_35, -1"
458,,call_function,floordiv_18,<built-in function floordiv>,"(%getitem_97, 2"
459,,call_function,getitem_98,<built-in function getitem>,"(%transpose_18, (Ellipsis, slice(None, floordi"
460,,call_method,size_36,size,(%transpose_18
461,,call_function,getitem_99,<built-in function getitem>,"(%size_36, -1"
462,,call_function,floordiv_19,<built-in function floordiv>,"(%getitem_99, 2"
463,,call_function,getitem_100,<built-in function getitem>,"(%transpose_18, (Ellipsis, slice(floordiv_19,"
464,,call_function,neg_9,<built-in function neg>,(%getitem_100
465,,call_function,cat_10,<built-in method cat of type object at 0x7f6ca205f240>,"((neg_9, getitem_98)"
466,,call_function,mul_51,<built-in function mul>,"(%cat_10, %unsqueeze_10"
467,,call_function,add_28,<built-in function add>,"(%mul_50, %mul_51"
468,,call_method,size_37,size,(%add_28
469,,call_function,getitem_101,<built-in function getitem>,"(%size_37, 0"
470,,call_function,getitem_102,<built-in function getitem>,"(%size_37, 1"
471,,call_function,getitem_103,<built-in function getitem>,"(%size_37, 2"
472,,call_function,getitem_104,<built-in function getitem>,"(%size_37, 3"
473,,call_function,getitem_105,<built-in function getitem>,"(%add_28, (slice(None, None, None), slic"
474,,call_method,expand_9,expand,"(%getitem_105, %getitem_101, %getitem_102, 4, %getitem_103, %getitem_104"
475,,call_function,mul_52,<built-in function mul>,"(%getitem_102, 4"
476,,call_method,reshape_8,reshape,"(%expand_9, %getitem_101, %mul_52, %getitem_103, %getitem_104"
477,,call_method,size_38,size,(%transpose_19
478,,call_function,getitem_106,<built-in function getitem>,"(%size_38, 0"
479,,call_function,getitem_107,<built-in function getitem>,"(%size_38, 1"
480,,call_function,getitem_108,<built-in function getitem>,"(%size_38, 2"
481,,call_function,getitem_109,<built-in function getitem>,"(%size_38, 3"
482,,call_function,getitem_110,<built-in function getitem>,"(%transpose_19, (slice(None, None, None), slic"
483,,call_method,expand_10,expand,"(%getitem_110, %getitem_106, %getitem_107, 4, %getitem_108, %getitem_109"
484,,call_function,mul_53,<built-in function mul>,"(%getitem_107, 4"
485,,call_method,reshape_9,reshape,"(%expand_10, %getitem_106, %mul_53, %getitem_108, %getitem_109"
486,,call_function,getattr_21,<built-in function getattr>,"(%add_27, device"
487,,call_function,getattr_22,<built-in function getattr>,"(%getattr_21, type"
488,,call_function,eq_7,<built-in function eq>,"(%getattr_22, cuda"
489,,call_function,gt_4,<built-in function gt>,"(%getitem_91, 1"
490,,call_function,scaled_dot_product_attention_4,<built-in function scaled_dot_product_attention>,"(%add_27, %reshape_8, %reshape_9"
491,,call_method,transpose_20,transpose,"(%scaled_dot_product_attention_4, 1, 2"
492,,call_method,contiguous_4,contiguous,(%transpose_20
493,,call_method,view_19,view,"(%contiguous_4, %getitem_90, %getitem_91, -1"
494,36,call_module,model_layers_4_self_attn_o_proj,model.layers.4.self_attn.o_proj,(%view_19
495,,call_function,add_29,<built-in function add>,"(%add_25, %model_layers_4_self_attn_o_proj"
496,,call_method,to_20,to,"(%add_29, torch.float32"
497,,call_method,pow_10,pow,"(%to_20, 2"
498,,call_method,mean_9,mean,"(%pow_10, -1"
499,,call_function,add_30,<built-in function add>,"(%mean_9, 1e-05"
500,,call_function,rsqrt_9,<built-in method rsqrt of type object at 0x7f6ca205f240>,(%add_30
501,,call_function,mul_54,<built-in function mul>,"(%to_20, %rsqrt_9"
502,,get_attr,model_layers_4_post_attention_layernorm_weight,model.layers.4.post_attention_layernorm.weight,(
503,,call_function,getattr_23,<built-in function getattr>,"(%add_29, dtype"
504,,call_method,to_21,to,"(%mul_54, %getattr_23"
505,,call_function,mul_55,<built-in function mul>,"(%model_layers_4_post_attention_layernorm_weight, %to_21"
506,37,call_module,model_layers_4_mlp_gate_proj,model.layers.4.mlp.gate_proj,(%mul_55
507,38,call_module,model_layers_4_mlp_act_fn,model.layers.4.mlp.act_fn,(%model_layers_4_mlp_gate_proj
508,39,call_module,model_layers_4_mlp_up_proj,model.layers.4.mlp.up_proj,(%mul_55
509,,call_function,mul_56,<built-in function mul>,"(%model_layers_4_mlp_act_fn, %model_layers_4_mlp_up_proj"
510,40,call_module,model_layers_4_mlp_down_proj,model.layers.4.mlp.down_proj,(%mul_56
511,,call_function,add_31,<built-in function add>,"(%add_29, %model_layers_4_mlp_down_proj"
512,,call_method,to_22,to,"(%add_31, torch.float32"
513,,call_method,pow_11,pow,"(%to_22, 2"
514,,call_method,mean_10,mean,"(%pow_11, -1"
515,,call_function,add_32,<built-in function add>,"(%mean_10, 1e-05"
516,,call_function,rsqrt_10,<built-in method rsqrt of type object at 0x7f6ca205f240>,(%add_32
517,,call_function,mul_57,<built-in function mul>,"(%to_22, %rsqrt_10"
518,,get_attr,model_layers_5_input_layernorm_weight,model.layers.5.input_layernorm.weight,(
519,,call_function,getattr_24,<built-in function getattr>,"(%add_31, dtype"
520,,call_method,to_23,to,"(%mul_57, %getattr_24"
521,,call_function,mul_58,<built-in function mul>,"(%model_layers_5_input_layernorm_weight, %to_23"
522,,call_method,size_39,size,(%mul_58
523,,call_function,getitem_111,<built-in function getitem>,"(%size_39, 0"
524,,call_function,getitem_112,<built-in function getitem>,"(%size_39, 1"
525,,call_function,getitem_113,<built-in function getitem>,"(%size_39, 2"
526,41,call_module,model_layers_5_self_attn_q_proj,model.layers.5.self_attn.q_proj,(%mul_58
527,42,call_module,model_layers_5_self_attn_k_proj,model.layers.5.self_attn.k_proj,(%mul_58
528,43,call_module,model_layers_5_self_attn_v_proj,model.layers.5.self_attn.v_proj,(%mul_58
529,,call_method,view_20,view,"(%model_layers_5_self_attn_q_proj, %getitem_111, %getitem_112, 32, 64"
530,,call_method,transpose_21,transpose,"(%view_20, 1, 2"
531,,call_method,view_21,view,"(%model_layers_5_self_attn_k_proj, %getitem_111, %getitem_112, 8, 64"
532,,call_method,transpose_22,transpose,"(%view_21, 1, 2"
533,,call_method,view_22,view,"(%model_layers_5_self_attn_v_proj, %getitem_111, %getitem_112, 8, 64"
534,,call_method,transpose_23,transpose,"(%view_22, 1, 2"
535,,call_method,unsqueeze_11,unsqueeze,"(%to, 1"
536,,call_method,unsqueeze_12,unsqueeze,"(%to_1, 1"
537,,call_function,mul_59,<built-in function mul>,"(%transpose_21, %unsqueeze_11"
538,,call_method,size_40,size,(%transpose_21
539,,call_function,getitem_114,<built-in function getitem>,"(%size_40, -1"
540,,call_function,floordiv_20,<built-in function floordiv>,"(%getitem_114, 2"
541,,call_function,getitem_115,<built-in function getitem>,"(%transpose_21, (Ellipsis, slice(None, floordi"
542,,call_method,size_41,size,(%transpose_21
543,,call_function,getitem_116,<built-in function getitem>,"(%size_41, -1"
544,,call_function,floordiv_21,<built-in function floordiv>,"(%getitem_116, 2"
545,,call_function,getitem_117,<built-in function getitem>,"(%transpose_21, (Ellipsis, slice(floordiv_21,"
546,,call_function,neg_10,<built-in function neg>,(%getitem_117
547,,call_function,cat_11,<built-in method cat of type object at 0x7f6ca205f240>,"((neg_10, getitem_115)"
548,,call_function,mul_60,<built-in function mul>,"(%cat_11, %unsqueeze_12"
549,,call_function,add_33,<built-in function add>,"(%mul_59, %mul_60"
550,,call_function,mul_61,<built-in function mul>,"(%transpose_22, %unsqueeze_11"
551,,call_method,size_42,size,(%transpose_22
552,,call_function,getitem_118,<built-in function getitem>,"(%size_42, -1"
553,,call_function,floordiv_22,<built-in function floordiv>,"(%getitem_118, 2"
554,,call_function,getitem_119,<built-in function getitem>,"(%transpose_22, (Ellipsis, slice(None, floordi"
555,,call_method,size_43,size,(%transpose_22
556,,call_function,getitem_120,<built-in function getitem>,"(%size_43, -1"
557,,call_function,floordiv_23,<built-in function floordiv>,"(%getitem_120, 2"
558,,call_function,getitem_121,<built-in function getitem>,"(%transpose_22, (Ellipsis, slice(floordiv_23,"
559,,call_function,neg_11,<built-in function neg>,(%getitem_121
560,,call_function,cat_12,<built-in method cat of type object at 0x7f6ca205f240>,"((neg_11, getitem_119)"
561,,call_function,mul_62,<built-in function mul>,"(%cat_12, %unsqueeze_12"
562,,call_function,add_34,<built-in function add>,"(%mul_61, %mul_62"
563,,call_method,size_44,size,(%add_34
564,,call_function,getitem_122,<built-in function getitem>,"(%size_44, 0"
565,,call_function,getitem_123,<built-in function getitem>,"(%size_44, 1"
566,,call_function,getitem_124,<built-in function getitem>,"(%size_44, 2"
567,,call_function,getitem_125,<built-in function getitem>,"(%size_44, 3"
568,,call_function,getitem_126,<built-in function getitem>,"(%add_34, (slice(None, None, None), slic"
569,,call_method,expand_11,expand,"(%getitem_126, %getitem_122, %getitem_123, 4, %getitem_124, %getitem_125"
570,,call_function,mul_63,<built-in function mul>,"(%getitem_123, 4"
571,,call_method,reshape_10,reshape,"(%expand_11, %getitem_122, %mul_63, %getitem_124, %getitem_125"
572,,call_method,size_45,size,(%transpose_23
573,,call_function,getitem_127,<built-in function getitem>,"(%size_45, 0"
574,,call_function,getitem_128,<built-in function getitem>,"(%size_45, 1"
575,,call_function,getitem_129,<built-in function getitem>,"(%size_45, 2"
576,,call_function,getitem_130,<built-in function getitem>,"(%size_45, 3"
577,,call_function,getitem_131,<built-in function getitem>,"(%transpose_23, (slice(None, None, None), slic"
578,,call_method,expand_12,expand,"(%getitem_131, %getitem_127, %getitem_128, 4, %getitem_129, %getitem_130"
579,,call_function,mul_64,<built-in function mul>,"(%getitem_128, 4"
580,,call_method,reshape_11,reshape,"(%expand_12, %getitem_127, %mul_64, %getitem_129, %getitem_130"
581,,call_function,getattr_25,<built-in function getattr>,"(%add_33, device"
582,,call_function,getattr_26,<built-in function getattr>,"(%getattr_25, type"
583,,call_function,eq_8,<built-in function eq>,"(%getattr_26, cuda"
584,,call_function,gt_5,<built-in function gt>,"(%getitem_112, 1"
585,,call_function,scaled_dot_product_attention_5,<built-in function scaled_dot_product_attention>,"(%add_33, %reshape_10, %reshape_11"
586,,call_method,transpose_24,transpose,"(%scaled_dot_product_attention_5, 1, 2"
587,,call_method,contiguous_5,contiguous,(%transpose_24
588,,call_method,view_23,view,"(%contiguous_5, %getitem_111, %getitem_112, -1"
589,44,call_module,model_layers_5_self_attn_o_proj,model.layers.5.self_attn.o_proj,(%view_23
590,,call_function,add_35,<built-in function add>,"(%add_31, %model_layers_5_self_attn_o_proj"
591,,call_method,to_24,to,"(%add_35, torch.float32"
592,,call_method,pow_12,pow,"(%to_24, 2"
593,,call_method,mean_11,mean,"(%pow_12, -1"
594,,call_function,add_36,<built-in function add>,"(%mean_11, 1e-05"
595,,call_function,rsqrt_11,<built-in method rsqrt of type object at 0x7f6ca205f240>,(%add_36
596,,call_function,mul_65,<built-in function mul>,"(%to_24, %rsqrt_11"
597,,get_attr,model_layers_5_post_attention_layernorm_weight,model.layers.5.post_attention_layernorm.weight,(
598,,call_function,getattr_27,<built-in function getattr>,"(%add_35, dtype"
599,,call_method,to_25,to,"(%mul_65, %getattr_27"
600,,call_function,mul_66,<built-in function mul>,"(%model_layers_5_post_attention_layernorm_weight, %to_25"
601,45,call_module,model_layers_5_mlp_gate_proj,model.layers.5.mlp.gate_proj,(%mul_66
602,46,call_module,model_layers_5_mlp_act_fn,model.layers.5.mlp.act_fn,(%model_layers_5_mlp_gate_proj
603,47,call_module,model_layers_5_mlp_up_proj,model.layers.5.mlp.up_proj,(%mul_66
604,,call_function,mul_67,<built-in function mul>,"(%model_layers_5_mlp_act_fn, %model_layers_5_mlp_up_proj"
605,48,call_module,model_layers_5_mlp_down_proj,model.layers.5.mlp.down_proj,(%mul_67
606,,call_function,add_37,<built-in function add>,"(%add_35, %model_layers_5_mlp_down_proj"
607,,call_method,to_26,to,"(%add_37, torch.float32"
608,,call_method,pow_13,pow,"(%to_26, 2"
609,,call_method,mean_12,mean,"(%pow_13, -1"
610,,call_function,add_38,<built-in function add>,"(%mean_12, 1e-05"
611,,call_function,rsqrt_12,<built-in method rsqrt of type object at 0x7f6ca205f240>,(%add_38
612,,call_function,mul_68,<built-in function mul>,"(%to_26, %rsqrt_12"
613,,get_attr,model_layers_6_input_layernorm_weight,model.layers.6.input_layernorm.weight,(
614,,call_function,getattr_28,<built-in function getattr>,"(%add_37, dtype"
615,,call_method,to_27,to,"(%mul_68, %getattr_28"
616,,call_function,mul_69,<built-in function mul>,"(%model_layers_6_input_layernorm_weight, %to_27"
617,,call_method,size_46,size,(%mul_69
618,,call_function,getitem_132,<built-in function getitem>,"(%size_46, 0"
619,,call_function,getitem_133,<built-in function getitem>,"(%size_46, 1"
620,,call_function,getitem_134,<built-in function getitem>,"(%size_46, 2"
621,49,call_module,model_layers_6_self_attn_q_proj,model.layers.6.self_attn.q_proj,(%mul_69
622,50,call_module,model_layers_6_self_attn_k_proj,model.layers.6.self_attn.k_proj,(%mul_69
623,51,call_module,model_layers_6_self_attn_v_proj,model.layers.6.self_attn.v_proj,(%mul_69
624,,call_method,view_24,view,"(%model_layers_6_self_attn_q_proj, %getitem_132, %getitem_133, 32, 64"
625,,call_method,transpose_25,transpose,"(%view_24, 1, 2"
626,,call_method,view_25,view,"(%model_layers_6_self_attn_k_proj, %getitem_132, %getitem_133, 8, 64"
627,,call_method,transpose_26,transpose,"(%view_25, 1, 2"
628,,call_method,view_26,view,"(%model_layers_6_self_attn_v_proj, %getitem_132, %getitem_133, 8, 64"
629,,call_method,transpose_27,transpose,"(%view_26, 1, 2"
630,,call_method,unsqueeze_13,unsqueeze,"(%to, 1"
631,,call_method,unsqueeze_14,unsqueeze,"(%to_1, 1"
632,,call_function,mul_70,<built-in function mul>,"(%transpose_25, %unsqueeze_13"
633,,call_method,size_47,size,(%transpose_25
634,,call_function,getitem_135,<built-in function getitem>,"(%size_47, -1"
635,,call_function,floordiv_24,<built-in function floordiv>,"(%getitem_135, 2"
636,,call_function,getitem_136,<built-in function getitem>,"(%transpose_25, (Ellipsis, slice(None, floordi"
637,,call_method,size_48,size,(%transpose_25
638,,call_function,getitem_137,<built-in function getitem>,"(%size_48, -1"
639,,call_function,floordiv_25,<built-in function floordiv>,"(%getitem_137, 2"
640,,call_function,getitem_138,<built-in function getitem>,"(%transpose_25, (Ellipsis, slice(floordiv_25,"
641,,call_function,neg_12,<built-in function neg>,(%getitem_138
642,,call_function,cat_13,<built-in method cat of type object at 0x7f6ca205f240>,"((neg_12, getitem_136)"
643,,call_function,mul_71,<built-in function mul>,"(%cat_13, %unsqueeze_14"
644,,call_function,add_39,<built-in function add>,"(%mul_70, %mul_71"
645,,call_function,mul_72,<built-in function mul>,"(%transpose_26, %unsqueeze_13"
646,,call_method,size_49,size,(%transpose_26
647,,call_function,getitem_139,<built-in function getitem>,"(%size_49, -1"
648,,call_function,floordiv_26,<built-in function floordiv>,"(%getitem_139, 2"
649,,call_function,getitem_140,<built-in function getitem>,"(%transpose_26, (Ellipsis, slice(None, floordi"
650,,call_method,size_50,size,(%transpose_26
651,,call_function,getitem_141,<built-in function getitem>,"(%size_50, -1"
652,,call_function,floordiv_27,<built-in function floordiv>,"(%getitem_141, 2"
653,,call_function,getitem_142,<built-in function getitem>,"(%transpose_26, (Ellipsis, slice(floordiv_27,"
654,,call_function,neg_13,<built-in function neg>,(%getitem_142
655,,call_function,cat_14,<built-in method cat of type object at 0x7f6ca205f240>,"((neg_13, getitem_140)"
656,,call_function,mul_73,<built-in function mul>,"(%cat_14, %unsqueeze_14"
657,,call_function,add_40,<built-in function add>,"(%mul_72, %mul_73"
658,,call_method,size_51,size,(%add_40
659,,call_function,getitem_143,<built-in function getitem>,"(%size_51, 0"
660,,call_function,getitem_144,<built-in function getitem>,"(%size_51, 1"
661,,call_function,getitem_145,<built-in function getitem>,"(%size_51, 2"
662,,call_function,getitem_146,<built-in function getitem>,"(%size_51, 3"
663,,call_function,getitem_147,<built-in function getitem>,"(%add_40, (slice(None, None, None), slic"
664,,call_method,expand_13,expand,"(%getitem_147, %getitem_143, %getitem_144, 4, %getitem_145, %getitem_146"
665,,call_function,mul_74,<built-in function mul>,"(%getitem_144, 4"
666,,call_method,reshape_12,reshape,"(%expand_13, %getitem_143, %mul_74, %getitem_145, %getitem_146"
667,,call_method,size_52,size,(%transpose_27
668,,call_function,getitem_148,<built-in function getitem>,"(%size_52, 0"
669,,call_function,getitem_149,<built-in function getitem>,"(%size_52, 1"
670,,call_function,getitem_150,<built-in function getitem>,"(%size_52, 2"
671,,call_function,getitem_151,<built-in function getitem>,"(%size_52, 3"
672,,call_function,getitem_152,<built-in function getitem>,"(%transpose_27, (slice(None, None, None), slic"
673,,call_method,expand_14,expand,"(%getitem_152, %getitem_148, %getitem_149, 4, %getitem_150, %getitem_151"
674,,call_function,mul_75,<built-in function mul>,"(%getitem_149, 4"
675,,call_method,reshape_13,reshape,"(%expand_14, %getitem_148, %mul_75, %getitem_150, %getitem_151"
676,,call_function,getattr_29,<built-in function getattr>,"(%add_39, device"
677,,call_function,getattr_30,<built-in function getattr>,"(%getattr_29, type"
678,,call_function,eq_9,<built-in function eq>,"(%getattr_30, cuda"
679,,call_function,gt_6,<built-in function gt>,"(%getitem_133, 1"
680,,call_function,scaled_dot_product_attention_6,<built-in function scaled_dot_product_attention>,"(%add_39, %reshape_12, %reshape_13"
681,,call_method,transpose_28,transpose,"(%scaled_dot_product_attention_6, 1, 2"
682,,call_method,contiguous_6,contiguous,(%transpose_28
683,,call_method,view_27,view,"(%contiguous_6, %getitem_132, %getitem_133, -1"
684,52,call_module,model_layers_6_self_attn_o_proj,model.layers.6.self_attn.o_proj,(%view_27
685,,call_function,add_41,<built-in function add>,"(%add_37, %model_layers_6_self_attn_o_proj"
686,,call_method,to_28,to,"(%add_41, torch.float32"
687,,call_method,pow_14,pow,"(%to_28, 2"
688,,call_method,mean_13,mean,"(%pow_14, -1"
689,,call_function,add_42,<built-in function add>,"(%mean_13, 1e-05"
690,,call_function,rsqrt_13,<built-in method rsqrt of type object at 0x7f6ca205f240>,(%add_42
691,,call_function,mul_76,<built-in function mul>,"(%to_28, %rsqrt_13"
692,,get_attr,model_layers_6_post_attention_layernorm_weight,model.layers.6.post_attention_layernorm.weight,(
693,,call_function,getattr_31,<built-in function getattr>,"(%add_41, dtype"
694,,call_method,to_29,to,"(%mul_76, %getattr_31"
695,,call_function,mul_77,<built-in function mul>,"(%model_layers_6_post_attention_layernorm_weight, %to_29"
696,53,call_module,model_layers_6_mlp_gate_proj,model.layers.6.mlp.gate_proj,(%mul_77
697,54,call_module,model_layers_6_mlp_act_fn,model.layers.6.mlp.act_fn,(%model_layers_6_mlp_gate_proj
698,55,call_module,model_layers_6_mlp_up_proj,model.layers.6.mlp.up_proj,(%mul_77
699,,call_function,mul_78,<built-in function mul>,"(%model_layers_6_mlp_act_fn, %model_layers_6_mlp_up_proj"
700,56,call_module,model_layers_6_mlp_down_proj,model.layers.6.mlp.down_proj,(%mul_78
701,,call_function,add_43,<built-in function add>,"(%add_41, %model_layers_6_mlp_down_proj"
702,,call_method,to_30,to,"(%add_43, torch.float32"
703,,call_method,pow_15,pow,"(%to_30, 2"
704,,call_method,mean_14,mean,"(%pow_15, -1"
705,,call_function,add_44,<built-in function add>,"(%mean_14, 1e-05"
706,,call_function,rsqrt_14,<built-in method rsqrt of type object at 0x7f6ca205f240>,(%add_44
707,,call_function,mul_79,<built-in function mul>,"(%to_30, %rsqrt_14"
708,,get_attr,model_layers_7_input_layernorm_weight,model.layers.7.input_layernorm.weight,(
709,,call_function,getattr_32,<built-in function getattr>,"(%add_43, dtype"
710,,call_method,to_31,to,"(%mul_79, %getattr_32"
711,,call_function,mul_80,<built-in function mul>,"(%model_layers_7_input_layernorm_weight, %to_31"
712,,call_method,size_53,size,(%mul_80
713,,call_function,getitem_153,<built-in function getitem>,"(%size_53, 0"
714,,call_function,getitem_154,<built-in function getitem>,"(%size_53, 1"
715,,call_function,getitem_155,<built-in function getitem>,"(%size_53, 2"
716,57,call_module,model_layers_7_self_attn_q_proj,model.layers.7.self_attn.q_proj,(%mul_80
717,58,call_module,model_layers_7_self_attn_k_proj,model.layers.7.self_attn.k_proj,(%mul_80
718,59,call_module,model_layers_7_self_attn_v_proj,model.layers.7.self_attn.v_proj,(%mul_80
719,,call_method,view_28,view,"(%model_layers_7_self_attn_q_proj, %getitem_153, %getitem_154, 32, 64"
720,,call_method,transpose_29,transpose,"(%view_28, 1, 2"
721,,call_method,view_29,view,"(%model_layers_7_self_attn_k_proj, %getitem_153, %getitem_154, 8, 64"
722,,call_method,transpose_30,transpose,"(%view_29, 1, 2"
723,,call_method,view_30,view,"(%model_layers_7_self_attn_v_proj, %getitem_153, %getitem_154, 8, 64"
724,,call_method,transpose_31,transpose,"(%view_30, 1, 2"
725,,call_method,unsqueeze_15,unsqueeze,"(%to, 1"
726,,call_method,unsqueeze_16,unsqueeze,"(%to_1, 1"
727,,call_function,mul_81,<built-in function mul>,"(%transpose_29, %unsqueeze_15"
728,,call_method,size_54,size,(%transpose_29
729,,call_function,getitem_156,<built-in function getitem>,"(%size_54, -1"
730,,call_function,floordiv_28,<built-in function floordiv>,"(%getitem_156, 2"
731,,call_function,getitem_157,<built-in function getitem>,"(%transpose_29, (Ellipsis, slice(None, floordi"
732,,call_method,size_55,size,(%transpose_29
733,,call_function,getitem_158,<built-in function getitem>,"(%size_55, -1"
734,,call_function,floordiv_29,<built-in function floordiv>,"(%getitem_158, 2"
735,,call_function,getitem_159,<built-in function getitem>,"(%transpose_29, (Ellipsis, slice(floordiv_29,"
736,,call_function,neg_14,<built-in function neg>,(%getitem_159
737,,call_function,cat_15,<built-in method cat of type object at 0x7f6ca205f240>,"((neg_14, getitem_157)"
738,,call_function,mul_82,<built-in function mul>,"(%cat_15, %unsqueeze_16"
739,,call_function,add_45,<built-in function add>,"(%mul_81, %mul_82"
740,,call_function,mul_83,<built-in function mul>,"(%transpose_30, %unsqueeze_15"
741,,call_method,size_56,size,(%transpose_30
742,,call_function,getitem_160,<built-in function getitem>,"(%size_56, -1"
743,,call_function,floordiv_30,<built-in function floordiv>,"(%getitem_160, 2"
744,,call_function,getitem_161,<built-in function getitem>,"(%transpose_30, (Ellipsis, slice(None, floordi"
745,,call_method,size_57,size,(%transpose_30
746,,call_function,getitem_162,<built-in function getitem>,"(%size_57, -1"
747,,call_function,floordiv_31,<built-in function floordiv>,"(%getitem_162, 2"
748,,call_function,getitem_163,<built-in function getitem>,"(%transpose_30, (Ellipsis, slice(floordiv_31,"
749,,call_function,neg_15,<built-in function neg>,(%getitem_163
750,,call_function,cat_16,<built-in method cat of type object at 0x7f6ca205f240>,"((neg_15, getitem_161)"
751,,call_function,mul_84,<built-in function mul>,"(%cat_16, %unsqueeze_16"
752,,call_function,add_46,<built-in function add>,"(%mul_83, %mul_84"
753,,call_method,size_58,size,(%add_46
754,,call_function,getitem_164,<built-in function getitem>,"(%size_58, 0"
755,,call_function,getitem_165,<built-in function getitem>,"(%size_58, 1"
756,,call_function,getitem_166,<built-in function getitem>,"(%size_58, 2"
757,,call_function,getitem_167,<built-in function getitem>,"(%size_58, 3"
758,,call_function,getitem_168,<built-in function getitem>,"(%add_46, (slice(None, None, None), slic"
759,,call_method,expand_15,expand,"(%getitem_168, %getitem_164, %getitem_165, 4, %getitem_166, %getitem_167"
760,,call_function,mul_85,<built-in function mul>,"(%getitem_165, 4"
761,,call_method,reshape_14,reshape,"(%expand_15, %getitem_164, %mul_85, %getitem_166, %getitem_167"
762,,call_method,size_59,size,(%transpose_31
763,,call_function,getitem_169,<built-in function getitem>,"(%size_59, 0"
764,,call_function,getitem_170,<built-in function getitem>,"(%size_59, 1"
765,,call_function,getitem_171,<built-in function getitem>,"(%size_59, 2"
766,,call_function,getitem_172,<built-in function getitem>,"(%size_59, 3"
767,,call_function,getitem_173,<built-in function getitem>,"(%transpose_31, (slice(None, None, None), slic"
768,,call_method,expand_16,expand,"(%getitem_173, %getitem_169, %getitem_170, 4, %getitem_171, %getitem_172"
769,,call_function,mul_86,<built-in function mul>,"(%getitem_170, 4"
770,,call_method,reshape_15,reshape,"(%expand_16, %getitem_169, %mul_86, %getitem_171, %getitem_172"
771,,call_function,getattr_33,<built-in function getattr>,"(%add_45, device"
772,,call_function,getattr_34,<built-in function getattr>,"(%getattr_33, type"
773,,call_function,eq_10,<built-in function eq>,"(%getattr_34, cuda"
774,,call_function,gt_7,<built-in function gt>,"(%getitem_154, 1"
775,,call_function,scaled_dot_product_attention_7,<built-in function scaled_dot_product_attention>,"(%add_45, %reshape_14, %reshape_15"
776,,call_method,transpose_32,transpose,"(%scaled_dot_product_attention_7, 1, 2"
777,,call_method,contiguous_7,contiguous,(%transpose_32
778,,call_method,view_31,view,"(%contiguous_7, %getitem_153, %getitem_154, -1"
779,60,call_module,model_layers_7_self_attn_o_proj,model.layers.7.self_attn.o_proj,(%view_31
780,,call_function,add_47,<built-in function add>,"(%add_43, %model_layers_7_self_attn_o_proj"
781,,call_method,to_32,to,"(%add_47, torch.float32"
782,,call_method,pow_16,pow,"(%to_32, 2"
783,,call_method,mean_15,mean,"(%pow_16, -1"
784,,call_function,add_48,<built-in function add>,"(%mean_15, 1e-05"
785,,call_function,rsqrt_15,<built-in method rsqrt of type object at 0x7f6ca205f240>,(%add_48
786,,call_function,mul_87,<built-in function mul>,"(%to_32, %rsqrt_15"
787,,get_attr,model_layers_7_post_attention_layernorm_weight,model.layers.7.post_attention_layernorm.weight,(
788,,call_function,getattr_35,<built-in function getattr>,"(%add_47, dtype"
789,,call_method,to_33,to,"(%mul_87, %getattr_35"
790,,call_function,mul_88,<built-in function mul>,"(%model_layers_7_post_attention_layernorm_weight, %to_33"
791,61,call_module,model_layers_7_mlp_gate_proj,model.layers.7.mlp.gate_proj,(%mul_88
792,62,call_module,model_layers_7_mlp_act_fn,model.layers.7.mlp.act_fn,(%model_layers_7_mlp_gate_proj
793,63,call_module,model_layers_7_mlp_up_proj,model.layers.7.mlp.up_proj,(%mul_88
794,,call_function,mul_89,<built-in function mul>,"(%model_layers_7_mlp_act_fn, %model_layers_7_mlp_up_proj"
795,64,call_module,model_layers_7_mlp_down_proj,model.layers.7.mlp.down_proj,(%mul_89
796,,call_function,add_49,<built-in function add>,"(%add_47, %model_layers_7_mlp_down_proj"
797,,call_method,to_34,to,"(%add_49, torch.float32"
798,,call_method,pow_17,pow,"(%to_34, 2"
799,,call_method,mean_16,mean,"(%pow_17, -1"
800,,call_function,add_50,<built-in function add>,"(%mean_16, 1e-05"
801,,call_function,rsqrt_16,<built-in method rsqrt of type object at 0x7f6ca205f240>,(%add_50
802,,call_function,mul_90,<built-in function mul>,"(%to_34, %rsqrt_16"
803,,get_attr,model_layers_8_input_layernorm_weight,model.layers.8.input_layernorm.weight,(
804,,call_function,getattr_36,<built-in function getattr>,"(%add_49, dtype"
805,,call_method,to_35,to,"(%mul_90, %getattr_36"
806,,call_function,mul_91,<built-in function mul>,"(%model_layers_8_input_layernorm_weight, %to_35"
807,,call_method,size_60,size,(%mul_91
808,,call_function,getitem_174,<built-in function getitem>,"(%size_60, 0"
809,,call_function,getitem_175,<built-in function getitem>,"(%size_60, 1"
810,,call_function,getitem_176,<built-in function getitem>,"(%size_60, 2"
811,65,call_module,model_layers_8_self_attn_q_proj,model.layers.8.self_attn.q_proj,(%mul_91
812,66,call_module,model_layers_8_self_attn_k_proj,model.layers.8.self_attn.k_proj,(%mul_91
813,67,call_module,model_layers_8_self_attn_v_proj,model.layers.8.self_attn.v_proj,(%mul_91
814,,call_method,view_32,view,"(%model_layers_8_self_attn_q_proj, %getitem_174, %getitem_175, 32, 64"
815,,call_method,transpose_33,transpose,"(%view_32, 1, 2"
816,,call_method,view_33,view,"(%model_layers_8_self_attn_k_proj, %getitem_174, %getitem_175, 8, 64"
817,,call_method,transpose_34,transpose,"(%view_33, 1, 2"
818,,call_method,view_34,view,"(%model_layers_8_self_attn_v_proj, %getitem_174, %getitem_175, 8, 64"
819,,call_method,transpose_35,transpose,"(%view_34, 1, 2"
820,,call_method,unsqueeze_17,unsqueeze,"(%to, 1"
821,,call_method,unsqueeze_18,unsqueeze,"(%to_1, 1"
822,,call_function,mul_92,<built-in function mul>,"(%transpose_33, %unsqueeze_17"
823,,call_method,size_61,size,(%transpose_33
824,,call_function,getitem_177,<built-in function getitem>,"(%size_61, -1"
825,,call_function,floordiv_32,<built-in function floordiv>,"(%getitem_177, 2"
826,,call_function,getitem_178,<built-in function getitem>,"(%transpose_33, (Ellipsis, slice(None, floordi"
827,,call_method,size_62,size,(%transpose_33
828,,call_function,getitem_179,<built-in function getitem>,"(%size_62, -1"
829,,call_function,floordiv_33,<built-in function floordiv>,"(%getitem_179, 2"
830,,call_function,getitem_180,<built-in function getitem>,"(%transpose_33, (Ellipsis, slice(floordiv_33,"
831,,call_function,neg_16,<built-in function neg>,(%getitem_180
832,,call_function,cat_17,<built-in method cat of type object at 0x7f6ca205f240>,"((neg_16, getitem_178)"
833,,call_function,mul_93,<built-in function mul>,"(%cat_17, %unsqueeze_18"
834,,call_function,add_51,<built-in function add>,"(%mul_92, %mul_93"
835,,call_function,mul_94,<built-in function mul>,"(%transpose_34, %unsqueeze_17"
836,,call_method,size_63,size,(%transpose_34
837,,call_function,getitem_181,<built-in function getitem>,"(%size_63, -1"
838,,call_function,floordiv_34,<built-in function floordiv>,"(%getitem_181, 2"
839,,call_function,getitem_182,<built-in function getitem>,"(%transpose_34, (Ellipsis, slice(None, floordi"
840,,call_method,size_64,size,(%transpose_34
841,,call_function,getitem_183,<built-in function getitem>,"(%size_64, -1"
842,,call_function,floordiv_35,<built-in function floordiv>,"(%getitem_183, 2"
843,,call_function,getitem_184,<built-in function getitem>,"(%transpose_34, (Ellipsis, slice(floordiv_35,"
844,,call_function,neg_17,<built-in function neg>,(%getitem_184
845,,call_function,cat_18,<built-in method cat of type object at 0x7f6ca205f240>,"((neg_17, getitem_182)"
846,,call_function,mul_95,<built-in function mul>,"(%cat_18, %unsqueeze_18"
847,,call_function,add_52,<built-in function add>,"(%mul_94, %mul_95"
848,,call_method,size_65,size,(%add_52
849,,call_function,getitem_185,<built-in function getitem>,"(%size_65, 0"
850,,call_function,getitem_186,<built-in function getitem>,"(%size_65, 1"
851,,call_function,getitem_187,<built-in function getitem>,"(%size_65, 2"
852,,call_function,getitem_188,<built-in function getitem>,"(%size_65, 3"
853,,call_function,getitem_189,<built-in function getitem>,"(%add_52, (slice(None, None, None), slic"
854,,call_method,expand_17,expand,"(%getitem_189, %getitem_185, %getitem_186, 4, %getitem_187, %getitem_188"
855,,call_function,mul_96,<built-in function mul>,"(%getitem_186, 4"
856,,call_method,reshape_16,reshape,"(%expand_17, %getitem_185, %mul_96, %getitem_187, %getitem_188"
857,,call_method,size_66,size,(%transpose_35
858,,call_function,getitem_190,<built-in function getitem>,"(%size_66, 0"
859,,call_function,getitem_191,<built-in function getitem>,"(%size_66, 1"
860,,call_function,getitem_192,<built-in function getitem>,"(%size_66, 2"
861,,call_function,getitem_193,<built-in function getitem>,"(%size_66, 3"
862,,call_function,getitem_194,<built-in function getitem>,"(%transpose_35, (slice(None, None, None), slic"
863,,call_method,expand_18,expand,"(%getitem_194, %getitem_190, %getitem_191, 4, %getitem_192, %getitem_193"
864,,call_function,mul_97,<built-in function mul>,"(%getitem_191, 4"
865,,call_method,reshape_17,reshape,"(%expand_18, %getitem_190, %mul_97, %getitem_192, %getitem_193"
866,,call_function,getattr_37,<built-in function getattr>,"(%add_51, device"
867,,call_function,getattr_38,<built-in function getattr>,"(%getattr_37, type"
868,,call_function,eq_11,<built-in function eq>,"(%getattr_38, cuda"
869,,call_function,gt_8,<built-in function gt>,"(%getitem_175, 1"
870,,call_function,scaled_dot_product_attention_8,<built-in function scaled_dot_product_attention>,"(%add_51, %reshape_16, %reshape_17"
871,,call_method,transpose_36,transpose,"(%scaled_dot_product_attention_8, 1, 2"
872,,call_method,contiguous_8,contiguous,(%transpose_36
873,,call_method,view_35,view,"(%contiguous_8, %getitem_174, %getitem_175, -1"
874,68,call_module,model_layers_8_self_attn_o_proj,model.layers.8.self_attn.o_proj,(%view_35
875,,call_function,add_53,<built-in function add>,"(%add_49, %model_layers_8_self_attn_o_proj"
876,,call_method,to_36,to,"(%add_53, torch.float32"
877,,call_method,pow_18,pow,"(%to_36, 2"
878,,call_method,mean_17,mean,"(%pow_18, -1"
879,,call_function,add_54,<built-in function add>,"(%mean_17, 1e-05"
880,,call_function,rsqrt_17,<built-in method rsqrt of type object at 0x7f6ca205f240>,(%add_54
881,,call_function,mul_98,<built-in function mul>,"(%to_36, %rsqrt_17"
882,,get_attr,model_layers_8_post_attention_layernorm_weight,model.layers.8.post_attention_layernorm.weight,(
883,,call_function,getattr_39,<built-in function getattr>,"(%add_53, dtype"
884,,call_method,to_37,to,"(%mul_98, %getattr_39"
885,,call_function,mul_99,<built-in function mul>,"(%model_layers_8_post_attention_layernorm_weight, %to_37"
886,69,call_module,model_layers_8_mlp_gate_proj,model.layers.8.mlp.gate_proj,(%mul_99
887,70,call_module,model_layers_8_mlp_act_fn,model.layers.8.mlp.act_fn,(%model_layers_8_mlp_gate_proj
888,71,call_module,model_layers_8_mlp_up_proj,model.layers.8.mlp.up_proj,(%mul_99
889,,call_function,mul_100,<built-in function mul>,"(%model_layers_8_mlp_act_fn, %model_layers_8_mlp_up_proj"
890,72,call_module,model_layers_8_mlp_down_proj,model.layers.8.mlp.down_proj,(%mul_100
891,,call_function,add_55,<built-in function add>,"(%add_53, %model_layers_8_mlp_down_proj"
892,,call_method,to_38,to,"(%add_55, torch.float32"
893,,call_method,pow_19,pow,"(%to_38, 2"
894,,call_method,mean_18,mean,"(%pow_19, -1"
895,,call_function,add_56,<built-in function add>,"(%mean_18, 1e-05"
896,,call_function,rsqrt_18,<built-in method rsqrt of type object at 0x7f6ca205f240>,(%add_56
897,,call_function,mul_101,<built-in function mul>,"(%to_38, %rsqrt_18"
898,,get_attr,model_layers_9_input_layernorm_weight,model.layers.9.input_layernorm.weight,(
899,,call_function,getattr_40,<built-in function getattr>,"(%add_55, dtype"
900,,call_method,to_39,to,"(%mul_101, %getattr_40"
901,,call_function,mul_102,<built-in function mul>,"(%model_layers_9_input_layernorm_weight, %to_39"
902,,call_method,size_67,size,(%mul_102
903,,call_function,getitem_195,<built-in function getitem>,"(%size_67, 0"
904,,call_function,getitem_196,<built-in function getitem>,"(%size_67, 1"
905,,call_function,getitem_197,<built-in function getitem>,"(%size_67, 2"
906,73,call_module,model_layers_9_self_attn_q_proj,model.layers.9.self_attn.q_proj,(%mul_102
907,74,call_module,model_layers_9_self_attn_k_proj,model.layers.9.self_attn.k_proj,(%mul_102
908,75,call_module,model_layers_9_self_attn_v_proj,model.layers.9.self_attn.v_proj,(%mul_102
909,,call_method,view_36,view,"(%model_layers_9_self_attn_q_proj, %getitem_195, %getitem_196, 32, 64"
910,,call_method,transpose_37,transpose,"(%view_36, 1, 2"
911,,call_method,view_37,view,"(%model_layers_9_self_attn_k_proj, %getitem_195, %getitem_196, 8, 64"
912,,call_method,transpose_38,transpose,"(%view_37, 1, 2"
913,,call_method,view_38,view,"(%model_layers_9_self_attn_v_proj, %getitem_195, %getitem_196, 8, 64"
914,,call_method,transpose_39,transpose,"(%view_38, 1, 2"
915,,call_method,unsqueeze_19,unsqueeze,"(%to, 1"
916,,call_method,unsqueeze_20,unsqueeze,"(%to_1, 1"
917,,call_function,mul_103,<built-in function mul>,"(%transpose_37, %unsqueeze_19"
918,,call_method,size_68,size,(%transpose_37
919,,call_function,getitem_198,<built-in function getitem>,"(%size_68, -1"
920,,call_function,floordiv_36,<built-in function floordiv>,"(%getitem_198, 2"
921,,call_function,getitem_199,<built-in function getitem>,"(%transpose_37, (Ellipsis, slice(None, floordi"
922,,call_method,size_69,size,(%transpose_37
923,,call_function,getitem_200,<built-in function getitem>,"(%size_69, -1"
924,,call_function,floordiv_37,<built-in function floordiv>,"(%getitem_200, 2"
925,,call_function,getitem_201,<built-in function getitem>,"(%transpose_37, (Ellipsis, slice(floordiv_37,"
926,,call_function,neg_18,<built-in function neg>,(%getitem_201
927,,call_function,cat_19,<built-in method cat of type object at 0x7f6ca205f240>,"((neg_18, getitem_199)"
928,,call_function,mul_104,<built-in function mul>,"(%cat_19, %unsqueeze_20"
929,,call_function,add_57,<built-in function add>,"(%mul_103, %mul_104"
930,,call_function,mul_105,<built-in function mul>,"(%transpose_38, %unsqueeze_19"
931,,call_method,size_70,size,(%transpose_38
932,,call_function,getitem_202,<built-in function getitem>,"(%size_70, -1"
933,,call_function,floordiv_38,<built-in function floordiv>,"(%getitem_202, 2"
934,,call_function,getitem_203,<built-in function getitem>,"(%transpose_38, (Ellipsis, slice(None, floordi"
935,,call_method,size_71,size,(%transpose_38
936,,call_function,getitem_204,<built-in function getitem>,"(%size_71, -1"
937,,call_function,floordiv_39,<built-in function floordiv>,"(%getitem_204, 2"
938,,call_function,getitem_205,<built-in function getitem>,"(%transpose_38, (Ellipsis, slice(floordiv_39,"
939,,call_function,neg_19,<built-in function neg>,(%getitem_205
940,,call_function,cat_20,<built-in method cat of type object at 0x7f6ca205f240>,"((neg_19, getitem_203)"
941,,call_function,mul_106,<built-in function mul>,"(%cat_20, %unsqueeze_20"
942,,call_function,add_58,<built-in function add>,"(%mul_105, %mul_106"
943,,call_method,size_72,size,(%add_58
944,,call_function,getitem_206,<built-in function getitem>,"(%size_72, 0"
945,,call_function,getitem_207,<built-in function getitem>,"(%size_72, 1"
946,,call_function,getitem_208,<built-in function getitem>,"(%size_72, 2"
947,,call_function,getitem_209,<built-in function getitem>,"(%size_72, 3"
948,,call_function,getitem_210,<built-in function getitem>,"(%add_58, (slice(None, None, None), slic"
949,,call_method,expand_19,expand,"(%getitem_210, %getitem_206, %getitem_207, 4, %getitem_208, %getitem_209"
950,,call_function,mul_107,<built-in function mul>,"(%getitem_207, 4"
951,,call_method,reshape_18,reshape,"(%expand_19, %getitem_206, %mul_107, %getitem_208, %getitem_209"
952,,call_method,size_73,size,(%transpose_39
953,,call_function,getitem_211,<built-in function getitem>,"(%size_73, 0"
954,,call_function,getitem_212,<built-in function getitem>,"(%size_73, 1"
955,,call_function,getitem_213,<built-in function getitem>,"(%size_73, 2"
956,,call_function,getitem_214,<built-in function getitem>,"(%size_73, 3"
957,,call_function,getitem_215,<built-in function getitem>,"(%transpose_39, (slice(None, None, None), slic"
958,,call_method,expand_20,expand,"(%getitem_215, %getitem_211, %getitem_212, 4, %getitem_213, %getitem_214"
959,,call_function,mul_108,<built-in function mul>,"(%getitem_212, 4"
960,,call_method,reshape_19,reshape,"(%expand_20, %getitem_211, %mul_108, %getitem_213, %getitem_214"
961,,call_function,getattr_41,<built-in function getattr>,"(%add_57, device"
962,,call_function,getattr_42,<built-in function getattr>,"(%getattr_41, type"
963,,call_function,eq_12,<built-in function eq>,"(%getattr_42, cuda"
964,,call_function,gt_9,<built-in function gt>,"(%getitem_196, 1"
965,,call_function,scaled_dot_product_attention_9,<built-in function scaled_dot_product_attention>,"(%add_57, %reshape_18, %reshape_19"
966,,call_method,transpose_40,transpose,"(%scaled_dot_product_attention_9, 1, 2"
967,,call_method,contiguous_9,contiguous,(%transpose_40
968,,call_method,view_39,view,"(%contiguous_9, %getitem_195, %getitem_196, -1"
969,76,call_module,model_layers_9_self_attn_o_proj,model.layers.9.self_attn.o_proj,(%view_39
970,,call_function,add_59,<built-in function add>,"(%add_55, %model_layers_9_self_attn_o_proj"
971,,call_method,to_40,to,"(%add_59, torch.float32"
972,,call_method,pow_20,pow,"(%to_40, 2"
973,,call_method,mean_19,mean,"(%pow_20, -1"
974,,call_function,add_60,<built-in function add>,"(%mean_19, 1e-05"
975,,call_function,rsqrt_19,<built-in method rsqrt of type object at 0x7f6ca205f240>,(%add_60
976,,call_function,mul_109,<built-in function mul>,"(%to_40, %rsqrt_19"
977,,get_attr,model_layers_9_post_attention_layernorm_weight,model.layers.9.post_attention_layernorm.weight,(
978,,call_function,getattr_43,<built-in function getattr>,"(%add_59, dtype"
979,,call_method,to_41,to,"(%mul_109, %getattr_43"
980,,call_function,mul_110,<built-in function mul>,"(%model_layers_9_post_attention_layernorm_weight, %to_41"
981,77,call_module,model_layers_9_mlp_gate_proj,model.layers.9.mlp.gate_proj,(%mul_110
982,78,call_module,model_layers_9_mlp_act_fn,model.layers.9.mlp.act_fn,(%model_layers_9_mlp_gate_proj
983,79,call_module,model_layers_9_mlp_up_proj,model.layers.9.mlp.up_proj,(%mul_110
984,,call_function,mul_111,<built-in function mul>,"(%model_layers_9_mlp_act_fn, %model_layers_9_mlp_up_proj"
985,80,call_module,model_layers_9_mlp_down_proj,model.layers.9.mlp.down_proj,(%mul_111
986,,call_function,add_61,<built-in function add>,"(%add_59, %model_layers_9_mlp_down_proj"
987,,call_method,to_42,to,"(%add_61, torch.float32"
988,,call_method,pow_21,pow,"(%to_42, 2"
989,,call_method,mean_20,mean,"(%pow_21, -1"
990,,call_function,add_62,<built-in function add>,"(%mean_20, 1e-05"
991,,call_function,rsqrt_20,<built-in method rsqrt of type object at 0x7f6ca205f240>,(%add_62
992,,call_function,mul_112,<built-in function mul>,"(%to_42, %rsqrt_20"
993,,get_attr,model_layers_10_input_layernorm_weight,model.layers.10.input_layernorm.weight,(
994,,call_function,getattr_44,<built-in function getattr>,"(%add_61, dtype"
995,,call_method,to_43,to,"(%mul_112, %getattr_44"
996,,call_function,mul_113,<built-in function mul>,"(%model_layers_10_input_layernorm_weight, %to_43"
997,,call_method,size_74,size,(%mul_113
998,,call_function,getitem_216,<built-in function getitem>,"(%size_74, 0"
999,,call_function,getitem_217,<built-in function getitem>,"(%size_74, 1"
1000,,call_function,getitem_218,<built-in function getitem>,"(%size_74, 2"
1001,81,call_module,model_layers_10_self_attn_q_proj,model.layers.10.self_attn.q_proj,(%mul_113
1002,82,call_module,model_layers_10_self_attn_k_proj,model.layers.10.self_attn.k_proj,(%mul_113
1003,83,call_module,model_layers_10_self_attn_v_proj,model.layers.10.self_attn.v_proj,(%mul_113
1004,,call_method,view_40,view,"(%model_layers_10_self_attn_q_proj, %getitem_216, %getitem_217, 32, 64"
1005,,call_method,transpose_41,transpose,"(%view_40, 1, 2"
1006,,call_method,view_41,view,"(%model_layers_10_self_attn_k_proj, %getitem_216, %getitem_217, 8, 64"
1007,,call_method,transpose_42,transpose,"(%view_41, 1, 2"
1008,,call_method,view_42,view,"(%model_layers_10_self_attn_v_proj, %getitem_216, %getitem_217, 8, 64"
1009,,call_method,transpose_43,transpose,"(%view_42, 1, 2"
1010,,call_method,unsqueeze_21,unsqueeze,"(%to, 1"
1011,,call_method,unsqueeze_22,unsqueeze,"(%to_1, 1"
1012,,call_function,mul_114,<built-in function mul>,"(%transpose_41, %unsqueeze_21"
1013,,call_method,size_75,size,(%transpose_41
1014,,call_function,getitem_219,<built-in function getitem>,"(%size_75, -1"
1015,,call_function,floordiv_40,<built-in function floordiv>,"(%getitem_219, 2"
1016,,call_function,getitem_220,<built-in function getitem>,"(%transpose_41, (Ellipsis, slice(None, floordi"
1017,,call_method,size_76,size,(%transpose_41
1018,,call_function,getitem_221,<built-in function getitem>,"(%size_76, -1"
1019,,call_function,floordiv_41,<built-in function floordiv>,"(%getitem_221, 2"
1020,,call_function,getitem_222,<built-in function getitem>,"(%transpose_41, (Ellipsis, slice(floordiv_41,"
1021,,call_function,neg_20,<built-in function neg>,(%getitem_222
1022,,call_function,cat_21,<built-in method cat of type object at 0x7f6ca205f240>,"((neg_20, getitem_220)"
1023,,call_function,mul_115,<built-in function mul>,"(%cat_21, %unsqueeze_22"
1024,,call_function,add_63,<built-in function add>,"(%mul_114, %mul_115"
1025,,call_function,mul_116,<built-in function mul>,"(%transpose_42, %unsqueeze_21"
1026,,call_method,size_77,size,(%transpose_42
1027,,call_function,getitem_223,<built-in function getitem>,"(%size_77, -1"
1028,,call_function,floordiv_42,<built-in function floordiv>,"(%getitem_223, 2"
1029,,call_function,getitem_224,<built-in function getitem>,"(%transpose_42, (Ellipsis, slice(None, floordi"
1030,,call_method,size_78,size,(%transpose_42
1031,,call_function,getitem_225,<built-in function getitem>,"(%size_78, -1"
1032,,call_function,floordiv_43,<built-in function floordiv>,"(%getitem_225, 2"
1033,,call_function,getitem_226,<built-in function getitem>,"(%transpose_42, (Ellipsis, slice(floordiv_43,"
1034,,call_function,neg_21,<built-in function neg>,(%getitem_226
1035,,call_function,cat_22,<built-in method cat of type object at 0x7f6ca205f240>,"((neg_21, getitem_224)"
1036,,call_function,mul_117,<built-in function mul>,"(%cat_22, %unsqueeze_22"
1037,,call_function,add_64,<built-in function add>,"(%mul_116, %mul_117"
1038,,call_method,size_79,size,(%add_64
1039,,call_function,getitem_227,<built-in function getitem>,"(%size_79, 0"
1040,,call_function,getitem_228,<built-in function getitem>,"(%size_79, 1"
1041,,call_function,getitem_229,<built-in function getitem>,"(%size_79, 2"
1042,,call_function,getitem_230,<built-in function getitem>,"(%size_79, 3"
1043,,call_function,getitem_231,<built-in function getitem>,"(%add_64, (slice(None, None, None), slic"
1044,,call_method,expand_21,expand,"(%getitem_231, %getitem_227, %getitem_228, 4, %getitem_229, %getitem_230"
1045,,call_function,mul_118,<built-in function mul>,"(%getitem_228, 4"
1046,,call_method,reshape_20,reshape,"(%expand_21, %getitem_227, %mul_118, %getitem_229, %getitem_230"
1047,,call_method,size_80,size,(%transpose_43
1048,,call_function,getitem_232,<built-in function getitem>,"(%size_80, 0"
1049,,call_function,getitem_233,<built-in function getitem>,"(%size_80, 1"
1050,,call_function,getitem_234,<built-in function getitem>,"(%size_80, 2"
1051,,call_function,getitem_235,<built-in function getitem>,"(%size_80, 3"
1052,,call_function,getitem_236,<built-in function getitem>,"(%transpose_43, (slice(None, None, None), slic"
1053,,call_method,expand_22,expand,"(%getitem_236, %getitem_232, %getitem_233, 4, %getitem_234, %getitem_235"
1054,,call_function,mul_119,<built-in function mul>,"(%getitem_233, 4"
1055,,call_method,reshape_21,reshape,"(%expand_22, %getitem_232, %mul_119, %getitem_234, %getitem_235"
1056,,call_function,getattr_45,<built-in function getattr>,"(%add_63, device"
1057,,call_function,getattr_46,<built-in function getattr>,"(%getattr_45, type"
1058,,call_function,eq_13,<built-in function eq>,"(%getattr_46, cuda"
1059,,call_function,gt_10,<built-in function gt>,"(%getitem_217, 1"
1060,,call_function,scaled_dot_product_attention_10,<built-in function scaled_dot_product_attention>,"(%add_63, %reshape_20, %reshape_21"
1061,,call_method,transpose_44,transpose,"(%scaled_dot_product_attention_10, 1, 2"
1062,,call_method,contiguous_10,contiguous,(%transpose_44
1063,,call_method,view_43,view,"(%contiguous_10, %getitem_216, %getitem_217, -1"
1064,84,call_module,model_layers_10_self_attn_o_proj,model.layers.10.self_attn.o_proj,(%view_43
1065,,call_function,add_65,<built-in function add>,"(%add_61, %model_layers_10_self_attn_o_proj"
1066,,call_method,to_44,to,"(%add_65, torch.float32"
1067,,call_method,pow_22,pow,"(%to_44, 2"
1068,,call_method,mean_21,mean,"(%pow_22, -1"
1069,,call_function,add_66,<built-in function add>,"(%mean_21, 1e-05"
1070,,call_function,rsqrt_21,<built-in method rsqrt of type object at 0x7f6ca205f240>,(%add_66
1071,,call_function,mul_120,<built-in function mul>,"(%to_44, %rsqrt_21"
1072,,get_attr,model_layers_10_post_attention_layernorm_weight,model.layers.10.post_attention_layernorm.weight,(
1073,,call_function,getattr_47,<built-in function getattr>,"(%add_65, dtype"
1074,,call_method,to_45,to,"(%mul_120, %getattr_47"
1075,,call_function,mul_121,<built-in function mul>,"(%model_layers_10_post_attention_layernorm_weight, %to_45"
1076,85,call_module,model_layers_10_mlp_gate_proj,model.layers.10.mlp.gate_proj,(%mul_121
1077,86,call_module,model_layers_10_mlp_act_fn,model.layers.10.mlp.act_fn,(%model_layers_10_mlp_gate_proj
1078,87,call_module,model_layers_10_mlp_up_proj,model.layers.10.mlp.up_proj,(%mul_121
1079,,call_function,mul_122,<built-in function mul>,"(%model_layers_10_mlp_act_fn, %model_layers_10_mlp_up_proj"
1080,88,call_module,model_layers_10_mlp_down_proj,model.layers.10.mlp.down_proj,(%mul_122
1081,,call_function,add_67,<built-in function add>,"(%add_65, %model_layers_10_mlp_down_proj"
1082,,call_method,to_46,to,"(%add_67, torch.float32"
1083,,call_method,pow_23,pow,"(%to_46, 2"
1084,,call_method,mean_22,mean,"(%pow_23, -1"
1085,,call_function,add_68,<built-in function add>,"(%mean_22, 1e-05"
1086,,call_function,rsqrt_22,<built-in method rsqrt of type object at 0x7f6ca205f240>,(%add_68
1087,,call_function,mul_123,<built-in function mul>,"(%to_46, %rsqrt_22"
1088,,get_attr,model_layers_11_input_layernorm_weight,model.layers.11.input_layernorm.weight,(
1089,,call_function,getattr_48,<built-in function getattr>,"(%add_67, dtype"
1090,,call_method,to_47,to,"(%mul_123, %getattr_48"
1091,,call_function,mul_124,<built-in function mul>,"(%model_layers_11_input_layernorm_weight, %to_47"
1092,,call_method,size_81,size,(%mul_124
1093,,call_function,getitem_237,<built-in function getitem>,"(%size_81, 0"
1094,,call_function,getitem_238,<built-in function getitem>,"(%size_81, 1"
1095,,call_function,getitem_239,<built-in function getitem>,"(%size_81, 2"
1096,89,call_module,model_layers_11_self_attn_q_proj,model.layers.11.self_attn.q_proj,(%mul_124
1097,90,call_module,model_layers_11_self_attn_k_proj,model.layers.11.self_attn.k_proj,(%mul_124
1098,91,call_module,model_layers_11_self_attn_v_proj,model.layers.11.self_attn.v_proj,(%mul_124
1099,,call_method,view_44,view,"(%model_layers_11_self_attn_q_proj, %getitem_237, %getitem_238, 32, 64"
1100,,call_method,transpose_45,transpose,"(%view_44, 1, 2"
1101,,call_method,view_45,view,"(%model_layers_11_self_attn_k_proj, %getitem_237, %getitem_238, 8, 64"
1102,,call_method,transpose_46,transpose,"(%view_45, 1, 2"
1103,,call_method,view_46,view,"(%model_layers_11_self_attn_v_proj, %getitem_237, %getitem_238, 8, 64"
1104,,call_method,transpose_47,transpose,"(%view_46, 1, 2"
1105,,call_method,unsqueeze_23,unsqueeze,"(%to, 1"
1106,,call_method,unsqueeze_24,unsqueeze,"(%to_1, 1"
1107,,call_function,mul_125,<built-in function mul>,"(%transpose_45, %unsqueeze_23"
1108,,call_method,size_82,size,(%transpose_45
1109,,call_function,getitem_240,<built-in function getitem>,"(%size_82, -1"
1110,,call_function,floordiv_44,<built-in function floordiv>,"(%getitem_240, 2"
1111,,call_function,getitem_241,<built-in function getitem>,"(%transpose_45, (Ellipsis, slice(None, floordi"
1112,,call_method,size_83,size,(%transpose_45
1113,,call_function,getitem_242,<built-in function getitem>,"(%size_83, -1"
1114,,call_function,floordiv_45,<built-in function floordiv>,"(%getitem_242, 2"
1115,,call_function,getitem_243,<built-in function getitem>,"(%transpose_45, (Ellipsis, slice(floordiv_45,"
1116,,call_function,neg_22,<built-in function neg>,(%getitem_243
1117,,call_function,cat_23,<built-in method cat of type object at 0x7f6ca205f240>,"((neg_22, getitem_241)"
1118,,call_function,mul_126,<built-in function mul>,"(%cat_23, %unsqueeze_24"
1119,,call_function,add_69,<built-in function add>,"(%mul_125, %mul_126"
1120,,call_function,mul_127,<built-in function mul>,"(%transpose_46, %unsqueeze_23"
1121,,call_method,size_84,size,(%transpose_46
1122,,call_function,getitem_244,<built-in function getitem>,"(%size_84, -1"
1123,,call_function,floordiv_46,<built-in function floordiv>,"(%getitem_244, 2"
1124,,call_function,getitem_245,<built-in function getitem>,"(%transpose_46, (Ellipsis, slice(None, floordi"
1125,,call_method,size_85,size,(%transpose_46
1126,,call_function,getitem_246,<built-in function getitem>,"(%size_85, -1"
1127,,call_function,floordiv_47,<built-in function floordiv>,"(%getitem_246, 2"
1128,,call_function,getitem_247,<built-in function getitem>,"(%transpose_46, (Ellipsis, slice(floordiv_47,"
1129,,call_function,neg_23,<built-in function neg>,(%getitem_247
1130,,call_function,cat_24,<built-in method cat of type object at 0x7f6ca205f240>,"((neg_23, getitem_245)"
1131,,call_function,mul_128,<built-in function mul>,"(%cat_24, %unsqueeze_24"
1132,,call_function,add_70,<built-in function add>,"(%mul_127, %mul_128"
1133,,call_method,size_86,size,(%add_70
1134,,call_function,getitem_248,<built-in function getitem>,"(%size_86, 0"
1135,,call_function,getitem_249,<built-in function getitem>,"(%size_86, 1"
1136,,call_function,getitem_250,<built-in function getitem>,"(%size_86, 2"
1137,,call_function,getitem_251,<built-in function getitem>,"(%size_86, 3"
1138,,call_function,getitem_252,<built-in function getitem>,"(%add_70, (slice(None, None, None), slic"
1139,,call_method,expand_23,expand,"(%getitem_252, %getitem_248, %getitem_249, 4, %getitem_250, %getitem_251"
1140,,call_function,mul_129,<built-in function mul>,"(%getitem_249, 4"
1141,,call_method,reshape_22,reshape,"(%expand_23, %getitem_248, %mul_129, %getitem_250, %getitem_251"
1142,,call_method,size_87,size,(%transpose_47
1143,,call_function,getitem_253,<built-in function getitem>,"(%size_87, 0"
1144,,call_function,getitem_254,<built-in function getitem>,"(%size_87, 1"
1145,,call_function,getitem_255,<built-in function getitem>,"(%size_87, 2"
1146,,call_function,getitem_256,<built-in function getitem>,"(%size_87, 3"
1147,,call_function,getitem_257,<built-in function getitem>,"(%transpose_47, (slice(None, None, None), slic"
1148,,call_method,expand_24,expand,"(%getitem_257, %getitem_253, %getitem_254, 4, %getitem_255, %getitem_256"
1149,,call_function,mul_130,<built-in function mul>,"(%getitem_254, 4"
1150,,call_method,reshape_23,reshape,"(%expand_24, %getitem_253, %mul_130, %getitem_255, %getitem_256"
1151,,call_function,getattr_49,<built-in function getattr>,"(%add_69, device"
1152,,call_function,getattr_50,<built-in function getattr>,"(%getattr_49, type"
1153,,call_function,eq_14,<built-in function eq>,"(%getattr_50, cuda"
1154,,call_function,gt_11,<built-in function gt>,"(%getitem_238, 1"
1155,,call_function,scaled_dot_product_attention_11,<built-in function scaled_dot_product_attention>,"(%add_69, %reshape_22, %reshape_23"
1156,,call_method,transpose_48,transpose,"(%scaled_dot_product_attention_11, 1, 2"
1157,,call_method,contiguous_11,contiguous,(%transpose_48
1158,,call_method,view_47,view,"(%contiguous_11, %getitem_237, %getitem_238, -1"
1159,92,call_module,model_layers_11_self_attn_o_proj,model.layers.11.self_attn.o_proj,(%view_47
1160,,call_function,add_71,<built-in function add>,"(%add_67, %model_layers_11_self_attn_o_proj"
1161,,call_method,to_48,to,"(%add_71, torch.float32"
1162,,call_method,pow_24,pow,"(%to_48, 2"
1163,,call_method,mean_23,mean,"(%pow_24, -1"
1164,,call_function,add_72,<built-in function add>,"(%mean_23, 1e-05"
1165,,call_function,rsqrt_23,<built-in method rsqrt of type object at 0x7f6ca205f240>,(%add_72
1166,,call_function,mul_131,<built-in function mul>,"(%to_48, %rsqrt_23"
1167,,get_attr,model_layers_11_post_attention_layernorm_weight,model.layers.11.post_attention_layernorm.weight,(
1168,,call_function,getattr_51,<built-in function getattr>,"(%add_71, dtype"
1169,,call_method,to_49,to,"(%mul_131, %getattr_51"
1170,,call_function,mul_132,<built-in function mul>,"(%model_layers_11_post_attention_layernorm_weight, %to_49"
1171,93,call_module,model_layers_11_mlp_gate_proj,model.layers.11.mlp.gate_proj,(%mul_132
1172,94,call_module,model_layers_11_mlp_act_fn,model.layers.11.mlp.act_fn,(%model_layers_11_mlp_gate_proj
1173,95,call_module,model_layers_11_mlp_up_proj,model.layers.11.mlp.up_proj,(%mul_132
1174,,call_function,mul_133,<built-in function mul>,"(%model_layers_11_mlp_act_fn, %model_layers_11_mlp_up_proj"
1175,96,call_module,model_layers_11_mlp_down_proj,model.layers.11.mlp.down_proj,(%mul_133
1176,,call_function,add_73,<built-in function add>,"(%add_71, %model_layers_11_mlp_down_proj"
1177,,call_method,to_50,to,"(%add_73, torch.float32"
1178,,call_method,pow_25,pow,"(%to_50, 2"
1179,,call_method,mean_24,mean,"(%pow_25, -1"
1180,,call_function,add_74,<built-in function add>,"(%mean_24, 1e-05"
1181,,call_function,rsqrt_24,<built-in method rsqrt of type object at 0x7f6ca205f240>,(%add_74
1182,,call_function,mul_134,<built-in function mul>,"(%to_50, %rsqrt_24"
1183,,get_attr,model_layers_12_input_layernorm_weight,model.layers.12.input_layernorm.weight,(
1184,,call_function,getattr_52,<built-in function getattr>,"(%add_73, dtype"
1185,,call_method,to_51,to,"(%mul_134, %getattr_52"
1186,,call_function,mul_135,<built-in function mul>,"(%model_layers_12_input_layernorm_weight, %to_51"
1187,,call_method,size_88,size,(%mul_135
1188,,call_function,getitem_258,<built-in function getitem>,"(%size_88, 0"
1189,,call_function,getitem_259,<built-in function getitem>,"(%size_88, 1"
1190,,call_function,getitem_260,<built-in function getitem>,"(%size_88, 2"
1191,97,call_module,model_layers_12_self_attn_q_proj,model.layers.12.self_attn.q_proj,(%mul_135
1192,98,call_module,model_layers_12_self_attn_k_proj,model.layers.12.self_attn.k_proj,(%mul_135
1193,99,call_module,model_layers_12_self_attn_v_proj,model.layers.12.self_attn.v_proj,(%mul_135
1194,,call_method,view_48,view,"(%model_layers_12_self_attn_q_proj, %getitem_258, %getitem_259, 32, 64"
1195,,call_method,transpose_49,transpose,"(%view_48, 1, 2"
1196,,call_method,view_49,view,"(%model_layers_12_self_attn_k_proj, %getitem_258, %getitem_259, 8, 64"
1197,,call_method,transpose_50,transpose,"(%view_49, 1, 2"
1198,,call_method,view_50,view,"(%model_layers_12_self_attn_v_proj, %getitem_258, %getitem_259, 8, 64"
1199,,call_method,transpose_51,transpose,"(%view_50, 1, 2"
1200,,call_method,unsqueeze_25,unsqueeze,"(%to, 1"
1201,,call_method,unsqueeze_26,unsqueeze,"(%to_1, 1"
1202,,call_function,mul_136,<built-in function mul>,"(%transpose_49, %unsqueeze_25"
1203,,call_method,size_89,size,(%transpose_49
1204,,call_function,getitem_261,<built-in function getitem>,"(%size_89, -1"
1205,,call_function,floordiv_48,<built-in function floordiv>,"(%getitem_261, 2"
1206,,call_function,getitem_262,<built-in function getitem>,"(%transpose_49, (Ellipsis, slice(None, floordi"
1207,,call_method,size_90,size,(%transpose_49
1208,,call_function,getitem_263,<built-in function getitem>,"(%size_90, -1"
1209,,call_function,floordiv_49,<built-in function floordiv>,"(%getitem_263, 2"
1210,,call_function,getitem_264,<built-in function getitem>,"(%transpose_49, (Ellipsis, slice(floordiv_49,"
1211,,call_function,neg_24,<built-in function neg>,(%getitem_264
1212,,call_function,cat_25,<built-in method cat of type object at 0x7f6ca205f240>,"((neg_24, getitem_262)"
1213,,call_function,mul_137,<built-in function mul>,"(%cat_25, %unsqueeze_26"
1214,,call_function,add_75,<built-in function add>,"(%mul_136, %mul_137"
1215,,call_function,mul_138,<built-in function mul>,"(%transpose_50, %unsqueeze_25"
1216,,call_method,size_91,size,(%transpose_50
1217,,call_function,getitem_265,<built-in function getitem>,"(%size_91, -1"
1218,,call_function,floordiv_50,<built-in function floordiv>,"(%getitem_265, 2"
1219,,call_function,getitem_266,<built-in function getitem>,"(%transpose_50, (Ellipsis, slice(None, floordi"
1220,,call_method,size_92,size,(%transpose_50
1221,,call_function,getitem_267,<built-in function getitem>,"(%size_92, -1"
1222,,call_function,floordiv_51,<built-in function floordiv>,"(%getitem_267, 2"
1223,,call_function,getitem_268,<built-in function getitem>,"(%transpose_50, (Ellipsis, slice(floordiv_51,"
1224,,call_function,neg_25,<built-in function neg>,(%getitem_268
1225,,call_function,cat_26,<built-in method cat of type object at 0x7f6ca205f240>,"((neg_25, getitem_266)"
1226,,call_function,mul_139,<built-in function mul>,"(%cat_26, %unsqueeze_26"
1227,,call_function,add_76,<built-in function add>,"(%mul_138, %mul_139"
1228,,call_method,size_93,size,(%add_76
1229,,call_function,getitem_269,<built-in function getitem>,"(%size_93, 0"
1230,,call_function,getitem_270,<built-in function getitem>,"(%size_93, 1"
1231,,call_function,getitem_271,<built-in function getitem>,"(%size_93, 2"
1232,,call_function,getitem_272,<built-in function getitem>,"(%size_93, 3"
1233,,call_function,getitem_273,<built-in function getitem>,"(%add_76, (slice(None, None, None), slic"
1234,,call_method,expand_25,expand,"(%getitem_273, %getitem_269, %getitem_270, 4, %getitem_271, %getitem_272"
1235,,call_function,mul_140,<built-in function mul>,"(%getitem_270, 4"
1236,,call_method,reshape_24,reshape,"(%expand_25, %getitem_269, %mul_140, %getitem_271, %getitem_272"
1237,,call_method,size_94,size,(%transpose_51
1238,,call_function,getitem_274,<built-in function getitem>,"(%size_94, 0"
1239,,call_function,getitem_275,<built-in function getitem>,"(%size_94, 1"
1240,,call_function,getitem_276,<built-in function getitem>,"(%size_94, 2"
1241,,call_function,getitem_277,<built-in function getitem>,"(%size_94, 3"
1242,,call_function,getitem_278,<built-in function getitem>,"(%transpose_51, (slice(None, None, None), slic"
1243,,call_method,expand_26,expand,"(%getitem_278, %getitem_274, %getitem_275, 4, %getitem_276, %getitem_277"
1244,,call_function,mul_141,<built-in function mul>,"(%getitem_275, 4"
1245,,call_method,reshape_25,reshape,"(%expand_26, %getitem_274, %mul_141, %getitem_276, %getitem_277"
1246,,call_function,getattr_53,<built-in function getattr>,"(%add_75, device"
1247,,call_function,getattr_54,<built-in function getattr>,"(%getattr_53, type"
1248,,call_function,eq_15,<built-in function eq>,"(%getattr_54, cuda"
1249,,call_function,gt_12,<built-in function gt>,"(%getitem_259, 1"
1250,,call_function,scaled_dot_product_attention_12,<built-in function scaled_dot_product_attention>,"(%add_75, %reshape_24, %reshape_25"
1251,,call_method,transpose_52,transpose,"(%scaled_dot_product_attention_12, 1, 2"
1252,,call_method,contiguous_12,contiguous,(%transpose_52
1253,,call_method,view_51,view,"(%contiguous_12, %getitem_258, %getitem_259, -1"
1254,100,call_module,model_layers_12_self_attn_o_proj,model.layers.12.self_attn.o_proj,(%view_51
1255,,call_function,add_77,<built-in function add>,"(%add_73, %model_layers_12_self_attn_o_proj"
1256,,call_method,to_52,to,"(%add_77, torch.float32"
1257,,call_method,pow_26,pow,"(%to_52, 2"
1258,,call_method,mean_25,mean,"(%pow_26, -1"
1259,,call_function,add_78,<built-in function add>,"(%mean_25, 1e-05"
1260,,call_function,rsqrt_25,<built-in method rsqrt of type object at 0x7f6ca205f240>,(%add_78
1261,,call_function,mul_142,<built-in function mul>,"(%to_52, %rsqrt_25"
1262,,get_attr,model_layers_12_post_attention_layernorm_weight,model.layers.12.post_attention_layernorm.weight,(
1263,,call_function,getattr_55,<built-in function getattr>,"(%add_77, dtype"
1264,,call_method,to_53,to,"(%mul_142, %getattr_55"
1265,,call_function,mul_143,<built-in function mul>,"(%model_layers_12_post_attention_layernorm_weight, %to_53"
1266,101,call_module,model_layers_12_mlp_gate_proj,model.layers.12.mlp.gate_proj,(%mul_143
1267,102,call_module,model_layers_12_mlp_act_fn,model.layers.12.mlp.act_fn,(%model_layers_12_mlp_gate_proj
1268,103,call_module,model_layers_12_mlp_up_proj,model.layers.12.mlp.up_proj,(%mul_143
1269,,call_function,mul_144,<built-in function mul>,"(%model_layers_12_mlp_act_fn, %model_layers_12_mlp_up_proj"
1270,104,call_module,model_layers_12_mlp_down_proj,model.layers.12.mlp.down_proj,(%mul_144
1271,,call_function,add_79,<built-in function add>,"(%add_77, %model_layers_12_mlp_down_proj"
1272,,call_method,to_54,to,"(%add_79, torch.float32"
1273,,call_method,pow_27,pow,"(%to_54, 2"
1274,,call_method,mean_26,mean,"(%pow_27, -1"
1275,,call_function,add_80,<built-in function add>,"(%mean_26, 1e-05"
1276,,call_function,rsqrt_26,<built-in method rsqrt of type object at 0x7f6ca205f240>,(%add_80
1277,,call_function,mul_145,<built-in function mul>,"(%to_54, %rsqrt_26"
1278,,get_attr,model_layers_13_input_layernorm_weight,model.layers.13.input_layernorm.weight,(
1279,,call_function,getattr_56,<built-in function getattr>,"(%add_79, dtype"
1280,,call_method,to_55,to,"(%mul_145, %getattr_56"
1281,,call_function,mul_146,<built-in function mul>,"(%model_layers_13_input_layernorm_weight, %to_55"
1282,,call_method,size_95,size,(%mul_146
1283,,call_function,getitem_279,<built-in function getitem>,"(%size_95, 0"
1284,,call_function,getitem_280,<built-in function getitem>,"(%size_95, 1"
1285,,call_function,getitem_281,<built-in function getitem>,"(%size_95, 2"
1286,105,call_module,model_layers_13_self_attn_q_proj,model.layers.13.self_attn.q_proj,(%mul_146
1287,106,call_module,model_layers_13_self_attn_k_proj,model.layers.13.self_attn.k_proj,(%mul_146
1288,107,call_module,model_layers_13_self_attn_v_proj,model.layers.13.self_attn.v_proj,(%mul_146
1289,,call_method,view_52,view,"(%model_layers_13_self_attn_q_proj, %getitem_279, %getitem_280, 32, 64"
1290,,call_method,transpose_53,transpose,"(%view_52, 1, 2"
1291,,call_method,view_53,view,"(%model_layers_13_self_attn_k_proj, %getitem_279, %getitem_280, 8, 64"
1292,,call_method,transpose_54,transpose,"(%view_53, 1, 2"
1293,,call_method,view_54,view,"(%model_layers_13_self_attn_v_proj, %getitem_279, %getitem_280, 8, 64"
1294,,call_method,transpose_55,transpose,"(%view_54, 1, 2"
1295,,call_method,unsqueeze_27,unsqueeze,"(%to, 1"
1296,,call_method,unsqueeze_28,unsqueeze,"(%to_1, 1"
1297,,call_function,mul_147,<built-in function mul>,"(%transpose_53, %unsqueeze_27"
1298,,call_method,size_96,size,(%transpose_53
1299,,call_function,getitem_282,<built-in function getitem>,"(%size_96, -1"
1300,,call_function,floordiv_52,<built-in function floordiv>,"(%getitem_282, 2"
1301,,call_function,getitem_283,<built-in function getitem>,"(%transpose_53, (Ellipsis, slice(None, floordi"
1302,,call_method,size_97,size,(%transpose_53
1303,,call_function,getitem_284,<built-in function getitem>,"(%size_97, -1"
1304,,call_function,floordiv_53,<built-in function floordiv>,"(%getitem_284, 2"
1305,,call_function,getitem_285,<built-in function getitem>,"(%transpose_53, (Ellipsis, slice(floordiv_53,"
1306,,call_function,neg_26,<built-in function neg>,(%getitem_285
1307,,call_function,cat_27,<built-in method cat of type object at 0x7f6ca205f240>,"((neg_26, getitem_283)"
1308,,call_function,mul_148,<built-in function mul>,"(%cat_27, %unsqueeze_28"
1309,,call_function,add_81,<built-in function add>,"(%mul_147, %mul_148"
1310,,call_function,mul_149,<built-in function mul>,"(%transpose_54, %unsqueeze_27"
1311,,call_method,size_98,size,(%transpose_54
1312,,call_function,getitem_286,<built-in function getitem>,"(%size_98, -1"
1313,,call_function,floordiv_54,<built-in function floordiv>,"(%getitem_286, 2"
1314,,call_function,getitem_287,<built-in function getitem>,"(%transpose_54, (Ellipsis, slice(None, floordi"
1315,,call_method,size_99,size,(%transpose_54
1316,,call_function,getitem_288,<built-in function getitem>,"(%size_99, -1"
1317,,call_function,floordiv_55,<built-in function floordiv>,"(%getitem_288, 2"
1318,,call_function,getitem_289,<built-in function getitem>,"(%transpose_54, (Ellipsis, slice(floordiv_55,"
1319,,call_function,neg_27,<built-in function neg>,(%getitem_289
1320,,call_function,cat_28,<built-in method cat of type object at 0x7f6ca205f240>,"((neg_27, getitem_287)"
1321,,call_function,mul_150,<built-in function mul>,"(%cat_28, %unsqueeze_28"
1322,,call_function,add_82,<built-in function add>,"(%mul_149, %mul_150"
1323,,call_method,size_100,size,(%add_82
1324,,call_function,getitem_290,<built-in function getitem>,"(%size_100, 0"
1325,,call_function,getitem_291,<built-in function getitem>,"(%size_100, 1"
1326,,call_function,getitem_292,<built-in function getitem>,"(%size_100, 2"
1327,,call_function,getitem_293,<built-in function getitem>,"(%size_100, 3"
1328,,call_function,getitem_294,<built-in function getitem>,"(%add_82, (slice(None, None, None), slic"
1329,,call_method,expand_27,expand,"(%getitem_294, %getitem_290, %getitem_291, 4, %getitem_292, %getitem_293"
1330,,call_function,mul_151,<built-in function mul>,"(%getitem_291, 4"
1331,,call_method,reshape_26,reshape,"(%expand_27, %getitem_290, %mul_151, %getitem_292, %getitem_293"
1332,,call_method,size_101,size,(%transpose_55
1333,,call_function,getitem_295,<built-in function getitem>,"(%size_101, 0"
1334,,call_function,getitem_296,<built-in function getitem>,"(%size_101, 1"
1335,,call_function,getitem_297,<built-in function getitem>,"(%size_101, 2"
1336,,call_function,getitem_298,<built-in function getitem>,"(%size_101, 3"
1337,,call_function,getitem_299,<built-in function getitem>,"(%transpose_55, (slice(None, None, None), slic"
1338,,call_method,expand_28,expand,"(%getitem_299, %getitem_295, %getitem_296, 4, %getitem_297, %getitem_298"
1339,,call_function,mul_152,<built-in function mul>,"(%getitem_296, 4"
1340,,call_method,reshape_27,reshape,"(%expand_28, %getitem_295, %mul_152, %getitem_297, %getitem_298"
1341,,call_function,getattr_57,<built-in function getattr>,"(%add_81, device"
1342,,call_function,getattr_58,<built-in function getattr>,"(%getattr_57, type"
1343,,call_function,eq_16,<built-in function eq>,"(%getattr_58, cuda"
1344,,call_function,gt_13,<built-in function gt>,"(%getitem_280, 1"
1345,,call_function,scaled_dot_product_attention_13,<built-in function scaled_dot_product_attention>,"(%add_81, %reshape_26, %reshape_27"
1346,,call_method,transpose_56,transpose,"(%scaled_dot_product_attention_13, 1, 2"
1347,,call_method,contiguous_13,contiguous,(%transpose_56
1348,,call_method,view_55,view,"(%contiguous_13, %getitem_279, %getitem_280, -1"
1349,108,call_module,model_layers_13_self_attn_o_proj,model.layers.13.self_attn.o_proj,(%view_55
1350,,call_function,add_83,<built-in function add>,"(%add_79, %model_layers_13_self_attn_o_proj"
1351,,call_method,to_56,to,"(%add_83, torch.float32"
1352,,call_method,pow_28,pow,"(%to_56, 2"
1353,,call_method,mean_27,mean,"(%pow_28, -1"
1354,,call_function,add_84,<built-in function add>,"(%mean_27, 1e-05"
1355,,call_function,rsqrt_27,<built-in method rsqrt of type object at 0x7f6ca205f240>,(%add_84
1356,,call_function,mul_153,<built-in function mul>,"(%to_56, %rsqrt_27"
1357,,get_attr,model_layers_13_post_attention_layernorm_weight,model.layers.13.post_attention_layernorm.weight,(
1358,,call_function,getattr_59,<built-in function getattr>,"(%add_83, dtype"
1359,,call_method,to_57,to,"(%mul_153, %getattr_59"
1360,,call_function,mul_154,<built-in function mul>,"(%model_layers_13_post_attention_layernorm_weight, %to_57"
1361,109,call_module,model_layers_13_mlp_gate_proj,model.layers.13.mlp.gate_proj,(%mul_154
1362,110,call_module,model_layers_13_mlp_act_fn,model.layers.13.mlp.act_fn,(%model_layers_13_mlp_gate_proj
1363,111,call_module,model_layers_13_mlp_up_proj,model.layers.13.mlp.up_proj,(%mul_154
1364,,call_function,mul_155,<built-in function mul>,"(%model_layers_13_mlp_act_fn, %model_layers_13_mlp_up_proj"
1365,112,call_module,model_layers_13_mlp_down_proj,model.layers.13.mlp.down_proj,(%mul_155
1366,,call_function,add_85,<built-in function add>,"(%add_83, %model_layers_13_mlp_down_proj"
1367,,call_method,to_58,to,"(%add_85, torch.float32"
1368,,call_method,pow_29,pow,"(%to_58, 2"
1369,,call_method,mean_28,mean,"(%pow_29, -1"
1370,,call_function,add_86,<built-in function add>,"(%mean_28, 1e-05"
1371,,call_function,rsqrt_28,<built-in method rsqrt of type object at 0x7f6ca205f240>,(%add_86
1372,,call_function,mul_156,<built-in function mul>,"(%to_58, %rsqrt_28"
1373,,get_attr,model_layers_14_input_layernorm_weight,model.layers.14.input_layernorm.weight,(
1374,,call_function,getattr_60,<built-in function getattr>,"(%add_85, dtype"
1375,,call_method,to_59,to,"(%mul_156, %getattr_60"
1376,,call_function,mul_157,<built-in function mul>,"(%model_layers_14_input_layernorm_weight, %to_59"
1377,,call_method,size_102,size,(%mul_157
1378,,call_function,getitem_300,<built-in function getitem>,"(%size_102, 0"
1379,,call_function,getitem_301,<built-in function getitem>,"(%size_102, 1"
1380,,call_function,getitem_302,<built-in function getitem>,"(%size_102, 2"
1381,113,call_module,model_layers_14_self_attn_q_proj,model.layers.14.self_attn.q_proj,(%mul_157
1382,114,call_module,model_layers_14_self_attn_k_proj,model.layers.14.self_attn.k_proj,(%mul_157
1383,115,call_module,model_layers_14_self_attn_v_proj,model.layers.14.self_attn.v_proj,(%mul_157
1384,,call_method,view_56,view,"(%model_layers_14_self_attn_q_proj, %getitem_300, %getitem_301, 32, 64"
1385,,call_method,transpose_57,transpose,"(%view_56, 1, 2"
1386,,call_method,view_57,view,"(%model_layers_14_self_attn_k_proj, %getitem_300, %getitem_301, 8, 64"
1387,,call_method,transpose_58,transpose,"(%view_57, 1, 2"
1388,,call_method,view_58,view,"(%model_layers_14_self_attn_v_proj, %getitem_300, %getitem_301, 8, 64"
1389,,call_method,transpose_59,transpose,"(%view_58, 1, 2"
1390,,call_method,unsqueeze_29,unsqueeze,"(%to, 1"
1391,,call_method,unsqueeze_30,unsqueeze,"(%to_1, 1"
1392,,call_function,mul_158,<built-in function mul>,"(%transpose_57, %unsqueeze_29"
1393,,call_method,size_103,size,(%transpose_57
1394,,call_function,getitem_303,<built-in function getitem>,"(%size_103, -1"
1395,,call_function,floordiv_56,<built-in function floordiv>,"(%getitem_303, 2"
1396,,call_function,getitem_304,<built-in function getitem>,"(%transpose_57, (Ellipsis, slice(None, floordi"
1397,,call_method,size_104,size,(%transpose_57
1398,,call_function,getitem_305,<built-in function getitem>,"(%size_104, -1"
1399,,call_function,floordiv_57,<built-in function floordiv>,"(%getitem_305, 2"
1400,,call_function,getitem_306,<built-in function getitem>,"(%transpose_57, (Ellipsis, slice(floordiv_57,"
1401,,call_function,neg_28,<built-in function neg>,(%getitem_306
1402,,call_function,cat_29,<built-in method cat of type object at 0x7f6ca205f240>,"((neg_28, getitem_304)"
1403,,call_function,mul_159,<built-in function mul>,"(%cat_29, %unsqueeze_30"
1404,,call_function,add_87,<built-in function add>,"(%mul_158, %mul_159"
1405,,call_function,mul_160,<built-in function mul>,"(%transpose_58, %unsqueeze_29"
1406,,call_method,size_105,size,(%transpose_58
1407,,call_function,getitem_307,<built-in function getitem>,"(%size_105, -1"
1408,,call_function,floordiv_58,<built-in function floordiv>,"(%getitem_307, 2"
1409,,call_function,getitem_308,<built-in function getitem>,"(%transpose_58, (Ellipsis, slice(None, floordi"
1410,,call_method,size_106,size,(%transpose_58
1411,,call_function,getitem_309,<built-in function getitem>,"(%size_106, -1"
1412,,call_function,floordiv_59,<built-in function floordiv>,"(%getitem_309, 2"
1413,,call_function,getitem_310,<built-in function getitem>,"(%transpose_58, (Ellipsis, slice(floordiv_59,"
1414,,call_function,neg_29,<built-in function neg>,(%getitem_310
1415,,call_function,cat_30,<built-in method cat of type object at 0x7f6ca205f240>,"((neg_29, getitem_308)"
1416,,call_function,mul_161,<built-in function mul>,"(%cat_30, %unsqueeze_30"
1417,,call_function,add_88,<built-in function add>,"(%mul_160, %mul_161"
1418,,call_method,size_107,size,(%add_88
1419,,call_function,getitem_311,<built-in function getitem>,"(%size_107, 0"
1420,,call_function,getitem_312,<built-in function getitem>,"(%size_107, 1"
1421,,call_function,getitem_313,<built-in function getitem>,"(%size_107, 2"
1422,,call_function,getitem_314,<built-in function getitem>,"(%size_107, 3"
1423,,call_function,getitem_315,<built-in function getitem>,"(%add_88, (slice(None, None, None), slic"
1424,,call_method,expand_29,expand,"(%getitem_315, %getitem_311, %getitem_312, 4, %getitem_313, %getitem_314"
1425,,call_function,mul_162,<built-in function mul>,"(%getitem_312, 4"
1426,,call_method,reshape_28,reshape,"(%expand_29, %getitem_311, %mul_162, %getitem_313, %getitem_314"
1427,,call_method,size_108,size,(%transpose_59
1428,,call_function,getitem_316,<built-in function getitem>,"(%size_108, 0"
1429,,call_function,getitem_317,<built-in function getitem>,"(%size_108, 1"
1430,,call_function,getitem_318,<built-in function getitem>,"(%size_108, 2"
1431,,call_function,getitem_319,<built-in function getitem>,"(%size_108, 3"
1432,,call_function,getitem_320,<built-in function getitem>,"(%transpose_59, (slice(None, None, None), slic"
1433,,call_method,expand_30,expand,"(%getitem_320, %getitem_316, %getitem_317, 4, %getitem_318, %getitem_319"
1434,,call_function,mul_163,<built-in function mul>,"(%getitem_317, 4"
1435,,call_method,reshape_29,reshape,"(%expand_30, %getitem_316, %mul_163, %getitem_318, %getitem_319"
1436,,call_function,getattr_61,<built-in function getattr>,"(%add_87, device"
1437,,call_function,getattr_62,<built-in function getattr>,"(%getattr_61, type"
1438,,call_function,eq_17,<built-in function eq>,"(%getattr_62, cuda"
1439,,call_function,gt_14,<built-in function gt>,"(%getitem_301, 1"
1440,,call_function,scaled_dot_product_attention_14,<built-in function scaled_dot_product_attention>,"(%add_87, %reshape_28, %reshape_29"
1441,,call_method,transpose_60,transpose,"(%scaled_dot_product_attention_14, 1, 2"
1442,,call_method,contiguous_14,contiguous,(%transpose_60
1443,,call_method,view_59,view,"(%contiguous_14, %getitem_300, %getitem_301, -1"
1444,116,call_module,model_layers_14_self_attn_o_proj,model.layers.14.self_attn.o_proj,(%view_59
1445,,call_function,add_89,<built-in function add>,"(%add_85, %model_layers_14_self_attn_o_proj"
1446,,call_method,to_60,to,"(%add_89, torch.float32"
1447,,call_method,pow_30,pow,"(%to_60, 2"
1448,,call_method,mean_29,mean,"(%pow_30, -1"
1449,,call_function,add_90,<built-in function add>,"(%mean_29, 1e-05"
1450,,call_function,rsqrt_29,<built-in method rsqrt of type object at 0x7f6ca205f240>,(%add_90
1451,,call_function,mul_164,<built-in function mul>,"(%to_60, %rsqrt_29"
1452,,get_attr,model_layers_14_post_attention_layernorm_weight,model.layers.14.post_attention_layernorm.weight,(
1453,,call_function,getattr_63,<built-in function getattr>,"(%add_89, dtype"
1454,,call_method,to_61,to,"(%mul_164, %getattr_63"
1455,,call_function,mul_165,<built-in function mul>,"(%model_layers_14_post_attention_layernorm_weight, %to_61"
1456,117,call_module,model_layers_14_mlp_gate_proj,model.layers.14.mlp.gate_proj,(%mul_165
1457,118,call_module,model_layers_14_mlp_act_fn,model.layers.14.mlp.act_fn,(%model_layers_14_mlp_gate_proj
1458,119,call_module,model_layers_14_mlp_up_proj,model.layers.14.mlp.up_proj,(%mul_165
1459,,call_function,mul_166,<built-in function mul>,"(%model_layers_14_mlp_act_fn, %model_layers_14_mlp_up_proj"
1460,120,call_module,model_layers_14_mlp_down_proj,model.layers.14.mlp.down_proj,(%mul_166
1461,,call_function,add_91,<built-in function add>,"(%add_89, %model_layers_14_mlp_down_proj"
1462,,call_method,to_62,to,"(%add_91, torch.float32"
1463,,call_method,pow_31,pow,"(%to_62, 2"
1464,,call_method,mean_30,mean,"(%pow_31, -1"
1465,,call_function,add_92,<built-in function add>,"(%mean_30, 1e-05"
1466,,call_function,rsqrt_30,<built-in method rsqrt of type object at 0x7f6ca205f240>,(%add_92
1467,,call_function,mul_167,<built-in function mul>,"(%to_62, %rsqrt_30"
1468,,get_attr,model_layers_15_input_layernorm_weight,model.layers.15.input_layernorm.weight,(
1469,,call_function,getattr_64,<built-in function getattr>,"(%add_91, dtype"
1470,,call_method,to_63,to,"(%mul_167, %getattr_64"
1471,,call_function,mul_168,<built-in function mul>,"(%model_layers_15_input_layernorm_weight, %to_63"
1472,,call_method,size_109,size,(%mul_168
1473,,call_function,getitem_321,<built-in function getitem>,"(%size_109, 0"
1474,,call_function,getitem_322,<built-in function getitem>,"(%size_109, 1"
1475,,call_function,getitem_323,<built-in function getitem>,"(%size_109, 2"
1476,121,call_module,model_layers_15_self_attn_q_proj,model.layers.15.self_attn.q_proj,(%mul_168
1477,122,call_module,model_layers_15_self_attn_k_proj,model.layers.15.self_attn.k_proj,(%mul_168
1478,123,call_module,model_layers_15_self_attn_v_proj,model.layers.15.self_attn.v_proj,(%mul_168
1479,,call_method,view_60,view,"(%model_layers_15_self_attn_q_proj, %getitem_321, %getitem_322, 32, 64"
1480,,call_method,transpose_61,transpose,"(%view_60, 1, 2"
1481,,call_method,view_61,view,"(%model_layers_15_self_attn_k_proj, %getitem_321, %getitem_322, 8, 64"
1482,,call_method,transpose_62,transpose,"(%view_61, 1, 2"
1483,,call_method,view_62,view,"(%model_layers_15_self_attn_v_proj, %getitem_321, %getitem_322, 8, 64"
1484,,call_method,transpose_63,transpose,"(%view_62, 1, 2"
1485,,call_method,unsqueeze_31,unsqueeze,"(%to, 1"
1486,,call_method,unsqueeze_32,unsqueeze,"(%to_1, 1"
1487,,call_function,mul_169,<built-in function mul>,"(%transpose_61, %unsqueeze_31"
1488,,call_method,size_110,size,(%transpose_61
1489,,call_function,getitem_324,<built-in function getitem>,"(%size_110, -1"
1490,,call_function,floordiv_60,<built-in function floordiv>,"(%getitem_324, 2"
1491,,call_function,getitem_325,<built-in function getitem>,"(%transpose_61, (Ellipsis, slice(None, floordi"
1492,,call_method,size_111,size,(%transpose_61
1493,,call_function,getitem_326,<built-in function getitem>,"(%size_111, -1"
1494,,call_function,floordiv_61,<built-in function floordiv>,"(%getitem_326, 2"
1495,,call_function,getitem_327,<built-in function getitem>,"(%transpose_61, (Ellipsis, slice(floordiv_61,"
1496,,call_function,neg_30,<built-in function neg>,(%getitem_327
1497,,call_function,cat_31,<built-in method cat of type object at 0x7f6ca205f240>,"((neg_30, getitem_325)"
1498,,call_function,mul_170,<built-in function mul>,"(%cat_31, %unsqueeze_32"
1499,,call_function,add_93,<built-in function add>,"(%mul_169, %mul_170"
1500,,call_function,mul_171,<built-in function mul>,"(%transpose_62, %unsqueeze_31"
1501,,call_method,size_112,size,(%transpose_62
1502,,call_function,getitem_328,<built-in function getitem>,"(%size_112, -1"
1503,,call_function,floordiv_62,<built-in function floordiv>,"(%getitem_328, 2"
1504,,call_function,getitem_329,<built-in function getitem>,"(%transpose_62, (Ellipsis, slice(None, floordi"
1505,,call_method,size_113,size,(%transpose_62
1506,,call_function,getitem_330,<built-in function getitem>,"(%size_113, -1"
1507,,call_function,floordiv_63,<built-in function floordiv>,"(%getitem_330, 2"
1508,,call_function,getitem_331,<built-in function getitem>,"(%transpose_62, (Ellipsis, slice(floordiv_63,"
1509,,call_function,neg_31,<built-in function neg>,(%getitem_331
1510,,call_function,cat_32,<built-in method cat of type object at 0x7f6ca205f240>,"((neg_31, getitem_329)"
1511,,call_function,mul_172,<built-in function mul>,"(%cat_32, %unsqueeze_32"
1512,,call_function,add_94,<built-in function add>,"(%mul_171, %mul_172"
1513,,call_method,size_114,size,(%add_94
1514,,call_function,getitem_332,<built-in function getitem>,"(%size_114, 0"
1515,,call_function,getitem_333,<built-in function getitem>,"(%size_114, 1"
1516,,call_function,getitem_334,<built-in function getitem>,"(%size_114, 2"
1517,,call_function,getitem_335,<built-in function getitem>,"(%size_114, 3"
1518,,call_function,getitem_336,<built-in function getitem>,"(%add_94, (slice(None, None, None), slic"
1519,,call_method,expand_31,expand,"(%getitem_336, %getitem_332, %getitem_333, 4, %getitem_334, %getitem_335"
1520,,call_function,mul_173,<built-in function mul>,"(%getitem_333, 4"
1521,,call_method,reshape_30,reshape,"(%expand_31, %getitem_332, %mul_173, %getitem_334, %getitem_335"
1522,,call_method,size_115,size,(%transpose_63
1523,,call_function,getitem_337,<built-in function getitem>,"(%size_115, 0"
1524,,call_function,getitem_338,<built-in function getitem>,"(%size_115, 1"
1525,,call_function,getitem_339,<built-in function getitem>,"(%size_115, 2"
1526,,call_function,getitem_340,<built-in function getitem>,"(%size_115, 3"
1527,,call_function,getitem_341,<built-in function getitem>,"(%transpose_63, (slice(None, None, None), slic"
1528,,call_method,expand_32,expand,"(%getitem_341, %getitem_337, %getitem_338, 4, %getitem_339, %getitem_340"
1529,,call_function,mul_174,<built-in function mul>,"(%getitem_338, 4"
1530,,call_method,reshape_31,reshape,"(%expand_32, %getitem_337, %mul_174, %getitem_339, %getitem_340"
1531,,call_function,getattr_65,<built-in function getattr>,"(%add_93, device"
1532,,call_function,getattr_66,<built-in function getattr>,"(%getattr_65, type"
1533,,call_function,eq_18,<built-in function eq>,"(%getattr_66, cuda"
1534,,call_function,gt_15,<built-in function gt>,"(%getitem_322, 1"
1535,,call_function,scaled_dot_product_attention_15,<built-in function scaled_dot_product_attention>,"(%add_93, %reshape_30, %reshape_31"
1536,,call_method,transpose_64,transpose,"(%scaled_dot_product_attention_15, 1, 2"
1537,,call_method,contiguous_15,contiguous,(%transpose_64
1538,,call_method,view_63,view,"(%contiguous_15, %getitem_321, %getitem_322, -1"
1539,124,call_module,model_layers_15_self_attn_o_proj,model.layers.15.self_attn.o_proj,(%view_63
1540,,call_function,add_95,<built-in function add>,"(%add_91, %model_layers_15_self_attn_o_proj"
1541,,call_method,to_64,to,"(%add_95, torch.float32"
1542,,call_method,pow_32,pow,"(%to_64, 2"
1543,,call_method,mean_31,mean,"(%pow_32, -1"
1544,,call_function,add_96,<built-in function add>,"(%mean_31, 1e-05"
1545,,call_function,rsqrt_31,<built-in method rsqrt of type object at 0x7f6ca205f240>,(%add_96
1546,,call_function,mul_175,<built-in function mul>,"(%to_64, %rsqrt_31"
1547,,get_attr,model_layers_15_post_attention_layernorm_weight,model.layers.15.post_attention_layernorm.weight,(
1548,,call_function,getattr_67,<built-in function getattr>,"(%add_95, dtype"
1549,,call_method,to_65,to,"(%mul_175, %getattr_67"
1550,,call_function,mul_176,<built-in function mul>,"(%model_layers_15_post_attention_layernorm_weight, %to_65"
1551,125,call_module,model_layers_15_mlp_gate_proj,model.layers.15.mlp.gate_proj,(%mul_176
1552,126,call_module,model_layers_15_mlp_act_fn,model.layers.15.mlp.act_fn,(%model_layers_15_mlp_gate_proj
1553,127,call_module,model_layers_15_mlp_up_proj,model.layers.15.mlp.up_proj,(%mul_176
1554,,call_function,mul_177,<built-in function mul>,"(%model_layers_15_mlp_act_fn, %model_layers_15_mlp_up_proj"
1555,128,call_module,model_layers_15_mlp_down_proj,model.layers.15.mlp.down_proj,(%mul_177
1556,,call_function,add_97,<built-in function add>,"(%add_95, %model_layers_15_mlp_down_proj"
1557,,call_method,to_66,to,"(%add_97, torch.float32"
1558,,call_method,pow_33,pow,"(%to_66, 2"
1559,,call_method,mean_32,mean,"(%pow_33, -1"
1560,,call_function,add_98,<built-in function add>,"(%mean_32, 1e-05"
1561,,call_function,rsqrt_32,<built-in method rsqrt of type object at 0x7f6ca205f240>,(%add_98
1562,,call_function,mul_178,<built-in function mul>,"(%to_66, %rsqrt_32"
1563,,get_attr,model_norm_weight,model.norm.weight,(
1564,,call_function,getattr_68,<built-in function getattr>,"(%add_97, dtype"
1565,,call_method,to_67,to,"(%mul_178, %getattr_68"
1566,,call_function,mul_179,<built-in function mul>,"(%model_norm_weight, %to_67"
1567,,call_function,getitem_342,<built-in function getitem>,"(%mul_179, (slice(None, None, None), slic"
1568,129,call_module,lm_head,lm_head,(%getitem_342
1569,,output,output,output,({'logits': lm_head}
