Using specified PP/TP/DP: PP=2, TP=1, DP=1
=================================================
 Mode: profile
 Model: meta-llama/Llama-3.2-1B
 World Size: 2 (1 nodes x 2 GPUs)
 PP/TP/DP combinations:
   PP=2, TP=1, DP=1
=================================================
=================================================
RUN_ID            : Llama-3.2-1B-32-1-2-1-1
Mode              : profile
Batch/Micro       : 32 / 1
PP/TP/DP          : 2 / 1 / 1
RDZV              : 127.0.0.1:29501
=================================================
W0115 09:35:38.402000 57 site-packages/torch/distributed/run.py:793] 
W0115 09:35:38.402000 57 site-packages/torch/distributed/run.py:793] *****************************************
W0115 09:35:38.402000 57 site-packages/torch/distributed/run.py:793] Setting OMP_NUM_THREADS environment variable for each process to be 1 in default, to avoid your system being overloaded, please further tune the variable for optimal performance in your application as needed. 
W0115 09:35:38.402000 57 site-packages/torch/distributed/run.py:793] *****************************************
[2026-01-15 09:35:41] rank:0, world_size:2, init_method:tcp://127.0.0.1:29501
[2026-01-15 09:35:41] rank:1, world_size:2, init_method:tcp://127.0.0.1:29501
[2026-01-15 09:35:42] [rank:1] torch=2.5.0+cu124, transformers=4.46.2 ✓
[2026-01-15 09:35:42] [rank:0] torch=2.5.0+cu124, transformers=4.46.2 ✓
[2026-01-15 09:35:43] > Tokenizer loaded from: /root/.cache/huggingface/hub/models--meta-llama--Llama-3.3-70B-Instruct/snapshots/6f6073b423013f6a7d4d9f39144961bfbfbc386b
[2026-01-15 09:35:43] ===> Model loading...
[2026-01-15 09:35:43] > Model: meta-llama/Llama-3.2-1B (1B architecture)
[2026-01-15 09:35:43] > Config: hidden_size=2048, intermediate_size=8192, num_attention_heads=32, num_key_value_heads=8
[2026-01-15 09:35:43] > Using 16 layers (full model: 16 layers)
[2026-01-15 09:35:43] > Tokenizer vocab_size: 128000, Using: 128256
[2026-01-15 09:35:43] [local_rank:1] Waiting for rank 0...
[2026-01-15 09:35:56] > [PROFILE MODE] 16-layer Llama 1B model
[2026-01-15 09:35:56] > Total parameters: 1,498,482,688
[2026-01-15 09:35:56] > PP=2, TP=1, DP=1
[2026-01-15 09:35:56] > GBS=32, MBS=1, #MB=32
[2026-01-15 09:35:56] [rank:0] Available GPUs per server: 8
[2026-01-15 09:35:56] [rank:0] GPU mode is used.
[2026-01-15 09:35:56] [rank:0] Communication already initialized
[2026-01-15 09:35:56] [rank:0] Optimus_p init: world_size=2
[2026-01-15 09:35:56] [rank:0] Optimus_p init: PP=2, DP=1, TP=1
[2026-01-15 09:35:56] [rank:0] Optimus_p init: IR=IR_Anal.PARALLEL, use_gpu=True
[2026-01-15 09:35:56] [rank:0] before init_device_mesh
[2026-01-15 09:35:56] [rank:0] after init_device_mesh
[2026-01-15 09:35:56] [rank:0] pp group:DeviceMesh('cuda', [0, 1], mesh_dim_names=('pp',))
[2026-01-15 09:35:56] [rank:0] tp group:DeviceMesh('cuda', [0], mesh_dim_names=('tp',))
[2026-01-15 09:35:56] [rank:0] dp group:DeviceMesh('cuda', [0], mesh_dim_names=('dp',))
[2026-01-15 09:35:56] [rank:0] stage2rank = {0: [0], 1: [1]}
[2026-01-15 09:35:56] [rank:0] Using GPU ... cuda:0
[2026-01-15 09:35:56] [rank:0] model class name: LlamaForCausalLM
[2026-01-15 09:35:56] [rank:0] split method: simple
length:1569, modcnt:130, num_stage:2, segment:65
[2026-01-15 09:35:56] [rank:0] first metadata_range: [(0, 'model_layers_7_mlp_down_proj'), (1, 'lm_head')]
[2026-01-15 09:35:56] [rank:0] last_node[stage#0] = model_layers_7_mlp_down_proj
[2026-01-15 09:35:56] [rank:0] last_node[stage#1] = lm_head
[2026-01-15 09:35:57] [rank:0] second metadata_range
[2026-01-15 09:35:57] [rank:0] last_node[stage#0] = submod_0
[2026-01-15 09:35:57] [rank:0] last_node[stage#1] = submod_1
 ### Rank:0, name:submod_0, move submod_0 to cuda:0
[2026-01-15 09:35:57] ================================================================================
[2026-01-15 09:35:57]  FX graph
[2026-01-15 09:35:57] ================================================================================
[2026-01-15 09:35:57]       placeholder     | input_ids                           | input_ids
[2026-01-15 09:35:57]        args: (
[2026-01-15 09:35:57] [  0] call_module     | model_embed_tokens                  | model.embed_tokens
[2026-01-15 09:35:57]        args: (%input_ids
[2026-01-15 09:35:57]       call_method     | size                                | size
[2026-01-15 09:35:57]        args: (%model_embed_tokens
[2026-01-15 09:35:57]       call_function   | getitem                             | <built-in function getitem>
[2026-01-15 09:35:57]        args: (%size, 1
[2026-01-15 09:35:57]       call_function   | add                                 | <built-in function add>
[2026-01-15 09:35:57]        args: (0, %getitem
[2026-01-15 09:35:57]       call_function   | getattr_1                           | <built-in function getattr>
[2026-01-15 09:35:57]        args: (%model_embed_tokens, device
[2026-01-15 09:35:57]       call_function   | arange                              | <built-in method arange of type object at 0x7f607045f240>
[2026-01-15 09:35:57]        args: (0, %add
[2026-01-15 09:35:57]       call_method     | unsqueeze                           | unsqueeze
[2026-01-15 09:35:57]        args: (%arange, 0
[2026-01-15 09:35:57]       call_method     | size_1                              | size
[2026-01-15 09:35:57]        args: (%model_embed_tokens
[2026-01-15 09:35:57]       call_function   | getitem_1                           | <built-in function getitem>
[2026-01-15 09:35:57]        args: (%size_1, 0
[2026-01-15 09:35:57]       call_method     | size_2                              | size
[2026-01-15 09:35:57]        args: (%model_embed_tokens
[2026-01-15 09:35:57]       call_function   | getitem_2                           | <built-in function getitem>
[2026-01-15 09:35:57]        args: (%size_2, 1
[2026-01-15 09:35:57]       call_function   | add_1                               | <built-in function add>
[2026-01-15 09:35:57]        args: (%getitem_2, 0
[2026-01-15 09:35:57]       call_function   | eq_1                                | <built-in function eq>
[2026-01-15 09:35:57]        args: (%getitem_2, 1
[2026-01-15 09:35:57]       call_function   | eq_2                                | <built-in function eq>
[2026-01-15 09:35:57]        args: (%add_1, %getitem_2
[2026-01-15 09:35:57]       get_attr        | model_rotary_emb_inv_freq           | model.rotary_emb.inv_freq
[2026-01-15 09:35:57]        args: (
[2026-01-15 09:35:57]       call_function   | getitem_3                           | <built-in function getitem>
[2026-01-15 09:35:57]        args: (%model_rotary_emb_inv_freq, (None, slice(None, None, None)
[2026-01-15 09:35:57]       call_method     | float_1                             | float
[2026-01-15 09:35:57]        args: (%getitem_3
[2026-01-15 09:35:57]       call_method     | size_3                              | size
[2026-01-15 09:35:57]        args: (%unsqueeze
[2026-01-15 09:35:57]       call_function   | getitem_4                           | <built-in function getitem>
[2026-01-15 09:35:57]        args: (%size_3, 0
[2026-01-15 09:35:57]       call_method     | expand                              | expand
[2026-01-15 09:35:57]        args: (%float_1, %getitem_4, -1, 1
[2026-01-15 09:35:57]       call_function   | getitem_5                           | <built-in function getitem>
[2026-01-15 09:35:57]        args: (%unsqueeze, (slice(None, None, None), None
[2026-01-15 09:35:57]       call_method     | float_2                             | float
[2026-01-15 09:35:57]        args: (%getitem_5
[2026-01-15 09:35:57]       call_method     | float_3                             | float
[2026-01-15 09:35:57]        args: (%expand
[2026-01-15 09:35:57]       call_method     | float_4                             | float
[2026-01-15 09:35:57]        args: (%float_2
[2026-01-15 09:35:57]       call_function   | matmul                              | <built-in function matmul>
[2026-01-15 09:35:57]        args: (%float_3, %float_4
[2026-01-15 09:35:57]       call_method     | transpose                           | transpose
[2026-01-15 09:35:57]        args: (%matmul, 1, 2
[2026-01-15 09:35:57]       call_function   | cat                                 | <built-in method cat of type object at 0x7f607045f240>
[2026-01-15 09:35:57]        args: ((transpose, transpose)
[2026-01-15 09:35:57]       call_method     | cos                                 | cos
[2026-01-15 09:35:57]        args: (%cat
[2026-01-15 09:35:57]       call_method     | sin                                 | sin
[2026-01-15 09:35:57]        args: (%cat
[2026-01-15 09:35:57]       call_function   | mul                                 | <built-in function mul>
[2026-01-15 09:35:57]        args: (%cos, 1.0
[2026-01-15 09:35:57]       call_function   | mul_1                               | <built-in function mul>
[2026-01-15 09:35:57]        args: (%sin, 1.0
[2026-01-15 09:35:57]       call_function   | getattr_2                           | <built-in function getattr>
[2026-01-15 09:35:57]        args: (%model_embed_tokens, dtype
[2026-01-15 09:35:57]       call_method     | to                                  | to
[2026-01-15 09:35:57]        args: (%mul
[2026-01-15 09:35:57]       call_function   | getattr_3                           | <built-in function getattr>
[2026-01-15 09:35:57]        args: (%model_embed_tokens, dtype
[2026-01-15 09:35:57]       call_method     | to_1                                | to
[2026-01-15 09:35:57]        args: (%mul_1
[2026-01-15 09:35:57]       call_method     | to_2                                | to
[2026-01-15 09:35:57]        args: (%model_embed_tokens, torch.float32
[2026-01-15 09:35:57]       call_method     | pow_1                               | pow
[2026-01-15 09:35:57]        args: (%to_2, 2
[2026-01-15 09:35:57]       call_method     | mean                                | mean
[2026-01-15 09:35:57]        args: (%pow_1, -1
[2026-01-15 09:35:57]       call_function   | add_2                               | <built-in function add>
[2026-01-15 09:35:57]        args: (%mean, 1e-05
[2026-01-15 09:35:57]       call_function   | rsqrt                               | <built-in method rsqrt of type object at 0x7f607045f240>
[2026-01-15 09:35:57]        args: (%add_2
[2026-01-15 09:35:57]       call_function   | mul_2                               | <built-in function mul>
[2026-01-15 09:35:57]        args: (%to_2, %rsqrt
[2026-01-15 09:35:57]       get_attr        | model_layers_0_input_layernorm_weight | model.layers.0.input_layernorm.weight
[2026-01-15 09:35:57]        args: (
[2026-01-15 09:35:57]       call_function   | getattr_4                           | <built-in function getattr>
[2026-01-15 09:35:57]        args: (%model_embed_tokens, dtype
[2026-01-15 09:35:57]       call_method     | to_3                                | to
[2026-01-15 09:35:57]        args: (%mul_2, %getattr_4
[2026-01-15 09:35:57]       call_function   | mul_3                               | <built-in function mul>
[2026-01-15 09:35:57]        args: (%model_layers_0_input_layernorm_weight, %to_3
[2026-01-15 09:35:57]       call_method     | size_4                              | size
[2026-01-15 09:35:57]        args: (%mul_3
[2026-01-15 09:35:57]       call_function   | getitem_6                           | <built-in function getitem>
[2026-01-15 09:35:57]        args: (%size_4, 0
[2026-01-15 09:35:57]       call_function   | getitem_7                           | <built-in function getitem>
[2026-01-15 09:35:57]        args: (%size_4, 1
[2026-01-15 09:35:57]       call_function   | getitem_8                           | <built-in function getitem>
[2026-01-15 09:35:57]        args: (%size_4, 2
[2026-01-15 09:35:57] [  1] call_module     | model_layers_0_self_attn_q_proj     | model.layers.0.self_attn.q_proj
[2026-01-15 09:35:57]        args: (%mul_3
[2026-01-15 09:35:57] [  2] call_module     | model_layers_0_self_attn_k_proj     | model.layers.0.self_attn.k_proj
[2026-01-15 09:35:57]        args: (%mul_3
[2026-01-15 09:35:57] [  3] call_module     | model_layers_0_self_attn_v_proj     | model.layers.0.self_attn.v_proj
[2026-01-15 09:35:57]        args: (%mul_3
[2026-01-15 09:35:57]       call_method     | view                                | view
[2026-01-15 09:35:57]        args: (%model_layers_0_self_attn_q_proj, %getitem_6, %getitem_7, 32, 64
[2026-01-15 09:35:57]       call_method     | transpose_1                         | transpose
[2026-01-15 09:35:57]        args: (%view, 1, 2
[2026-01-15 09:35:57]       call_method     | view_1                              | view
[2026-01-15 09:35:57]        args: (%model_layers_0_self_attn_k_proj, %getitem_6, %getitem_7, 8, 64
[2026-01-15 09:35:57]       call_method     | transpose_2                         | transpose
[2026-01-15 09:35:57]        args: (%view_1, 1, 2
[2026-01-15 09:35:57]       call_method     | view_2                              | view
[2026-01-15 09:35:57]        args: (%model_layers_0_self_attn_v_proj, %getitem_6, %getitem_7, 8, 64
[2026-01-15 09:35:57]       call_method     | transpose_3                         | transpose
[2026-01-15 09:35:57]        args: (%view_2, 1, 2
[2026-01-15 09:35:57]       call_method     | unsqueeze_1                         | unsqueeze
[2026-01-15 09:35:57]        args: (%to, 1
[2026-01-15 09:35:57]       call_method     | unsqueeze_2                         | unsqueeze
[2026-01-15 09:35:57]        args: (%to_1, 1
[2026-01-15 09:35:57]       call_function   | mul_4                               | <built-in function mul>
[2026-01-15 09:35:57]        args: (%transpose_1, %unsqueeze_1
[2026-01-15 09:35:57]       call_method     | size_5                              | size
[2026-01-15 09:35:57]        args: (%transpose_1
[2026-01-15 09:35:57]       call_function   | getitem_9                           | <built-in function getitem>
[2026-01-15 09:35:57]        args: (%size_5, -1
[2026-01-15 09:35:57]       call_function   | floordiv                            | <built-in function floordiv>
[2026-01-15 09:35:57]        args: (%getitem_9, 2
[2026-01-15 09:35:57]       call_function   | getitem_10                          | <built-in function getitem>
[2026-01-15 09:35:57]        args: (%transpose_1, (Ellipsis, slice(None, floordi
[2026-01-15 09:35:57]       call_method     | size_6                              | size
[2026-01-15 09:35:57]        args: (%transpose_1
[2026-01-15 09:35:57]       call_function   | getitem_11                          | <built-in function getitem>
[2026-01-15 09:35:57]        args: (%size_6, -1
[2026-01-15 09:35:57]       call_function   | floordiv_1                          | <built-in function floordiv>
[2026-01-15 09:35:57]        args: (%getitem_11, 2
[2026-01-15 09:35:57]       call_function   | getitem_12                          | <built-in function getitem>
[2026-01-15 09:35:57]        args: (%transpose_1, (Ellipsis, slice(floordiv_1, N
[2026-01-15 09:35:57]       call_function   | neg                                 | <built-in function neg>
[2026-01-15 09:35:57]        args: (%getitem_12
[2026-01-15 09:35:57]       call_function   | cat_1                               | <built-in method cat of type object at 0x7f607045f240>
[2026-01-15 09:35:57]        args: ((neg, getitem_10)
[2026-01-15 09:35:57]       call_function   | mul_5                               | <built-in function mul>
[2026-01-15 09:35:57]        args: (%cat_1, %unsqueeze_2
[2026-01-15 09:35:57]       call_function   | add_3                               | <built-in function add>
[2026-01-15 09:35:57]        args: (%mul_4, %mul_5
[2026-01-15 09:35:57]       call_function   | mul_6                               | <built-in function mul>
[2026-01-15 09:35:57]        args: (%transpose_2, %unsqueeze_1
[2026-01-15 09:35:57]       call_method     | size_7                              | size
[2026-01-15 09:35:57]        args: (%transpose_2
[2026-01-15 09:35:57]       call_function   | getitem_13                          | <built-in function getitem>
[2026-01-15 09:35:57]        args: (%size_7, -1
[2026-01-15 09:35:57]       call_function   | floordiv_2                          | <built-in function floordiv>
[2026-01-15 09:35:57]        args: (%getitem_13, 2
[2026-01-15 09:35:57]       call_function   | getitem_14                          | <built-in function getitem>
[2026-01-15 09:35:57]        args: (%transpose_2, (Ellipsis, slice(None, floordi
[2026-01-15 09:35:57]       call_method     | size_8                              | size
[2026-01-15 09:35:57]        args: (%transpose_2
[2026-01-15 09:35:57]       call_function   | getitem_15                          | <built-in function getitem>
[2026-01-15 09:35:57]        args: (%size_8, -1
[2026-01-15 09:35:57]       call_function   | floordiv_3                          | <built-in function floordiv>
[2026-01-15 09:35:57]        args: (%getitem_15, 2
[2026-01-15 09:35:57]       call_function   | getitem_16                          | <built-in function getitem>
[2026-01-15 09:35:57]        args: (%transpose_2, (Ellipsis, slice(floordiv_3, N
[2026-01-15 09:35:57]       call_function   | neg_1                               | <built-in function neg>
[2026-01-15 09:35:57]        args: (%getitem_16
[2026-01-15 09:35:57]       call_function   | cat_2                               | <built-in method cat of type object at 0x7f607045f240>
[2026-01-15 09:35:57]        args: ((neg_1, getitem_14)
[2026-01-15 09:35:57]       call_function   | mul_7                               | <built-in function mul>
[2026-01-15 09:35:57]        args: (%cat_2, %unsqueeze_2
[2026-01-15 09:35:57]       call_function   | add_4                               | <built-in function add>
[2026-01-15 09:35:57]        args: (%mul_6, %mul_7
[2026-01-15 09:35:57]       call_method     | size_9                              | size
[2026-01-15 09:35:57]        args: (%add_4
[2026-01-15 09:35:57]       call_function   | getitem_17                          | <built-in function getitem>
[2026-01-15 09:35:57]        args: (%size_9, 0
[2026-01-15 09:35:57]       call_function   | getitem_18                          | <built-in function getitem>
[2026-01-15 09:35:57]        args: (%size_9, 1
[2026-01-15 09:35:57]       call_function   | getitem_19                          | <built-in function getitem>
[2026-01-15 09:35:57]        args: (%size_9, 2
[2026-01-15 09:35:57]       call_function   | getitem_20                          | <built-in function getitem>
[2026-01-15 09:35:57]        args: (%size_9, 3
[2026-01-15 09:35:57]       call_function   | getitem_21                          | <built-in function getitem>
[2026-01-15 09:35:57]        args: (%add_4, (slice(None, None, None), slic
[2026-01-15 09:35:57]       call_method     | expand_1                            | expand
[2026-01-15 09:35:57]        args: (%getitem_21, %getitem_17, %getitem_18, 4, %getitem_19, %getitem_20
[2026-01-15 09:35:57]       call_function   | mul_8                               | <built-in function mul>
[2026-01-15 09:35:57]        args: (%getitem_18, 4
[2026-01-15 09:35:57]       call_method     | reshape                             | reshape
[2026-01-15 09:35:57]        args: (%expand_1, %getitem_17, %mul_8, %getitem_19, %getitem_20
[2026-01-15 09:35:57]       call_method     | size_10                             | size
[2026-01-15 09:35:57]        args: (%transpose_3
[2026-01-15 09:35:57]       call_function   | getitem_22                          | <built-in function getitem>
[2026-01-15 09:35:57]        args: (%size_10, 0
[2026-01-15 09:35:57]       call_function   | getitem_23                          | <built-in function getitem>
[2026-01-15 09:35:57]        args: (%size_10, 1
[2026-01-15 09:35:57]       call_function   | getitem_24                          | <built-in function getitem>
[2026-01-15 09:35:57]        args: (%size_10, 2
[2026-01-15 09:35:57]       call_function   | getitem_25                          | <built-in function getitem>
[2026-01-15 09:35:57]        args: (%size_10, 3
[2026-01-15 09:35:57]       call_function   | getitem_26                          | <built-in function getitem>
[2026-01-15 09:35:57]        args: (%transpose_3, (slice(None, None, None), slic
[2026-01-15 09:35:57]       call_method     | expand_2                            | expand
[2026-01-15 09:35:57]        args: (%getitem_26, %getitem_22, %getitem_23, 4, %getitem_24, %getitem_25
[2026-01-15 09:35:57]       call_function   | mul_9                               | <built-in function mul>
[2026-01-15 09:35:57]        args: (%getitem_23, 4
[2026-01-15 09:35:57]       call_method     | reshape_1                           | reshape
[2026-01-15 09:35:57]        args: (%expand_2, %getitem_22, %mul_9, %getitem_24, %getitem_25
[2026-01-15 09:35:57]       call_function   | getattr_5                           | <built-in function getattr>
[2026-01-15 09:35:57]        args: (%add_3, device
[2026-01-15 09:35:57]       call_function   | getattr_6                           | <built-in function getattr>
[2026-01-15 09:35:57]        args: (%getattr_5, type
[2026-01-15 09:35:57]       call_function   | eq_3                                | <built-in function eq>
[2026-01-15 09:35:57]        args: (%getattr_6, cuda
[2026-01-15 09:35:57]       call_function   | gt                                  | <built-in function gt>
[2026-01-15 09:35:57]        args: (%getitem_7, 1
[2026-01-15 09:35:57]       call_function   | scaled_dot_product_attention        | <built-in function scaled_dot_product_attention>
[2026-01-15 09:35:57]        args: (%add_3, %reshape, %reshape_1
[2026-01-15 09:35:57]       call_method     | transpose_4                         | transpose
[2026-01-15 09:35:57]        args: (%scaled_dot_product_attention, 1, 2
[2026-01-15 09:35:57]       call_method     | contiguous                          | contiguous
[2026-01-15 09:35:57]        args: (%transpose_4
[2026-01-15 09:35:57]       call_method     | view_3                              | view
[2026-01-15 09:35:57]        args: (%contiguous, %getitem_6, %getitem_7, -1
[2026-01-15 09:35:57] [  4] call_module     | model_layers_0_self_attn_o_proj     | model.layers.0.self_attn.o_proj
[2026-01-15 09:35:57]        args: (%view_3
[2026-01-15 09:35:57]       call_function   | add_5                               | <built-in function add>
[2026-01-15 09:35:57]        args: (%model_embed_tokens, %model_layers_0_self_attn_o_proj
[2026-01-15 09:35:57]       call_method     | to_4                                | to
[2026-01-15 09:35:57]        args: (%add_5, torch.float32
[2026-01-15 09:35:57]       call_method     | pow_2                               | pow
[2026-01-15 09:35:57]        args: (%to_4, 2
[2026-01-15 09:35:57]       call_method     | mean_1                              | mean
[2026-01-15 09:35:57]        args: (%pow_2, -1
[2026-01-15 09:35:57]       call_function   | add_6                               | <built-in function add>
[2026-01-15 09:35:57]        args: (%mean_1, 1e-05
[2026-01-15 09:35:57]       call_function   | rsqrt_1                             | <built-in method rsqrt of type object at 0x7f607045f240>
[2026-01-15 09:35:57]        args: (%add_6
[2026-01-15 09:35:57]       call_function   | mul_10                              | <built-in function mul>
[2026-01-15 09:35:57]        args: (%to_4, %rsqrt_1
[2026-01-15 09:35:57]       get_attr        | model_layers_0_post_attention_layernorm_weight | model.layers.0.post_attention_layernorm.weight
[2026-01-15 09:35:57]        args: (
[2026-01-15 09:35:57]       call_function   | getattr_7                           | <built-in function getattr>
[2026-01-15 09:35:57]        args: (%add_5, dtype
[2026-01-15 09:35:57]       call_method     | to_5                                | to
[2026-01-15 09:35:57]        args: (%mul_10, %getattr_7
[2026-01-15 09:35:57]       call_function   | mul_11                              | <built-in function mul>
[2026-01-15 09:35:57]        args: (%model_layers_0_post_attention_layernorm_weight, %to_5
[2026-01-15 09:35:57] [  5] call_module     | model_layers_0_mlp_gate_proj        | model.layers.0.mlp.gate_proj
[2026-01-15 09:35:57]        args: (%mul_11
[2026-01-15 09:35:57] [  6] call_module     | model_layers_0_mlp_act_fn           | model.layers.0.mlp.act_fn
[2026-01-15 09:35:57]        args: (%model_layers_0_mlp_gate_proj
[2026-01-15 09:35:57] [  7] call_module     | model_layers_0_mlp_up_proj          | model.layers.0.mlp.up_proj
[2026-01-15 09:35:57]        args: (%mul_11
[2026-01-15 09:35:57]       call_function   | mul_12                              | <built-in function mul>
[2026-01-15 09:35:57]        args: (%model_layers_0_mlp_act_fn, %model_layers_0_mlp_up_proj
[2026-01-15 09:35:57] [  8] call_module     | model_layers_0_mlp_down_proj        | model.layers.0.mlp.down_proj
[2026-01-15 09:35:57]        args: (%mul_12
[2026-01-15 09:35:57]       call_function   | add_7                               | <built-in function add>
[2026-01-15 09:35:57]        args: (%add_5, %model_layers_0_mlp_down_proj
[2026-01-15 09:35:57]       call_method     | to_6                                | to
[2026-01-15 09:35:57]        args: (%add_7, torch.float32
[2026-01-15 09:35:57]       call_method     | pow_3                               | pow
[2026-01-15 09:35:57]        args: (%to_6, 2
[2026-01-15 09:35:57]       call_method     | mean_2                              | mean
[2026-01-15 09:35:57]        args: (%pow_3, -1
[2026-01-15 09:35:57]       call_function   | add_8                               | <built-in function add>
[2026-01-15 09:35:57]        args: (%mean_2, 1e-05
[2026-01-15 09:35:57]       call_function   | rsqrt_2                             | <built-in method rsqrt of type object at 0x7f607045f240>
[2026-01-15 09:35:57]        args: (%add_8
[2026-01-15 09:35:57]       call_function   | mul_13                              | <built-in function mul>
[2026-01-15 09:35:57]        args: (%to_6, %rsqrt_2
[2026-01-15 09:35:57]       get_attr        | model_layers_1_input_layernorm_weight | model.layers.1.input_layernorm.weight
[2026-01-15 09:35:57]        args: (
[2026-01-15 09:35:57]       call_function   | getattr_8                           | <built-in function getattr>
[2026-01-15 09:35:57]        args: (%add_7, dtype
[2026-01-15 09:35:57]       call_method     | to_7                                | to
[2026-01-15 09:35:57]        args: (%mul_13, %getattr_8
[2026-01-15 09:35:57]       call_function   | mul_14                              | <built-in function mul>
[2026-01-15 09:35:57]        args: (%model_layers_1_input_layernorm_weight, %to_7
[2026-01-15 09:35:57]       call_method     | size_11                             | size
[2026-01-15 09:35:57]        args: (%mul_14
[2026-01-15 09:35:57]       call_function   | getitem_27                          | <built-in function getitem>
[2026-01-15 09:35:57]        args: (%size_11, 0
[2026-01-15 09:35:57]       call_function   | getitem_28                          | <built-in function getitem>
[2026-01-15 09:35:57]        args: (%size_11, 1
[2026-01-15 09:35:57]       call_function   | getitem_29                          | <built-in function getitem>
[2026-01-15 09:35:57]        args: (%size_11, 2
[2026-01-15 09:35:57] [  9] call_module     | model_layers_1_self_attn_q_proj     | model.layers.1.self_attn.q_proj
[2026-01-15 09:35:57]        args: (%mul_14
[2026-01-15 09:35:57] [ 10] call_module     | model_layers_1_self_attn_k_proj     | model.layers.1.self_attn.k_proj
[2026-01-15 09:35:57]        args: (%mul_14
[2026-01-15 09:35:57] [ 11] call_module     | model_layers_1_self_attn_v_proj     | model.layers.1.self_attn.v_proj
[2026-01-15 09:35:57]        args: (%mul_14
[2026-01-15 09:35:57]       call_method     | view_4                              | view
[2026-01-15 09:35:57]        args: (%model_layers_1_self_attn_q_proj, %getitem_27, %getitem_28, 32, 64
[2026-01-15 09:35:57]       call_method     | transpose_5                         | transpose
[2026-01-15 09:35:57]        args: (%view_4, 1, 2
[2026-01-15 09:35:57]       call_method     | view_5                              | view
[2026-01-15 09:35:57]        args: (%model_layers_1_self_attn_k_proj, %getitem_27, %getitem_28, 8, 64
[2026-01-15 09:35:57]       call_method     | transpose_6                         | transpose
[2026-01-15 09:35:57]        args: (%view_5, 1, 2
[2026-01-15 09:35:57]       call_method     | view_6                              | view
[2026-01-15 09:35:57]        args: (%model_layers_1_self_attn_v_proj, %getitem_27, %getitem_28, 8, 64
[2026-01-15 09:35:57]       call_method     | transpose_7                         | transpose
[2026-01-15 09:35:57]        args: (%view_6, 1, 2
[2026-01-15 09:35:57]       call_method     | unsqueeze_3                         | unsqueeze
[2026-01-15 09:35:57]        args: (%to, 1
[2026-01-15 09:35:57]       call_method     | unsqueeze_4                         | unsqueeze
[2026-01-15 09:35:57]        args: (%to_1, 1
[2026-01-15 09:35:57]       call_function   | mul_15                              | <built-in function mul>
[2026-01-15 09:35:57]        args: (%transpose_5, %unsqueeze_3
[2026-01-15 09:35:57]       call_method     | size_12                             | size
[2026-01-15 09:35:57]        args: (%transpose_5
[2026-01-15 09:35:57]       call_function   | getitem_30                          | <built-in function getitem>
[2026-01-15 09:35:57]        args: (%size_12, -1
[2026-01-15 09:35:57]       call_function   | floordiv_4                          | <built-in function floordiv>
[2026-01-15 09:35:57]        args: (%getitem_30, 2
[2026-01-15 09:35:57]       call_function   | getitem_31                          | <built-in function getitem>
[2026-01-15 09:35:57]        args: (%transpose_5, (Ellipsis, slice(None, floordi
[2026-01-15 09:35:57]       call_method     | size_13                             | size
[2026-01-15 09:35:57]        args: (%transpose_5
[2026-01-15 09:35:57]       call_function   | getitem_32                          | <built-in function getitem>
[2026-01-15 09:35:57]        args: (%size_13, -1
[2026-01-15 09:35:57]       call_function   | floordiv_5                          | <built-in function floordiv>
[2026-01-15 09:35:57]        args: (%getitem_32, 2
[2026-01-15 09:35:57]       call_function   | getitem_33                          | <built-in function getitem>
[2026-01-15 09:35:57]        args: (%transpose_5, (Ellipsis, slice(floordiv_5, N
[2026-01-15 09:35:57]       call_function   | neg_2                               | <built-in function neg>
[2026-01-15 09:35:57]        args: (%getitem_33
[2026-01-15 09:35:57]       call_function   | cat_3                               | <built-in method cat of type object at 0x7f607045f240>
[2026-01-15 09:35:57]        args: ((neg_2, getitem_31)
[2026-01-15 09:35:57]       call_function   | mul_16                              | <built-in function mul>
[2026-01-15 09:35:57]        args: (%cat_3, %unsqueeze_4
[2026-01-15 09:35:57]       call_function   | add_9                               | <built-in function add>
[2026-01-15 09:35:57]        args: (%mul_15, %mul_16
[2026-01-15 09:35:57]       call_function   | mul_17                              | <built-in function mul>
[2026-01-15 09:35:57]        args: (%transpose_6, %unsqueeze_3
[2026-01-15 09:35:57]       call_method     | size_14                             | size
[2026-01-15 09:35:57]        args: (%transpose_6
[2026-01-15 09:35:57]       call_function   | getitem_34                          | <built-in function getitem>
[2026-01-15 09:35:57]        args: (%size_14, -1
[2026-01-15 09:35:57]       call_function   | floordiv_6                          | <built-in function floordiv>
[2026-01-15 09:35:57]        args: (%getitem_34, 2
[2026-01-15 09:35:57]       call_function   | getitem_35                          | <built-in function getitem>
[2026-01-15 09:35:57]        args: (%transpose_6, (Ellipsis, slice(None, floordi
[2026-01-15 09:35:57]       call_method     | size_15                             | size
[2026-01-15 09:35:57]        args: (%transpose_6
[2026-01-15 09:35:57]       call_function   | getitem_36                          | <built-in function getitem>
[2026-01-15 09:35:57]        args: (%size_15, -1
[2026-01-15 09:35:57]       call_function   | floordiv_7                          | <built-in function floordiv>
[2026-01-15 09:35:57]        args: (%getitem_36, 2
[2026-01-15 09:35:57]       call_function   | getitem_37                          | <built-in function getitem>
[2026-01-15 09:35:57]        args: (%transpose_6, (Ellipsis, slice(floordiv_7, N
[2026-01-15 09:35:57]       call_function   | neg_3                               | <built-in function neg>
[2026-01-15 09:35:57]        args: (%getitem_37
[2026-01-15 09:35:57]       call_function   | cat_4                               | <built-in method cat of type object at 0x7f607045f240>
[2026-01-15 09:35:57]        args: ((neg_3, getitem_35)
[2026-01-15 09:35:57]       call_function   | mul_18                              | <built-in function mul>
[2026-01-15 09:35:57]        args: (%cat_4, %unsqueeze_4
[2026-01-15 09:35:57]       call_function   | add_10                              | <built-in function add>
[2026-01-15 09:35:57]        args: (%mul_17, %mul_18
[2026-01-15 09:35:57]       call_method     | size_16                             | size
[2026-01-15 09:35:57]        args: (%add_10
[2026-01-15 09:35:57]       call_function   | getitem_38                          | <built-in function getitem>
[2026-01-15 09:35:57]        args: (%size_16, 0
[2026-01-15 09:35:57]       call_function   | getitem_39                          | <built-in function getitem>
[2026-01-15 09:35:57]        args: (%size_16, 1
[2026-01-15 09:35:57]       call_function   | getitem_40                          | <built-in function getitem>
[2026-01-15 09:35:57]        args: (%size_16, 2
[2026-01-15 09:35:57]       call_function   | getitem_41                          | <built-in function getitem>
[2026-01-15 09:35:57]        args: (%size_16, 3
[2026-01-15 09:35:57]       call_function   | getitem_42                          | <built-in function getitem>
[2026-01-15 09:35:57]        args: (%add_10, (slice(None, None, None), slic
[2026-01-15 09:35:57]       call_method     | expand_3                            | expand
[2026-01-15 09:35:57]        args: (%getitem_42, %getitem_38, %getitem_39, 4, %getitem_40, %getitem_41
[2026-01-15 09:35:57]       call_function   | mul_19                              | <built-in function mul>
[2026-01-15 09:35:57]        args: (%getitem_39, 4
[2026-01-15 09:35:57]       call_method     | reshape_2                           | reshape
[2026-01-15 09:35:57]        args: (%expand_3, %getitem_38, %mul_19, %getitem_40, %getitem_41
[2026-01-15 09:35:57]       call_method     | size_17                             | size
[2026-01-15 09:35:57]        args: (%transpose_7
[2026-01-15 09:35:57]       call_function   | getitem_43                          | <built-in function getitem>
[2026-01-15 09:35:57]        args: (%size_17, 0
[2026-01-15 09:35:57]       call_function   | getitem_44                          | <built-in function getitem>
[2026-01-15 09:35:57]        args: (%size_17, 1
[2026-01-15 09:35:57]       call_function   | getitem_45                          | <built-in function getitem>
[2026-01-15 09:35:57]        args: (%size_17, 2
[2026-01-15 09:35:57]       call_function   | getitem_46                          | <built-in function getitem>
[2026-01-15 09:35:57]        args: (%size_17, 3
[2026-01-15 09:35:57]       call_function   | getitem_47                          | <built-in function getitem>
[2026-01-15 09:35:57]        args: (%transpose_7, (slice(None, None, None), slic
[2026-01-15 09:35:57]       call_method     | expand_4                            | expand
[2026-01-15 09:35:57]        args: (%getitem_47, %getitem_43, %getitem_44, 4, %getitem_45, %getitem_46
[2026-01-15 09:35:57]       call_function   | mul_20                              | <built-in function mul>
[2026-01-15 09:35:57]        args: (%getitem_44, 4
[2026-01-15 09:35:57]       call_method     | reshape_3                           | reshape
[2026-01-15 09:35:57]        args: (%expand_4, %getitem_43, %mul_20, %getitem_45, %getitem_46
[2026-01-15 09:35:57]       call_function   | getattr_9                           | <built-in function getattr>
[2026-01-15 09:35:57]        args: (%add_9, device
[2026-01-15 09:35:57]       call_function   | getattr_10                          | <built-in function getattr>
[2026-01-15 09:35:57]        args: (%getattr_9, type
[2026-01-15 09:35:57]       call_function   | eq_4                                | <built-in function eq>
[2026-01-15 09:35:57]        args: (%getattr_10, cuda
[2026-01-15 09:35:57]       call_function   | gt_1                                | <built-in function gt>
[2026-01-15 09:35:57]        args: (%getitem_28, 1
[2026-01-15 09:35:57]       call_function   | scaled_dot_product_attention_1      | <built-in function scaled_dot_product_attention>
[2026-01-15 09:35:57]        args: (%add_9, %reshape_2, %reshape_3
[2026-01-15 09:35:57]       call_method     | transpose_8                         | transpose
[2026-01-15 09:35:57]        args: (%scaled_dot_product_attention_1, 1, 2
[2026-01-15 09:35:57]       call_method     | contiguous_1                        | contiguous
[2026-01-15 09:35:57]        args: (%transpose_8
[2026-01-15 09:35:57]       call_method     | view_7                              | view
[2026-01-15 09:35:57]        args: (%contiguous_1, %getitem_27, %getitem_28, -1
[2026-01-15 09:35:57] [ 12] call_module     | model_layers_1_self_attn_o_proj     | model.layers.1.self_attn.o_proj
[2026-01-15 09:35:57]        args: (%view_7
[2026-01-15 09:35:57]       call_function   | add_11                              | <built-in function add>
[2026-01-15 09:35:57]        args: (%add_7, %model_layers_1_self_attn_o_proj
[2026-01-15 09:35:57]       call_method     | to_8                                | to
[2026-01-15 09:35:57]        args: (%add_11, torch.float32
[2026-01-15 09:35:57]       call_method     | pow_4                               | pow
[2026-01-15 09:35:57]        args: (%to_8, 2
[2026-01-15 09:35:57]       call_method     | mean_3                              | mean
[2026-01-15 09:35:57]        args: (%pow_4, -1
[2026-01-15 09:35:57]       call_function   | add_12                              | <built-in function add>
[2026-01-15 09:35:57]        args: (%mean_3, 1e-05
[2026-01-15 09:35:57]       call_function   | rsqrt_3                             | <built-in method rsqrt of type object at 0x7f607045f240>
[2026-01-15 09:35:57]        args: (%add_12
[2026-01-15 09:35:57]       call_function   | mul_21                              | <built-in function mul>
[2026-01-15 09:35:57]        args: (%to_8, %rsqrt_3
[2026-01-15 09:35:57]       get_attr        | model_layers_1_post_attention_layernorm_weight | model.layers.1.post_attention_layernorm.weight
[2026-01-15 09:35:57]        args: (
[2026-01-15 09:35:57]       call_function   | getattr_11                          | <built-in function getattr>
[2026-01-15 09:35:57]        args: (%add_11, dtype
[2026-01-15 09:35:57]       call_method     | to_9                                | to
[2026-01-15 09:35:57]        args: (%mul_21, %getattr_11
[2026-01-15 09:35:57]       call_function   | mul_22                              | <built-in function mul>
[2026-01-15 09:35:57]        args: (%model_layers_1_post_attention_layernorm_weight, %to_9
[2026-01-15 09:35:57] [ 13] call_module     | model_layers_1_mlp_gate_proj        | model.layers.1.mlp.gate_proj
[2026-01-15 09:35:57]        args: (%mul_22
[2026-01-15 09:35:57] [ 14] call_module     | model_layers_1_mlp_act_fn           | model.layers.1.mlp.act_fn
[2026-01-15 09:35:57]        args: (%model_layers_1_mlp_gate_proj
[2026-01-15 09:35:57] [ 15] call_module     | model_layers_1_mlp_up_proj          | model.layers.1.mlp.up_proj
[2026-01-15 09:35:57]        args: (%mul_22
[2026-01-15 09:35:57]       call_function   | mul_23                              | <built-in function mul>
[2026-01-15 09:35:57]        args: (%model_layers_1_mlp_act_fn, %model_layers_1_mlp_up_proj
[2026-01-15 09:35:57] [ 16] call_module     | model_layers_1_mlp_down_proj        | model.layers.1.mlp.down_proj
[2026-01-15 09:35:57]        args: (%mul_23
[2026-01-15 09:35:57]       call_function   | add_13                              | <built-in function add>
[2026-01-15 09:35:57]        args: (%add_11, %model_layers_1_mlp_down_proj
[2026-01-15 09:35:57]       call_method     | to_10                               | to
[2026-01-15 09:35:57]        args: (%add_13, torch.float32
[2026-01-15 09:35:57]       call_method     | pow_5                               | pow
[2026-01-15 09:35:57]        args: (%to_10, 2
[2026-01-15 09:35:57]       call_method     | mean_4                              | mean
[2026-01-15 09:35:57]        args: (%pow_5, -1
[2026-01-15 09:35:57]       call_function   | add_14                              | <built-in function add>
[2026-01-15 09:35:57]        args: (%mean_4, 1e-05
[2026-01-15 09:35:57]       call_function   | rsqrt_4                             | <built-in method rsqrt of type object at 0x7f607045f240>
[2026-01-15 09:35:57]        args: (%add_14
[2026-01-15 09:35:57]       call_function   | mul_24                              | <built-in function mul>
[2026-01-15 09:35:57]        args: (%to_10, %rsqrt_4
[2026-01-15 09:35:57]       get_attr        | model_layers_2_input_layernorm_weight | model.layers.2.input_layernorm.weight
[2026-01-15 09:35:57]        args: (
[2026-01-15 09:35:57]       call_function   | getattr_12                          | <built-in function getattr>
[2026-01-15 09:35:57]        args: (%add_13, dtype
[2026-01-15 09:35:57]       call_method     | to_11                               | to
[2026-01-15 09:35:57]        args: (%mul_24, %getattr_12
[2026-01-15 09:35:57]       call_function   | mul_25                              | <built-in function mul>
[2026-01-15 09:35:57]        args: (%model_layers_2_input_layernorm_weight, %to_11
[2026-01-15 09:35:57]       call_method     | size_18                             | size
[2026-01-15 09:35:57]        args: (%mul_25
[2026-01-15 09:35:57]       call_function   | getitem_48                          | <built-in function getitem>
[2026-01-15 09:35:57]        args: (%size_18, 0
[2026-01-15 09:35:57]       call_function   | getitem_49                          | <built-in function getitem>
[2026-01-15 09:35:57]        args: (%size_18, 1
[2026-01-15 09:35:57]       call_function   | getitem_50                          | <built-in function getitem>
[2026-01-15 09:35:57]        args: (%size_18, 2
[2026-01-15 09:35:57] [ 17] call_module     | model_layers_2_self_attn_q_proj     | model.layers.2.self_attn.q_proj
[2026-01-15 09:35:57]        args: (%mul_25
[2026-01-15 09:35:57] [ 18] call_module     | model_layers_2_self_attn_k_proj     | model.layers.2.self_attn.k_proj
[2026-01-15 09:35:57]        args: (%mul_25
[2026-01-15 09:35:57] [ 19] call_module     | model_layers_2_self_attn_v_proj     | model.layers.2.self_attn.v_proj
[2026-01-15 09:35:57]        args: (%mul_25
[2026-01-15 09:35:57]       call_method     | view_8                              | view
[2026-01-15 09:35:57]        args: (%model_layers_2_self_attn_q_proj, %getitem_48, %getitem_49, 32, 64
[2026-01-15 09:35:57]       call_method     | transpose_9                         | transpose
[2026-01-15 09:35:57]        args: (%view_8, 1, 2
[2026-01-15 09:35:57]       call_method     | view_9                              | view
[2026-01-15 09:35:57]        args: (%model_layers_2_self_attn_k_proj, %getitem_48, %getitem_49, 8, 64
[2026-01-15 09:35:57]       call_method     | transpose_10                        | transpose
[2026-01-15 09:35:57]        args: (%view_9, 1, 2
[2026-01-15 09:35:57]       call_method     | view_10                             | view
[2026-01-15 09:35:57]        args: (%model_layers_2_self_attn_v_proj, %getitem_48, %getitem_49, 8, 64
[2026-01-15 09:35:57]       call_method     | transpose_11                        | transpose
[2026-01-15 09:35:57]        args: (%view_10, 1, 2
[2026-01-15 09:35:57]       call_method     | unsqueeze_5                         | unsqueeze
[2026-01-15 09:35:57]        args: (%to, 1
[2026-01-15 09:35:57]       call_method     | unsqueeze_6                         | unsqueeze
[2026-01-15 09:35:57]        args: (%to_1, 1
[2026-01-15 09:35:57]       call_function   | mul_26                              | <built-in function mul>
[2026-01-15 09:35:57]        args: (%transpose_9, %unsqueeze_5
[2026-01-15 09:35:57]       call_method     | size_19                             | size
[2026-01-15 09:35:57]        args: (%transpose_9
[2026-01-15 09:35:57]       call_function   | getitem_51                          | <built-in function getitem>
[2026-01-15 09:35:57]        args: (%size_19, -1
[2026-01-15 09:35:57]       call_function   | floordiv_8                          | <built-in function floordiv>
[2026-01-15 09:35:57]        args: (%getitem_51, 2
[2026-01-15 09:35:57]       call_function   | getitem_52                          | <built-in function getitem>
[2026-01-15 09:35:57]        args: (%transpose_9, (Ellipsis, slice(None, floordi
[2026-01-15 09:35:57]       call_method     | size_20                             | size
[2026-01-15 09:35:57]        args: (%transpose_9
[2026-01-15 09:35:57]       call_function   | getitem_53                          | <built-in function getitem>
[2026-01-15 09:35:57]        args: (%size_20, -1
[2026-01-15 09:35:57]       call_function   | floordiv_9                          | <built-in function floordiv>
[2026-01-15 09:35:57]        args: (%getitem_53, 2
[2026-01-15 09:35:57]       call_function   | getitem_54                          | <built-in function getitem>
[2026-01-15 09:35:57]        args: (%transpose_9, (Ellipsis, slice(floordiv_9, N
[2026-01-15 09:35:57]       call_function   | neg_4                               | <built-in function neg>
[2026-01-15 09:35:57]        args: (%getitem_54
[2026-01-15 09:35:57]       call_function   | cat_5                               | <built-in method cat of type object at 0x7f607045f240>
[2026-01-15 09:35:57]        args: ((neg_4, getitem_52)
[2026-01-15 09:35:57]       call_function   | mul_27                              | <built-in function mul>
[2026-01-15 09:35:57]        args: (%cat_5, %unsqueeze_6
[2026-01-15 09:35:57]       call_function   | add_15                              | <built-in function add>
[2026-01-15 09:35:57]        args: (%mul_26, %mul_27
[2026-01-15 09:35:57]       call_function   | mul_28                              | <built-in function mul>
[2026-01-15 09:35:57]        args: (%transpose_10, %unsqueeze_5
[2026-01-15 09:35:57]       call_method     | size_21                             | size
[2026-01-15 09:35:57]        args: (%transpose_10
[2026-01-15 09:35:57]       call_function   | getitem_55                          | <built-in function getitem>
[2026-01-15 09:35:57]        args: (%size_21, -1
[2026-01-15 09:35:57]       call_function   | floordiv_10                         | <built-in function floordiv>
[2026-01-15 09:35:57]        args: (%getitem_55, 2
[2026-01-15 09:35:57]       call_function   | getitem_56                          | <built-in function getitem>
[2026-01-15 09:35:57]        args: (%transpose_10, (Ellipsis, slice(None, floordi
[2026-01-15 09:35:57]       call_method     | size_22                             | size
[2026-01-15 09:35:57]        args: (%transpose_10
[2026-01-15 09:35:57]       call_function   | getitem_57                          | <built-in function getitem>
[2026-01-15 09:35:57]        args: (%size_22, -1
[2026-01-15 09:35:57]       call_function   | floordiv_11                         | <built-in function floordiv>
[2026-01-15 09:35:57]        args: (%getitem_57, 2
[2026-01-15 09:35:57]       call_function   | getitem_58                          | <built-in function getitem>
[2026-01-15 09:35:57]        args: (%transpose_10, (Ellipsis, slice(floordiv_11, 
[2026-01-15 09:35:57]       call_function   | neg_5                               | <built-in function neg>
[2026-01-15 09:35:57]        args: (%getitem_58
[2026-01-15 09:35:57]       call_function   | cat_6                               | <built-in method cat of type object at 0x7f607045f240>
[2026-01-15 09:35:57]        args: ((neg_5, getitem_56)
[2026-01-15 09:35:57]       call_function   | mul_29                              | <built-in function mul>
[2026-01-15 09:35:57]        args: (%cat_6, %unsqueeze_6
[2026-01-15 09:35:57]       call_function   | add_16                              | <built-in function add>
[2026-01-15 09:35:57]        args: (%mul_28, %mul_29
[2026-01-15 09:35:57]       call_method     | size_23                             | size
[2026-01-15 09:35:57]        args: (%add_16
[2026-01-15 09:35:57]       call_function   | getitem_59                          | <built-in function getitem>
[2026-01-15 09:35:57]        args: (%size_23, 0
[2026-01-15 09:35:57]       call_function   | getitem_60                          | <built-in function getitem>
[2026-01-15 09:35:57]        args: (%size_23, 1
[2026-01-15 09:35:57]       call_function   | getitem_61                          | <built-in function getitem>
[2026-01-15 09:35:57]        args: (%size_23, 2
[2026-01-15 09:35:57]       call_function   | getitem_62                          | <built-in function getitem>
[2026-01-15 09:35:57]        args: (%size_23, 3
[2026-01-15 09:35:57]       call_function   | getitem_63                          | <built-in function getitem>
[2026-01-15 09:35:57]        args: (%add_16, (slice(None, None, None), slic
[2026-01-15 09:35:57]       call_method     | expand_5                            | expand
[2026-01-15 09:35:57]        args: (%getitem_63, %getitem_59, %getitem_60, 4, %getitem_61, %getitem_62
[2026-01-15 09:35:57]       call_function   | mul_30                              | <built-in function mul>
[2026-01-15 09:35:57]        args: (%getitem_60, 4
[2026-01-15 09:35:57]       call_method     | reshape_4                           | reshape
[2026-01-15 09:35:57]        args: (%expand_5, %getitem_59, %mul_30, %getitem_61, %getitem_62
[2026-01-15 09:35:57]       call_method     | size_24                             | size
[2026-01-15 09:35:57]        args: (%transpose_11
[2026-01-15 09:35:57]       call_function   | getitem_64                          | <built-in function getitem>
[2026-01-15 09:35:57]        args: (%size_24, 0
[2026-01-15 09:35:57]       call_function   | getitem_65                          | <built-in function getitem>
[2026-01-15 09:35:57]        args: (%size_24, 1
[2026-01-15 09:35:57]       call_function   | getitem_66                          | <built-in function getitem>
[2026-01-15 09:35:57]        args: (%size_24, 2
[2026-01-15 09:35:57]       call_function   | getitem_67                          | <built-in function getitem>
[2026-01-15 09:35:57]        args: (%size_24, 3
[2026-01-15 09:35:57]       call_function   | getitem_68                          | <built-in function getitem>
[2026-01-15 09:35:57]        args: (%transpose_11, (slice(None, None, None), slic
[2026-01-15 09:35:57]       call_method     | expand_6                            | expand
[2026-01-15 09:35:57]        args: (%getitem_68, %getitem_64, %getitem_65, 4, %getitem_66, %getitem_67
[2026-01-15 09:35:57]       call_function   | mul_31                              | <built-in function mul>
[2026-01-15 09:35:57]        args: (%getitem_65, 4
[2026-01-15 09:35:57]       call_method     | reshape_5                           | reshape
[2026-01-15 09:35:57]        args: (%expand_6, %getitem_64, %mul_31, %getitem_66, %getitem_67
[2026-01-15 09:35:57]       call_function   | getattr_13                          | <built-in function getattr>
[2026-01-15 09:35:57]        args: (%add_15, device
[2026-01-15 09:35:57]       call_function   | getattr_14                          | <built-in function getattr>
[2026-01-15 09:35:57]        args: (%getattr_13, type
[2026-01-15 09:35:57]       call_function   | eq_5                                | <built-in function eq>
[2026-01-15 09:35:57]        args: (%getattr_14, cuda
[2026-01-15 09:35:57]       call_function   | gt_2                                | <built-in function gt>
[2026-01-15 09:35:57]        args: (%getitem_49, 1
[2026-01-15 09:35:57]       call_function   | scaled_dot_product_attention_2      | <built-in function scaled_dot_product_attention>
[2026-01-15 09:35:57]        args: (%add_15, %reshape_4, %reshape_5
[2026-01-15 09:35:57]       call_method     | transpose_12                        | transpose
[2026-01-15 09:35:57]        args: (%scaled_dot_product_attention_2, 1, 2
[2026-01-15 09:35:57]       call_method     | contiguous_2                        | contiguous
[2026-01-15 09:35:57]        args: (%transpose_12
[2026-01-15 09:35:57]       call_method     | view_11                             | view
[2026-01-15 09:35:57]        args: (%contiguous_2, %getitem_48, %getitem_49, -1
[2026-01-15 09:35:57] [ 20] call_module     | model_layers_2_self_attn_o_proj     | model.layers.2.self_attn.o_proj
[2026-01-15 09:35:57]        args: (%view_11
[2026-01-15 09:35:57]       call_function   | add_17                              | <built-in function add>
[2026-01-15 09:35:57]        args: (%add_13, %model_layers_2_self_attn_o_proj
[2026-01-15 09:35:57]       call_method     | to_12                               | to
[2026-01-15 09:35:57]        args: (%add_17, torch.float32
[2026-01-15 09:35:57]       call_method     | pow_6                               | pow
[2026-01-15 09:35:57]        args: (%to_12, 2
[2026-01-15 09:35:57]       call_method     | mean_5                              | mean
[2026-01-15 09:35:57]        args: (%pow_6, -1
[2026-01-15 09:35:57]       call_function   | add_18                              | <built-in function add>
[2026-01-15 09:35:57]        args: (%mean_5, 1e-05
[2026-01-15 09:35:57]       call_function   | rsqrt_5                             | <built-in method rsqrt of type object at 0x7f607045f240>
[2026-01-15 09:35:57]        args: (%add_18
[2026-01-15 09:35:57]       call_function   | mul_32                              | <built-in function mul>
[2026-01-15 09:35:57]        args: (%to_12, %rsqrt_5
[2026-01-15 09:35:57]       get_attr        | model_layers_2_post_attention_layernorm_weight | model.layers.2.post_attention_layernorm.weight
[2026-01-15 09:35:57]        args: (
[2026-01-15 09:35:57]       call_function   | getattr_15                          | <built-in function getattr>
[2026-01-15 09:35:57]        args: (%add_17, dtype
[2026-01-15 09:35:57]       call_method     | to_13                               | to
[2026-01-15 09:35:57]        args: (%mul_32, %getattr_15
[2026-01-15 09:35:57]       call_function   | mul_33                              | <built-in function mul>
[2026-01-15 09:35:57]        args: (%model_layers_2_post_attention_layernorm_weight, %to_13
[2026-01-15 09:35:57] [ 21] call_module     | model_layers_2_mlp_gate_proj        | model.layers.2.mlp.gate_proj
[2026-01-15 09:35:57]        args: (%mul_33
[2026-01-15 09:35:57] [ 22] call_module     | model_layers_2_mlp_act_fn           | model.layers.2.mlp.act_fn
[2026-01-15 09:35:57]        args: (%model_layers_2_mlp_gate_proj
[2026-01-15 09:35:57] [ 23] call_module     | model_layers_2_mlp_up_proj          | model.layers.2.mlp.up_proj
[2026-01-15 09:35:57]        args: (%mul_33
[2026-01-15 09:35:57]       call_function   | mul_34                              | <built-in function mul>
[2026-01-15 09:35:57]        args: (%model_layers_2_mlp_act_fn, %model_layers_2_mlp_up_proj
[2026-01-15 09:35:57] [ 24] call_module     | model_layers_2_mlp_down_proj        | model.layers.2.mlp.down_proj
[2026-01-15 09:35:57]        args: (%mul_34
[2026-01-15 09:35:57]       call_function   | add_19                              | <built-in function add>
[2026-01-15 09:35:57]        args: (%add_17, %model_layers_2_mlp_down_proj
[2026-01-15 09:35:57]       call_method     | to_14                               | to
[2026-01-15 09:35:57]        args: (%add_19, torch.float32
[2026-01-15 09:35:57]       call_method     | pow_7                               | pow
[2026-01-15 09:35:57]        args: (%to_14, 2
[2026-01-15 09:35:57]       call_method     | mean_6                              | mean
[2026-01-15 09:35:57]        args: (%pow_7, -1
[2026-01-15 09:35:57]       call_function   | add_20                              | <built-in function add>
[2026-01-15 09:35:57]        args: (%mean_6, 1e-05
[2026-01-15 09:35:57]       call_function   | rsqrt_6                             | <built-in method rsqrt of type object at 0x7f607045f240>
[2026-01-15 09:35:57]        args: (%add_20
[2026-01-15 09:35:57]       call_function   | mul_35                              | <built-in function mul>
[2026-01-15 09:35:57]        args: (%to_14, %rsqrt_6
[2026-01-15 09:35:57]       get_attr        | model_layers_3_input_layernorm_weight | model.layers.3.input_layernorm.weight
[2026-01-15 09:35:57]        args: (
[2026-01-15 09:35:57]       call_function   | getattr_16                          | <built-in function getattr>
[2026-01-15 09:35:57]        args: (%add_19, dtype
[2026-01-15 09:35:57]       call_method     | to_15                               | to
[2026-01-15 09:35:57]        args: (%mul_35, %getattr_16
[2026-01-15 09:35:57]       call_function   | mul_36                              | <built-in function mul>
[2026-01-15 09:35:57]        args: (%model_layers_3_input_layernorm_weight, %to_15
[2026-01-15 09:35:57]       call_method     | size_25                             | size
[2026-01-15 09:35:57]        args: (%mul_36
[2026-01-15 09:35:57]       call_function   | getitem_69                          | <built-in function getitem>
[2026-01-15 09:35:57]        args: (%size_25, 0
[2026-01-15 09:35:57]       call_function   | getitem_70                          | <built-in function getitem>
[2026-01-15 09:35:57]        args: (%size_25, 1
[2026-01-15 09:35:57]       call_function   | getitem_71                          | <built-in function getitem>
[2026-01-15 09:35:57]        args: (%size_25, 2
[2026-01-15 09:35:57] [ 25] call_module     | model_layers_3_self_attn_q_proj     | model.layers.3.self_attn.q_proj
[2026-01-15 09:35:57]        args: (%mul_36
[2026-01-15 09:35:57] [ 26] call_module     | model_layers_3_self_attn_k_proj     | model.layers.3.self_attn.k_proj
[2026-01-15 09:35:57]        args: (%mul_36
[2026-01-15 09:35:57] [ 27] call_module     | model_layers_3_self_attn_v_proj     | model.layers.3.self_attn.v_proj
[2026-01-15 09:35:57]        args: (%mul_36
[2026-01-15 09:35:57]       call_method     | view_12                             | view
[2026-01-15 09:35:57]        args: (%model_layers_3_self_attn_q_proj, %getitem_69, %getitem_70, 32, 64
[2026-01-15 09:35:57]       call_method     | transpose_13                        | transpose
[2026-01-15 09:35:57]        args: (%view_12, 1, 2
[2026-01-15 09:35:57]       call_method     | view_13                             | view
[2026-01-15 09:35:57]        args: (%model_layers_3_self_attn_k_proj, %getitem_69, %getitem_70, 8, 64
[2026-01-15 09:35:57]       call_method     | transpose_14                        | transpose
[2026-01-15 09:35:57]        args: (%view_13, 1, 2
[2026-01-15 09:35:57]       call_method     | view_14                             | view
[2026-01-15 09:35:57]        args: (%model_layers_3_self_attn_v_proj, %getitem_69, %getitem_70, 8, 64
[2026-01-15 09:35:57]       call_method     | transpose_15                        | transpose
[2026-01-15 09:35:57]        args: (%view_14, 1, 2
[2026-01-15 09:35:57]       call_method     | unsqueeze_7                         | unsqueeze
[2026-01-15 09:35:57]        args: (%to, 1
[2026-01-15 09:35:57]       call_method     | unsqueeze_8                         | unsqueeze
[2026-01-15 09:35:57]        args: (%to_1, 1
[2026-01-15 09:35:57]       call_function   | mul_37                              | <built-in function mul>
[2026-01-15 09:35:57]        args: (%transpose_13, %unsqueeze_7
[2026-01-15 09:35:57]       call_method     | size_26                             | size
[2026-01-15 09:35:57]        args: (%transpose_13
[2026-01-15 09:35:57]       call_function   | getitem_72                          | <built-in function getitem>
[2026-01-15 09:35:57]        args: (%size_26, -1
[2026-01-15 09:35:57]       call_function   | floordiv_12                         | <built-in function floordiv>
[2026-01-15 09:35:57]        args: (%getitem_72, 2
[2026-01-15 09:35:57]       call_function   | getitem_73                          | <built-in function getitem>
[2026-01-15 09:35:57]        args: (%transpose_13, (Ellipsis, slice(None, floordi
[2026-01-15 09:35:57]       call_method     | size_27                             | size
[2026-01-15 09:35:57]        args: (%transpose_13
[2026-01-15 09:35:57]       call_function   | getitem_74                          | <built-in function getitem>
[2026-01-15 09:35:57]        args: (%size_27, -1
[2026-01-15 09:35:57]       call_function   | floordiv_13                         | <built-in function floordiv>
[2026-01-15 09:35:57]        args: (%getitem_74, 2
[2026-01-15 09:35:57]       call_function   | getitem_75                          | <built-in function getitem>
[2026-01-15 09:35:57]        args: (%transpose_13, (Ellipsis, slice(floordiv_13, 
[2026-01-15 09:35:57]       call_function   | neg_6                               | <built-in function neg>
[2026-01-15 09:35:57]        args: (%getitem_75
[2026-01-15 09:35:57]       call_function   | cat_7                               | <built-in method cat of type object at 0x7f607045f240>
[2026-01-15 09:35:57]        args: ((neg_6, getitem_73)
[2026-01-15 09:35:57]       call_function   | mul_38                              | <built-in function mul>
[2026-01-15 09:35:57]        args: (%cat_7, %unsqueeze_8
[2026-01-15 09:35:57]       call_function   | add_21                              | <built-in function add>
[2026-01-15 09:35:57]        args: (%mul_37, %mul_38
[2026-01-15 09:35:57]       call_function   | mul_39                              | <built-in function mul>
[2026-01-15 09:35:57]        args: (%transpose_14, %unsqueeze_7
[2026-01-15 09:35:57]       call_method     | size_28                             | size
[2026-01-15 09:35:57]        args: (%transpose_14
[2026-01-15 09:35:57]       call_function   | getitem_76                          | <built-in function getitem>
[2026-01-15 09:35:57]        args: (%size_28, -1
[2026-01-15 09:35:57]       call_function   | floordiv_14                         | <built-in function floordiv>
[2026-01-15 09:35:57]        args: (%getitem_76, 2
[2026-01-15 09:35:57]       call_function   | getitem_77                          | <built-in function getitem>
[2026-01-15 09:35:57]        args: (%transpose_14, (Ellipsis, slice(None, floordi
[2026-01-15 09:35:57]       call_method     | size_29                             | size
[2026-01-15 09:35:57]        args: (%transpose_14
[2026-01-15 09:35:57]       call_function   | getitem_78                          | <built-in function getitem>
[2026-01-15 09:35:57]        args: (%size_29, -1
[2026-01-15 09:35:57]       call_function   | floordiv_15                         | <built-in function floordiv>
[2026-01-15 09:35:57]        args: (%getitem_78, 2
[2026-01-15 09:35:57]       call_function   | getitem_79                          | <built-in function getitem>
[2026-01-15 09:35:57]        args: (%transpose_14, (Ellipsis, slice(floordiv_15, 
[2026-01-15 09:35:57]       call_function   | neg_7                               | <built-in function neg>
[2026-01-15 09:35:57]        args: (%getitem_79
[2026-01-15 09:35:57]       call_function   | cat_8                               | <built-in method cat of type object at 0x7f607045f240>
[2026-01-15 09:35:57]        args: ((neg_7, getitem_77)
[2026-01-15 09:35:57]       call_function   | mul_40                              | <built-in function mul>
[2026-01-15 09:35:57]        args: (%cat_8, %unsqueeze_8
[2026-01-15 09:35:57]       call_function   | add_22                              | <built-in function add>
[2026-01-15 09:35:57]        args: (%mul_39, %mul_40
[2026-01-15 09:35:57]       call_method     | size_30                             | size
[2026-01-15 09:35:57]        args: (%add_22
[2026-01-15 09:35:57]       call_function   | getitem_80                          | <built-in function getitem>
[2026-01-15 09:35:57]        args: (%size_30, 0
[2026-01-15 09:35:57]       call_function   | getitem_81                          | <built-in function getitem>
[2026-01-15 09:35:57]        args: (%size_30, 1
[2026-01-15 09:35:57]       call_function   | getitem_82                          | <built-in function getitem>
[2026-01-15 09:35:57]        args: (%size_30, 2
[2026-01-15 09:35:57]       call_function   | getitem_83                          | <built-in function getitem>
[2026-01-15 09:35:57]        args: (%size_30, 3
[2026-01-15 09:35:57]       call_function   | getitem_84                          | <built-in function getitem>
[2026-01-15 09:35:57]        args: (%add_22, (slice(None, None, None), slic
[2026-01-15 09:35:57]       call_method     | expand_7                            | expand
[2026-01-15 09:35:57]        args: (%getitem_84, %getitem_80, %getitem_81, 4, %getitem_82, %getitem_83
[2026-01-15 09:35:57]       call_function   | mul_41                              | <built-in function mul>
[2026-01-15 09:35:57]        args: (%getitem_81, 4
[2026-01-15 09:35:57]       call_method     | reshape_6                           | reshape
[2026-01-15 09:35:57]        args: (%expand_7, %getitem_80, %mul_41, %getitem_82, %getitem_83
[2026-01-15 09:35:57]       call_method     | size_31                             | size
[2026-01-15 09:35:57]        args: (%transpose_15
[2026-01-15 09:35:57]       call_function   | getitem_85                          | <built-in function getitem>
[2026-01-15 09:35:57]        args: (%size_31, 0
[2026-01-15 09:35:57]       call_function   | getitem_86                          | <built-in function getitem>
[2026-01-15 09:35:57]        args: (%size_31, 1
[2026-01-15 09:35:57]       call_function   | getitem_87                          | <built-in function getitem>
[2026-01-15 09:35:57]        args: (%size_31, 2
[2026-01-15 09:35:57]       call_function   | getitem_88                          | <built-in function getitem>
[2026-01-15 09:35:57]        args: (%size_31, 3
[2026-01-15 09:35:57]       call_function   | getitem_89                          | <built-in function getitem>
[2026-01-15 09:35:57]        args: (%transpose_15, (slice(None, None, None), slic
[2026-01-15 09:35:57]       call_method     | expand_8                            | expand
[2026-01-15 09:35:57]        args: (%getitem_89, %getitem_85, %getitem_86, 4, %getitem_87, %getitem_88
[2026-01-15 09:35:57]       call_function   | mul_42                              | <built-in function mul>
[2026-01-15 09:35:57]        args: (%getitem_86, 4
[2026-01-15 09:35:57]       call_method     | reshape_7                           | reshape
[2026-01-15 09:35:57]        args: (%expand_8, %getitem_85, %mul_42, %getitem_87, %getitem_88
[2026-01-15 09:35:57]       call_function   | getattr_17                          | <built-in function getattr>
[2026-01-15 09:35:57]        args: (%add_21, device
[2026-01-15 09:35:57]       call_function   | getattr_18                          | <built-in function getattr>
[2026-01-15 09:35:57]        args: (%getattr_17, type
[2026-01-15 09:35:57]       call_function   | eq_6                                | <built-in function eq>
[2026-01-15 09:35:57]        args: (%getattr_18, cuda
[2026-01-15 09:35:57]       call_function   | gt_3                                | <built-in function gt>
[2026-01-15 09:35:57]        args: (%getitem_70, 1
[2026-01-15 09:35:57]       call_function   | scaled_dot_product_attention_3      | <built-in function scaled_dot_product_attention>
[2026-01-15 09:35:57]        args: (%add_21, %reshape_6, %reshape_7
[2026-01-15 09:35:57]       call_method     | transpose_16                        | transpose
[2026-01-15 09:35:57]        args: (%scaled_dot_product_attention_3, 1, 2
[2026-01-15 09:35:57]       call_method     | contiguous_3                        | contiguous
[2026-01-15 09:35:57]        args: (%transpose_16
[2026-01-15 09:35:57]       call_method     | view_15                             | view
[2026-01-15 09:35:57]        args: (%contiguous_3, %getitem_69, %getitem_70, -1
[2026-01-15 09:35:57] [ 28] call_module     | model_layers_3_self_attn_o_proj     | model.layers.3.self_attn.o_proj
[2026-01-15 09:35:57]        args: (%view_15
[2026-01-15 09:35:57]       call_function   | add_23                              | <built-in function add>
[2026-01-15 09:35:57]        args: (%add_19, %model_layers_3_self_attn_o_proj
[2026-01-15 09:35:57]       call_method     | to_16                               | to
[2026-01-15 09:35:57]        args: (%add_23, torch.float32
[2026-01-15 09:35:57]       call_method     | pow_8                               | pow
[2026-01-15 09:35:57]        args: (%to_16, 2
[2026-01-15 09:35:57]       call_method     | mean_7                              | mean
[2026-01-15 09:35:57]        args: (%pow_8, -1
[2026-01-15 09:35:57]       call_function   | add_24                              | <built-in function add>
[2026-01-15 09:35:57]        args: (%mean_7, 1e-05
[2026-01-15 09:35:57]       call_function   | rsqrt_7                             | <built-in method rsqrt of type object at 0x7f607045f240>
[2026-01-15 09:35:57]        args: (%add_24
[2026-01-15 09:35:57]       call_function   | mul_43                              | <built-in function mul>
[2026-01-15 09:35:57]        args: (%to_16, %rsqrt_7
[2026-01-15 09:35:57]       get_attr        | model_layers_3_post_attention_layernorm_weight | model.layers.3.post_attention_layernorm.weight
[2026-01-15 09:35:57]        args: (
[2026-01-15 09:35:57]       call_function   | getattr_19                          | <built-in function getattr>
[2026-01-15 09:35:57]        args: (%add_23, dtype
[2026-01-15 09:35:57]       call_method     | to_17                               | to
[2026-01-15 09:35:57]        args: (%mul_43, %getattr_19
[2026-01-15 09:35:57]       call_function   | mul_44                              | <built-in function mul>
[2026-01-15 09:35:57]        args: (%model_layers_3_post_attention_layernorm_weight, %to_17
[2026-01-15 09:35:57] [ 29] call_module     | model_layers_3_mlp_gate_proj        | model.layers.3.mlp.gate_proj
[2026-01-15 09:35:57]        args: (%mul_44
[2026-01-15 09:35:57] [ 30] call_module     | model_layers_3_mlp_act_fn           | model.layers.3.mlp.act_fn
[2026-01-15 09:35:57]        args: (%model_layers_3_mlp_gate_proj
[2026-01-15 09:35:57] [ 31] call_module     | model_layers_3_mlp_up_proj          | model.layers.3.mlp.up_proj
[2026-01-15 09:35:57]        args: (%mul_44
[2026-01-15 09:35:57]       call_function   | mul_45                              | <built-in function mul>
[2026-01-15 09:35:57]        args: (%model_layers_3_mlp_act_fn, %model_layers_3_mlp_up_proj
[2026-01-15 09:35:57] [ 32] call_module     | model_layers_3_mlp_down_proj        | model.layers.3.mlp.down_proj
[2026-01-15 09:35:57]        args: (%mul_45
[2026-01-15 09:35:57]       call_function   | add_25                              | <built-in function add>
[2026-01-15 09:35:57]        args: (%add_23, %model_layers_3_mlp_down_proj
[2026-01-15 09:35:57]       call_method     | to_18                               | to
[2026-01-15 09:35:57]        args: (%add_25, torch.float32
[2026-01-15 09:35:57]       call_method     | pow_9                               | pow
[2026-01-15 09:35:57]        args: (%to_18, 2
[2026-01-15 09:35:57]       call_method     | mean_8                              | mean
[2026-01-15 09:35:57]        args: (%pow_9, -1
[2026-01-15 09:35:57]       call_function   | add_26                              | <built-in function add>
[2026-01-15 09:35:57]        args: (%mean_8, 1e-05
[2026-01-15 09:35:57]       call_function   | rsqrt_8                             | <built-in method rsqrt of type object at 0x7f607045f240>
[2026-01-15 09:35:57]        args: (%add_26
[2026-01-15 09:35:57]       call_function   | mul_46                              | <built-in function mul>
[2026-01-15 09:35:57]        args: (%to_18, %rsqrt_8
[2026-01-15 09:35:57]       get_attr        | model_layers_4_input_layernorm_weight | model.layers.4.input_layernorm.weight
[2026-01-15 09:35:57]        args: (
[2026-01-15 09:35:57]       call_function   | getattr_20                          | <built-in function getattr>
[2026-01-15 09:35:57]        args: (%add_25, dtype
[2026-01-15 09:35:57]       call_method     | to_19                               | to
[2026-01-15 09:35:57]        args: (%mul_46, %getattr_20
[2026-01-15 09:35:57]       call_function   | mul_47                              | <built-in function mul>
[2026-01-15 09:35:57]        args: (%model_layers_4_input_layernorm_weight, %to_19
[2026-01-15 09:35:57]       call_method     | size_32                             | size
[2026-01-15 09:35:57]        args: (%mul_47
[2026-01-15 09:35:57]       call_function   | getitem_90                          | <built-in function getitem>
[2026-01-15 09:35:57]        args: (%size_32, 0
[2026-01-15 09:35:57]       call_function   | getitem_91                          | <built-in function getitem>
[2026-01-15 09:35:57]        args: (%size_32, 1
[2026-01-15 09:35:57]       call_function   | getitem_92                          | <built-in function getitem>
[2026-01-15 09:35:57]        args: (%size_32, 2
[2026-01-15 09:35:57] [ 33] call_module     | model_layers_4_self_attn_q_proj     | model.layers.4.self_attn.q_proj
[2026-01-15 09:35:57]        args: (%mul_47
[2026-01-15 09:35:57] [ 34] call_module     | model_layers_4_self_attn_k_proj     | model.layers.4.self_attn.k_proj
[2026-01-15 09:35:57]        args: (%mul_47
[2026-01-15 09:35:57] [ 35] call_module     | model_layers_4_self_attn_v_proj     | model.layers.4.self_attn.v_proj
[2026-01-15 09:35:57]        args: (%mul_47
[2026-01-15 09:35:57]       call_method     | view_16                             | view
[2026-01-15 09:35:57]        args: (%model_layers_4_self_attn_q_proj, %getitem_90, %getitem_91, 32, 64
[2026-01-15 09:35:57]       call_method     | transpose_17                        | transpose
[2026-01-15 09:35:57]        args: (%view_16, 1, 2
[2026-01-15 09:35:57]       call_method     | view_17                             | view
[2026-01-15 09:35:57]        args: (%model_layers_4_self_attn_k_proj, %getitem_90, %getitem_91, 8, 64
[2026-01-15 09:35:57]       call_method     | transpose_18                        | transpose
[2026-01-15 09:35:57]        args: (%view_17, 1, 2
[2026-01-15 09:35:57]       call_method     | view_18                             | view
[2026-01-15 09:35:57]        args: (%model_layers_4_self_attn_v_proj, %getitem_90, %getitem_91, 8, 64
[2026-01-15 09:35:57]       call_method     | transpose_19                        | transpose
[2026-01-15 09:35:57]        args: (%view_18, 1, 2
[2026-01-15 09:35:57]       call_method     | unsqueeze_9                         | unsqueeze
[2026-01-15 09:35:57]        args: (%to, 1
[2026-01-15 09:35:57]       call_method     | unsqueeze_10                        | unsqueeze
[2026-01-15 09:35:57]        args: (%to_1, 1
[2026-01-15 09:35:57]       call_function   | mul_48                              | <built-in function mul>
[2026-01-15 09:35:57]        args: (%transpose_17, %unsqueeze_9
[2026-01-15 09:35:57]       call_method     | size_33                             | size
[2026-01-15 09:35:57]        args: (%transpose_17
[2026-01-15 09:35:57]       call_function   | getitem_93                          | <built-in function getitem>
[2026-01-15 09:35:57]        args: (%size_33, -1
[2026-01-15 09:35:57]       call_function   | floordiv_16                         | <built-in function floordiv>
[2026-01-15 09:35:57]        args: (%getitem_93, 2
[2026-01-15 09:35:57]       call_function   | getitem_94                          | <built-in function getitem>
[2026-01-15 09:35:57]        args: (%transpose_17, (Ellipsis, slice(None, floordi
[2026-01-15 09:35:57]       call_method     | size_34                             | size
[2026-01-15 09:35:57]        args: (%transpose_17
[2026-01-15 09:35:57]       call_function   | getitem_95                          | <built-in function getitem>
[2026-01-15 09:35:57]        args: (%size_34, -1
[2026-01-15 09:35:57]       call_function   | floordiv_17                         | <built-in function floordiv>
[2026-01-15 09:35:57]        args: (%getitem_95, 2
[2026-01-15 09:35:57]       call_function   | getitem_96                          | <built-in function getitem>
[2026-01-15 09:35:57]        args: (%transpose_17, (Ellipsis, slice(floordiv_17, 
[2026-01-15 09:35:57]       call_function   | neg_8                               | <built-in function neg>
[2026-01-15 09:35:57]        args: (%getitem_96
[2026-01-15 09:35:57]       call_function   | cat_9                               | <built-in method cat of type object at 0x7f607045f240>
[2026-01-15 09:35:57]        args: ((neg_8, getitem_94)
[2026-01-15 09:35:57]       call_function   | mul_49                              | <built-in function mul>
[2026-01-15 09:35:57]        args: (%cat_9, %unsqueeze_10
[2026-01-15 09:35:57]       call_function   | add_27                              | <built-in function add>
[2026-01-15 09:35:57]        args: (%mul_48, %mul_49
[2026-01-15 09:35:57]       call_function   | mul_50                              | <built-in function mul>
[2026-01-15 09:35:57]        args: (%transpose_18, %unsqueeze_9
[2026-01-15 09:35:57]       call_method     | size_35                             | size
[2026-01-15 09:35:57]        args: (%transpose_18
[2026-01-15 09:35:57]       call_function   | getitem_97                          | <built-in function getitem>
[2026-01-15 09:35:57]        args: (%size_35, -1
[2026-01-15 09:35:57]       call_function   | floordiv_18                         | <built-in function floordiv>
[2026-01-15 09:35:57]        args: (%getitem_97, 2
[2026-01-15 09:35:57]       call_function   | getitem_98                          | <built-in function getitem>
[2026-01-15 09:35:57]        args: (%transpose_18, (Ellipsis, slice(None, floordi
[2026-01-15 09:35:57]       call_method     | size_36                             | size
[2026-01-15 09:35:57]        args: (%transpose_18
[2026-01-15 09:35:57]       call_function   | getitem_99                          | <built-in function getitem>
[2026-01-15 09:35:57]        args: (%size_36, -1
[2026-01-15 09:35:57]       call_function   | floordiv_19                         | <built-in function floordiv>
[2026-01-15 09:35:57]        args: (%getitem_99, 2
[2026-01-15 09:35:57]       call_function   | getitem_100                         | <built-in function getitem>
[2026-01-15 09:35:57]        args: (%transpose_18, (Ellipsis, slice(floordiv_19, 
[2026-01-15 09:35:57]       call_function   | neg_9                               | <built-in function neg>
[2026-01-15 09:35:57]        args: (%getitem_100
[2026-01-15 09:35:57]       call_function   | cat_10                              | <built-in method cat of type object at 0x7f607045f240>
[2026-01-15 09:35:57]        args: ((neg_9, getitem_98)
[2026-01-15 09:35:57]       call_function   | mul_51                              | <built-in function mul>
[2026-01-15 09:35:57]        args: (%cat_10, %unsqueeze_10
[2026-01-15 09:35:57]       call_function   | add_28                              | <built-in function add>
[2026-01-15 09:35:57]        args: (%mul_50, %mul_51
[2026-01-15 09:35:57]       call_method     | size_37                             | size
[2026-01-15 09:35:57]        args: (%add_28
[2026-01-15 09:35:57]       call_function   | getitem_101                         | <built-in function getitem>
[2026-01-15 09:35:57]        args: (%size_37, 0
[2026-01-15 09:35:57]       call_function   | getitem_102                         | <built-in function getitem>
[2026-01-15 09:35:57]        args: (%size_37, 1
[2026-01-15 09:35:57]       call_function   | getitem_103                         | <built-in function getitem>
[2026-01-15 09:35:57]        args: (%size_37, 2
[2026-01-15 09:35:57]       call_function   | getitem_104                         | <built-in function getitem>
[2026-01-15 09:35:57]        args: (%size_37, 3
[2026-01-15 09:35:57]       call_function   | getitem_105                         | <built-in function getitem>
[2026-01-15 09:35:57]        args: (%add_28, (slice(None, None, None), slic
[2026-01-15 09:35:57]       call_method     | expand_9                            | expand
[2026-01-15 09:35:57]        args: (%getitem_105, %getitem_101, %getitem_102, 4, %getitem_103, %getitem_104
[2026-01-15 09:35:57]       call_function   | mul_52                              | <built-in function mul>
[2026-01-15 09:35:57]        args: (%getitem_102, 4
[2026-01-15 09:35:57]       call_method     | reshape_8                           | reshape
[2026-01-15 09:35:57]        args: (%expand_9, %getitem_101, %mul_52, %getitem_103, %getitem_104
[2026-01-15 09:35:57]       call_method     | size_38                             | size
[2026-01-15 09:35:57]        args: (%transpose_19
[2026-01-15 09:35:57]       call_function   | getitem_106                         | <built-in function getitem>
[2026-01-15 09:35:57]        args: (%size_38, 0
[2026-01-15 09:35:57]       call_function   | getitem_107                         | <built-in function getitem>
[2026-01-15 09:35:57]        args: (%size_38, 1
[2026-01-15 09:35:57]       call_function   | getitem_108                         | <built-in function getitem>
[2026-01-15 09:35:57]        args: (%size_38, 2
[2026-01-15 09:35:57]       call_function   | getitem_109                         | <built-in function getitem>
[2026-01-15 09:35:57]        args: (%size_38, 3
[2026-01-15 09:35:57]       call_function   | getitem_110                         | <built-in function getitem>
[2026-01-15 09:35:57]        args: (%transpose_19, (slice(None, None, None), slic
[2026-01-15 09:35:57]       call_method     | expand_10                           | expand
[2026-01-15 09:35:57]        args: (%getitem_110, %getitem_106, %getitem_107, 4, %getitem_108, %getitem_109
[2026-01-15 09:35:57]       call_function   | mul_53                              | <built-in function mul>
[2026-01-15 09:35:57]        args: (%getitem_107, 4
[2026-01-15 09:35:57]       call_method     | reshape_9                           | reshape
[2026-01-15 09:35:57]        args: (%expand_10, %getitem_106, %mul_53, %getitem_108, %getitem_109
[2026-01-15 09:35:57]       call_function   | getattr_21                          | <built-in function getattr>
[2026-01-15 09:35:57]        args: (%add_27, device
[2026-01-15 09:35:57]       call_function   | getattr_22                          | <built-in function getattr>
[2026-01-15 09:35:57]        args: (%getattr_21, type
[2026-01-15 09:35:57]       call_function   | eq_7                                | <built-in function eq>
[2026-01-15 09:35:57]        args: (%getattr_22, cuda
[2026-01-15 09:35:57]       call_function   | gt_4                                | <built-in function gt>
[2026-01-15 09:35:57]        args: (%getitem_91, 1
[2026-01-15 09:35:57]       call_function   | scaled_dot_product_attention_4      | <built-in function scaled_dot_product_attention>
[2026-01-15 09:35:57]        args: (%add_27, %reshape_8, %reshape_9
[2026-01-15 09:35:57]       call_method     | transpose_20                        | transpose
[2026-01-15 09:35:57]        args: (%scaled_dot_product_attention_4, 1, 2
[2026-01-15 09:35:57]       call_method     | contiguous_4                        | contiguous
[2026-01-15 09:35:57]        args: (%transpose_20
[2026-01-15 09:35:57]       call_method     | view_19                             | view
[2026-01-15 09:35:57]        args: (%contiguous_4, %getitem_90, %getitem_91, -1
[2026-01-15 09:35:57] [ 36] call_module     | model_layers_4_self_attn_o_proj     | model.layers.4.self_attn.o_proj
[2026-01-15 09:35:57]        args: (%view_19
[2026-01-15 09:35:57]       call_function   | add_29                              | <built-in function add>
[2026-01-15 09:35:57]        args: (%add_25, %model_layers_4_self_attn_o_proj
[2026-01-15 09:35:57]       call_method     | to_20                               | to
[2026-01-15 09:35:57]        args: (%add_29, torch.float32
[2026-01-15 09:35:57]       call_method     | pow_10                              | pow
[2026-01-15 09:35:57]        args: (%to_20, 2
[2026-01-15 09:35:57]       call_method     | mean_9                              | mean
[2026-01-15 09:35:57]        args: (%pow_10, -1
[2026-01-15 09:35:57]       call_function   | add_30                              | <built-in function add>
[2026-01-15 09:35:57]        args: (%mean_9, 1e-05
[2026-01-15 09:35:57]       call_function   | rsqrt_9                             | <built-in method rsqrt of type object at 0x7f607045f240>
[2026-01-15 09:35:57]        args: (%add_30
[2026-01-15 09:35:57]       call_function   | mul_54                              | <built-in function mul>
[2026-01-15 09:35:57]        args: (%to_20, %rsqrt_9
[2026-01-15 09:35:57]       get_attr        | model_layers_4_post_attention_layernorm_weight | model.layers.4.post_attention_layernorm.weight
[2026-01-15 09:35:57]        args: (
[2026-01-15 09:35:57]       call_function   | getattr_23                          | <built-in function getattr>
[2026-01-15 09:35:57]        args: (%add_29, dtype
[2026-01-15 09:35:57]       call_method     | to_21                               | to
[2026-01-15 09:35:57]        args: (%mul_54, %getattr_23
[2026-01-15 09:35:57]       call_function   | mul_55                              | <built-in function mul>
[2026-01-15 09:35:57]        args: (%model_layers_4_post_attention_layernorm_weight, %to_21
[2026-01-15 09:35:57] [ 37] call_module     | model_layers_4_mlp_gate_proj        | model.layers.4.mlp.gate_proj
[2026-01-15 09:35:57]        args: (%mul_55
[2026-01-15 09:35:57] [ 38] call_module     | model_layers_4_mlp_act_fn           | model.layers.4.mlp.act_fn
[2026-01-15 09:35:57]        args: (%model_layers_4_mlp_gate_proj
[2026-01-15 09:35:57] [ 39] call_module     | model_layers_4_mlp_up_proj          | model.layers.4.mlp.up_proj
[2026-01-15 09:35:57]        args: (%mul_55
[2026-01-15 09:35:57]       call_function   | mul_56                              | <built-in function mul>
[2026-01-15 09:35:57]        args: (%model_layers_4_mlp_act_fn, %model_layers_4_mlp_up_proj
[2026-01-15 09:35:57] [ 40] call_module     | model_layers_4_mlp_down_proj        | model.layers.4.mlp.down_proj
[2026-01-15 09:35:57]        args: (%mul_56
[2026-01-15 09:35:57]       call_function   | add_31                              | <built-in function add>
[2026-01-15 09:35:57]        args: (%add_29, %model_layers_4_mlp_down_proj
[2026-01-15 09:35:57]       call_method     | to_22                               | to
[2026-01-15 09:35:57]        args: (%add_31, torch.float32
[2026-01-15 09:35:57]       call_method     | pow_11                              | pow
[2026-01-15 09:35:57]        args: (%to_22, 2
[2026-01-15 09:35:57]       call_method     | mean_10                             | mean
[2026-01-15 09:35:57]        args: (%pow_11, -1
[2026-01-15 09:35:57]       call_function   | add_32                              | <built-in function add>
[2026-01-15 09:35:57]        args: (%mean_10, 1e-05
[2026-01-15 09:35:57]       call_function   | rsqrt_10                            | <built-in method rsqrt of type object at 0x7f607045f240>
[2026-01-15 09:35:57]        args: (%add_32
[2026-01-15 09:35:57]       call_function   | mul_57                              | <built-in function mul>
[2026-01-15 09:35:57]        args: (%to_22, %rsqrt_10
[2026-01-15 09:35:57]       get_attr        | model_layers_5_input_layernorm_weight | model.layers.5.input_layernorm.weight
[2026-01-15 09:35:57]        args: (
[2026-01-15 09:35:57]       call_function   | getattr_24                          | <built-in function getattr>
[2026-01-15 09:35:57]        args: (%add_31, dtype
[2026-01-15 09:35:57]       call_method     | to_23                               | to
[2026-01-15 09:35:57]        args: (%mul_57, %getattr_24
[2026-01-15 09:35:57]       call_function   | mul_58                              | <built-in function mul>
[2026-01-15 09:35:57]        args: (%model_layers_5_input_layernorm_weight, %to_23
[2026-01-15 09:35:57]       call_method     | size_39                             | size
[2026-01-15 09:35:57]        args: (%mul_58
[2026-01-15 09:35:57]       call_function   | getitem_111                         | <built-in function getitem>
[2026-01-15 09:35:57]        args: (%size_39, 0
[2026-01-15 09:35:57]       call_function   | getitem_112                         | <built-in function getitem>
[2026-01-15 09:35:57]        args: (%size_39, 1
[2026-01-15 09:35:57]       call_function   | getitem_113                         | <built-in function getitem>
[2026-01-15 09:35:57]        args: (%size_39, 2
[2026-01-15 09:35:57] [ 41] call_module     | model_layers_5_self_attn_q_proj     | model.layers.5.self_attn.q_proj
[2026-01-15 09:35:57]        args: (%mul_58
[2026-01-15 09:35:57] [ 42] call_module     | model_layers_5_self_attn_k_proj     | model.layers.5.self_attn.k_proj
[2026-01-15 09:35:57]        args: (%mul_58
[2026-01-15 09:35:57] [ 43] call_module     | model_layers_5_self_attn_v_proj     | model.layers.5.self_attn.v_proj
[2026-01-15 09:35:57]        args: (%mul_58
[2026-01-15 09:35:57]       call_method     | view_20                             | view
[2026-01-15 09:35:57]        args: (%model_layers_5_self_attn_q_proj, %getitem_111, %getitem_112, 32, 64
[2026-01-15 09:35:57]       call_method     | transpose_21                        | transpose
[2026-01-15 09:35:57]        args: (%view_20, 1, 2
[2026-01-15 09:35:57]       call_method     | view_21                             | view
[2026-01-15 09:35:57]        args: (%model_layers_5_self_attn_k_proj, %getitem_111, %getitem_112, 8, 64
[2026-01-15 09:35:57]       call_method     | transpose_22                        | transpose
[2026-01-15 09:35:57]        args: (%view_21, 1, 2
[2026-01-15 09:35:57]       call_method     | view_22                             | view
[2026-01-15 09:35:57]        args: (%model_layers_5_self_attn_v_proj, %getitem_111, %getitem_112, 8, 64
[2026-01-15 09:35:57]       call_method     | transpose_23                        | transpose
[2026-01-15 09:35:57]        args: (%view_22, 1, 2
[2026-01-15 09:35:57]       call_method     | unsqueeze_11                        | unsqueeze
[2026-01-15 09:35:57]        args: (%to, 1
[2026-01-15 09:35:57]       call_method     | unsqueeze_12                        | unsqueeze
[2026-01-15 09:35:57]        args: (%to_1, 1
[2026-01-15 09:35:57]       call_function   | mul_59                              | <built-in function mul>
[2026-01-15 09:35:57]        args: (%transpose_21, %unsqueeze_11
[2026-01-15 09:35:57]       call_method     | size_40                             | size
[2026-01-15 09:35:57]        args: (%transpose_21
[2026-01-15 09:35:57]       call_function   | getitem_114                         | <built-in function getitem>
[2026-01-15 09:35:57]        args: (%size_40, -1
[2026-01-15 09:35:57]       call_function   | floordiv_20                         | <built-in function floordiv>
[2026-01-15 09:35:57]        args: (%getitem_114, 2
[2026-01-15 09:35:57]       call_function   | getitem_115                         | <built-in function getitem>
[2026-01-15 09:35:57]        args: (%transpose_21, (Ellipsis, slice(None, floordi
[2026-01-15 09:35:57]       call_method     | size_41                             | size
[2026-01-15 09:35:57]        args: (%transpose_21
[2026-01-15 09:35:57]       call_function   | getitem_116                         | <built-in function getitem>
[2026-01-15 09:35:57]        args: (%size_41, -1
[2026-01-15 09:35:57]       call_function   | floordiv_21                         | <built-in function floordiv>
[2026-01-15 09:35:57]        args: (%getitem_116, 2
[2026-01-15 09:35:57]       call_function   | getitem_117                         | <built-in function getitem>
[2026-01-15 09:35:57]        args: (%transpose_21, (Ellipsis, slice(floordiv_21, 
[2026-01-15 09:35:57]       call_function   | neg_10                              | <built-in function neg>
[2026-01-15 09:35:57]        args: (%getitem_117
[2026-01-15 09:35:57]       call_function   | cat_11                              | <built-in method cat of type object at 0x7f607045f240>
[2026-01-15 09:35:57]        args: ((neg_10, getitem_115)
[2026-01-15 09:35:57]       call_function   | mul_60                              | <built-in function mul>
[2026-01-15 09:35:57]        args: (%cat_11, %unsqueeze_12
[2026-01-15 09:35:57]       call_function   | add_33                              | <built-in function add>
[2026-01-15 09:35:57]        args: (%mul_59, %mul_60
[2026-01-15 09:35:57]       call_function   | mul_61                              | <built-in function mul>
[2026-01-15 09:35:57]        args: (%transpose_22, %unsqueeze_11
[2026-01-15 09:35:57]       call_method     | size_42                             | size
[2026-01-15 09:35:57]        args: (%transpose_22
[2026-01-15 09:35:57]       call_function   | getitem_118                         | <built-in function getitem>
[2026-01-15 09:35:57]        args: (%size_42, -1
[2026-01-15 09:35:57]       call_function   | floordiv_22                         | <built-in function floordiv>
[2026-01-15 09:35:57]        args: (%getitem_118, 2
[2026-01-15 09:35:57]       call_function   | getitem_119                         | <built-in function getitem>
[2026-01-15 09:35:57]        args: (%transpose_22, (Ellipsis, slice(None, floordi
[2026-01-15 09:35:57]       call_method     | size_43                             | size
[2026-01-15 09:35:57]        args: (%transpose_22
[2026-01-15 09:35:57]       call_function   | getitem_120                         | <built-in function getitem>
[2026-01-15 09:35:57]        args: (%size_43, -1
[2026-01-15 09:35:57]       call_function   | floordiv_23                         | <built-in function floordiv>
[2026-01-15 09:35:57]        args: (%getitem_120, 2
[2026-01-15 09:35:57]       call_function   | getitem_121                         | <built-in function getitem>
[2026-01-15 09:35:57]        args: (%transpose_22, (Ellipsis, slice(floordiv_23, 
[2026-01-15 09:35:57]       call_function   | neg_11                              | <built-in function neg>
[2026-01-15 09:35:57]        args: (%getitem_121
[2026-01-15 09:35:57]       call_function   | cat_12                              | <built-in method cat of type object at 0x7f607045f240>
[2026-01-15 09:35:57]        args: ((neg_11, getitem_119)
[2026-01-15 09:35:57]       call_function   | mul_62                              | <built-in function mul>
[2026-01-15 09:35:57]        args: (%cat_12, %unsqueeze_12
[2026-01-15 09:35:57]       call_function   | add_34                              | <built-in function add>
[2026-01-15 09:35:57]        args: (%mul_61, %mul_62
[2026-01-15 09:35:57]       call_method     | size_44                             | size
[2026-01-15 09:35:57]        args: (%add_34
[2026-01-15 09:35:57]       call_function   | getitem_122                         | <built-in function getitem>
[2026-01-15 09:35:57]        args: (%size_44, 0
[2026-01-15 09:35:57]       call_function   | getitem_123                         | <built-in function getitem>
[2026-01-15 09:35:57]        args: (%size_44, 1
[2026-01-15 09:35:57]       call_function   | getitem_124                         | <built-in function getitem>
[2026-01-15 09:35:57]        args: (%size_44, 2
[2026-01-15 09:35:57]       call_function   | getitem_125                         | <built-in function getitem>
[2026-01-15 09:35:57]        args: (%size_44, 3
[2026-01-15 09:35:57]       call_function   | getitem_126                         | <built-in function getitem>
[2026-01-15 09:35:57]        args: (%add_34, (slice(None, None, None), slic
[2026-01-15 09:35:57]       call_method     | expand_11                           | expand
[2026-01-15 09:35:57]        args: (%getitem_126, %getitem_122, %getitem_123, 4, %getitem_124, %getitem_125
[2026-01-15 09:35:57]       call_function   | mul_63                              | <built-in function mul>
[2026-01-15 09:35:57]        args: (%getitem_123, 4
[2026-01-15 09:35:57]       call_method     | reshape_10                          | reshape
[2026-01-15 09:35:57]        args: (%expand_11, %getitem_122, %mul_63, %getitem_124, %getitem_125
[2026-01-15 09:35:57]       call_method     | size_45                             | size
[2026-01-15 09:35:57]        args: (%transpose_23
[2026-01-15 09:35:57]       call_function   | getitem_127                         | <built-in function getitem>
[2026-01-15 09:35:57]        args: (%size_45, 0
[2026-01-15 09:35:57]       call_function   | getitem_128                         | <built-in function getitem>
[2026-01-15 09:35:57]        args: (%size_45, 1
[2026-01-15 09:35:57]       call_function   | getitem_129                         | <built-in function getitem>
[2026-01-15 09:35:57]        args: (%size_45, 2
[2026-01-15 09:35:57]       call_function   | getitem_130                         | <built-in function getitem>
[2026-01-15 09:35:57]        args: (%size_45, 3
[2026-01-15 09:35:57]       call_function   | getitem_131                         | <built-in function getitem>
[2026-01-15 09:35:57]        args: (%transpose_23, (slice(None, None, None), slic
[2026-01-15 09:35:57]       call_method     | expand_12                           | expand
[2026-01-15 09:35:57]        args: (%getitem_131, %getitem_127, %getitem_128, 4, %getitem_129, %getitem_130
[2026-01-15 09:35:57]       call_function   | mul_64                              | <built-in function mul>
[2026-01-15 09:35:57]        args: (%getitem_128, 4
[2026-01-15 09:35:57]       call_method     | reshape_11                          | reshape
[2026-01-15 09:35:57]        args: (%expand_12, %getitem_127, %mul_64, %getitem_129, %getitem_130
[2026-01-15 09:35:57]       call_function   | getattr_25                          | <built-in function getattr>
[2026-01-15 09:35:57]        args: (%add_33, device
[2026-01-15 09:35:57]       call_function   | getattr_26                          | <built-in function getattr>
[2026-01-15 09:35:57]        args: (%getattr_25, type
[2026-01-15 09:35:57]       call_function   | eq_8                                | <built-in function eq>
[2026-01-15 09:35:57]        args: (%getattr_26, cuda
[2026-01-15 09:35:57]       call_function   | gt_5                                | <built-in function gt>
[2026-01-15 09:35:57]        args: (%getitem_112, 1
[2026-01-15 09:35:57]       call_function   | scaled_dot_product_attention_5      | <built-in function scaled_dot_product_attention>
[2026-01-15 09:35:57]        args: (%add_33, %reshape_10, %reshape_11
[2026-01-15 09:35:57]       call_method     | transpose_24                        | transpose
[2026-01-15 09:35:57]        args: (%scaled_dot_product_attention_5, 1, 2
[2026-01-15 09:35:57]       call_method     | contiguous_5                        | contiguous
[2026-01-15 09:35:57]        args: (%transpose_24
[2026-01-15 09:35:57]       call_method     | view_23                             | view
[2026-01-15 09:35:57]        args: (%contiguous_5, %getitem_111, %getitem_112, -1
[2026-01-15 09:35:57] [ 44] call_module     | model_layers_5_self_attn_o_proj     | model.layers.5.self_attn.o_proj
[2026-01-15 09:35:57]        args: (%view_23
[2026-01-15 09:35:57]       call_function   | add_35                              | <built-in function add>
[2026-01-15 09:35:57]        args: (%add_31, %model_layers_5_self_attn_o_proj
[2026-01-15 09:35:57]       call_method     | to_24                               | to
[2026-01-15 09:35:57]        args: (%add_35, torch.float32
[2026-01-15 09:35:57]       call_method     | pow_12                              | pow
[2026-01-15 09:35:57]        args: (%to_24, 2
[2026-01-15 09:35:57]       call_method     | mean_11                             | mean
[2026-01-15 09:35:57]        args: (%pow_12, -1
[2026-01-15 09:35:57]       call_function   | add_36                              | <built-in function add>
[2026-01-15 09:35:57]        args: (%mean_11, 1e-05
[2026-01-15 09:35:57]       call_function   | rsqrt_11                            | <built-in method rsqrt of type object at 0x7f607045f240>
[2026-01-15 09:35:57]        args: (%add_36
[2026-01-15 09:35:57]       call_function   | mul_65                              | <built-in function mul>
[2026-01-15 09:35:57]        args: (%to_24, %rsqrt_11
[2026-01-15 09:35:57]       get_attr        | model_layers_5_post_attention_layernorm_weight | model.layers.5.post_attention_layernorm.weight
[2026-01-15 09:35:57]        args: (
[2026-01-15 09:35:57]       call_function   | getattr_27                          | <built-in function getattr>
[2026-01-15 09:35:57]        args: (%add_35, dtype
[2026-01-15 09:35:57]       call_method     | to_25                               | to
[2026-01-15 09:35:57]        args: (%mul_65, %getattr_27
[2026-01-15 09:35:57]       call_function   | mul_66                              | <built-in function mul>
[2026-01-15 09:35:57]        args: (%model_layers_5_post_attention_layernorm_weight, %to_25
[2026-01-15 09:35:57] [ 45] call_module     | model_layers_5_mlp_gate_proj        | model.layers.5.mlp.gate_proj
[2026-01-15 09:35:57]        args: (%mul_66
[2026-01-15 09:35:57] [ 46] call_module     | model_layers_5_mlp_act_fn           | model.layers.5.mlp.act_fn
[2026-01-15 09:35:57]        args: (%model_layers_5_mlp_gate_proj
[2026-01-15 09:35:57] [ 47] call_module     | model_layers_5_mlp_up_proj          | model.layers.5.mlp.up_proj
[2026-01-15 09:35:57]        args: (%mul_66
[2026-01-15 09:35:57]       call_function   | mul_67                              | <built-in function mul>
[2026-01-15 09:35:57]        args: (%model_layers_5_mlp_act_fn, %model_layers_5_mlp_up_proj
[2026-01-15 09:35:57] [ 48] call_module     | model_layers_5_mlp_down_proj        | model.layers.5.mlp.down_proj
[2026-01-15 09:35:57]        args: (%mul_67
[2026-01-15 09:35:57]       call_function   | add_37                              | <built-in function add>
[2026-01-15 09:35:57]        args: (%add_35, %model_layers_5_mlp_down_proj
[2026-01-15 09:35:57]       call_method     | to_26                               | to
[2026-01-15 09:35:57]        args: (%add_37, torch.float32
[2026-01-15 09:35:57]       call_method     | pow_13                              | pow
[2026-01-15 09:35:57]        args: (%to_26, 2
[2026-01-15 09:35:57]       call_method     | mean_12                             | mean
[2026-01-15 09:35:57]        args: (%pow_13, -1
[2026-01-15 09:35:57]       call_function   | add_38                              | <built-in function add>
[2026-01-15 09:35:57]        args: (%mean_12, 1e-05
[2026-01-15 09:35:57]       call_function   | rsqrt_12                            | <built-in method rsqrt of type object at 0x7f607045f240>
[2026-01-15 09:35:57]        args: (%add_38
[2026-01-15 09:35:57]       call_function   | mul_68                              | <built-in function mul>
[2026-01-15 09:35:57]        args: (%to_26, %rsqrt_12
[2026-01-15 09:35:57]       get_attr        | model_layers_6_input_layernorm_weight | model.layers.6.input_layernorm.weight
[2026-01-15 09:35:57]        args: (
[2026-01-15 09:35:57]       call_function   | getattr_28                          | <built-in function getattr>
[2026-01-15 09:35:57]        args: (%add_37, dtype
[2026-01-15 09:35:57]       call_method     | to_27                               | to
[2026-01-15 09:35:57]        args: (%mul_68, %getattr_28
[2026-01-15 09:35:57]       call_function   | mul_69                              | <built-in function mul>
[2026-01-15 09:35:57]        args: (%model_layers_6_input_layernorm_weight, %to_27
[2026-01-15 09:35:57]       call_method     | size_46                             | size
[2026-01-15 09:35:57]        args: (%mul_69
[2026-01-15 09:35:57]       call_function   | getitem_132                         | <built-in function getitem>
[2026-01-15 09:35:57]        args: (%size_46, 0
[2026-01-15 09:35:57]       call_function   | getitem_133                         | <built-in function getitem>
[2026-01-15 09:35:57]        args: (%size_46, 1
[2026-01-15 09:35:57]       call_function   | getitem_134                         | <built-in function getitem>
[2026-01-15 09:35:57]        args: (%size_46, 2
[2026-01-15 09:35:57] [ 49] call_module     | model_layers_6_self_attn_q_proj     | model.layers.6.self_attn.q_proj
[2026-01-15 09:35:57]        args: (%mul_69
[2026-01-15 09:35:57] [ 50] call_module     | model_layers_6_self_attn_k_proj     | model.layers.6.self_attn.k_proj
[2026-01-15 09:35:57]        args: (%mul_69
[2026-01-15 09:35:57] [ 51] call_module     | model_layers_6_self_attn_v_proj     | model.layers.6.self_attn.v_proj
[2026-01-15 09:35:57]        args: (%mul_69
[2026-01-15 09:35:57]       call_method     | view_24                             | view
[2026-01-15 09:35:57]        args: (%model_layers_6_self_attn_q_proj, %getitem_132, %getitem_133, 32, 64
[2026-01-15 09:35:57]       call_method     | transpose_25                        | transpose
[2026-01-15 09:35:57]        args: (%view_24, 1, 2
[2026-01-15 09:35:57]       call_method     | view_25                             | view
[2026-01-15 09:35:57]        args: (%model_layers_6_self_attn_k_proj, %getitem_132, %getitem_133, 8, 64
[2026-01-15 09:35:57]       call_method     | transpose_26                        | transpose
[2026-01-15 09:35:57]        args: (%view_25, 1, 2
[2026-01-15 09:35:57]       call_method     | view_26                             | view
[2026-01-15 09:35:57]        args: (%model_layers_6_self_attn_v_proj, %getitem_132, %getitem_133, 8, 64
[2026-01-15 09:35:57]       call_method     | transpose_27                        | transpose
[2026-01-15 09:35:57]        args: (%view_26, 1, 2
[2026-01-15 09:35:57]       call_method     | unsqueeze_13                        | unsqueeze
[2026-01-15 09:35:57]        args: (%to, 1
[2026-01-15 09:35:57]       call_method     | unsqueeze_14                        | unsqueeze
[2026-01-15 09:35:57]        args: (%to_1, 1
[2026-01-15 09:35:57]       call_function   | mul_70                              | <built-in function mul>
[2026-01-15 09:35:57]        args: (%transpose_25, %unsqueeze_13
[2026-01-15 09:35:57]       call_method     | size_47                             | size
[2026-01-15 09:35:57]        args: (%transpose_25
[2026-01-15 09:35:57]       call_function   | getitem_135                         | <built-in function getitem>
[2026-01-15 09:35:57]        args: (%size_47, -1
[2026-01-15 09:35:57]       call_function   | floordiv_24                         | <built-in function floordiv>
[2026-01-15 09:35:57]        args: (%getitem_135, 2
[2026-01-15 09:35:57]       call_function   | getitem_136                         | <built-in function getitem>
[2026-01-15 09:35:57]        args: (%transpose_25, (Ellipsis, slice(None, floordi
[2026-01-15 09:35:57]       call_method     | size_48                             | size
[2026-01-15 09:35:57]        args: (%transpose_25
[2026-01-15 09:35:57]       call_function   | getitem_137                         | <built-in function getitem>
[2026-01-15 09:35:57]        args: (%size_48, -1
[2026-01-15 09:35:57]       call_function   | floordiv_25                         | <built-in function floordiv>
[2026-01-15 09:35:57]        args: (%getitem_137, 2
[2026-01-15 09:35:57]       call_function   | getitem_138                         | <built-in function getitem>
[2026-01-15 09:35:57]        args: (%transpose_25, (Ellipsis, slice(floordiv_25, 
[2026-01-15 09:35:57]       call_function   | neg_12                              | <built-in function neg>
[2026-01-15 09:35:57]        args: (%getitem_138
[2026-01-15 09:35:57]       call_function   | cat_13                              | <built-in method cat of type object at 0x7f607045f240>
[2026-01-15 09:35:57]        args: ((neg_12, getitem_136)
[2026-01-15 09:35:57]       call_function   | mul_71                              | <built-in function mul>
[2026-01-15 09:35:57]        args: (%cat_13, %unsqueeze_14
[2026-01-15 09:35:57]       call_function   | add_39                              | <built-in function add>
[2026-01-15 09:35:57]        args: (%mul_70, %mul_71
[2026-01-15 09:35:57]       call_function   | mul_72                              | <built-in function mul>
[2026-01-15 09:35:57]        args: (%transpose_26, %unsqueeze_13
[2026-01-15 09:35:57]       call_method     | size_49                             | size
[2026-01-15 09:35:57]        args: (%transpose_26
[2026-01-15 09:35:57]       call_function   | getitem_139                         | <built-in function getitem>
[2026-01-15 09:35:57]        args: (%size_49, -1
[2026-01-15 09:35:57]       call_function   | floordiv_26                         | <built-in function floordiv>
[2026-01-15 09:35:57]        args: (%getitem_139, 2
[2026-01-15 09:35:57]       call_function   | getitem_140                         | <built-in function getitem>
[2026-01-15 09:35:57]        args: (%transpose_26, (Ellipsis, slice(None, floordi
[2026-01-15 09:35:57]       call_method     | size_50                             | size
[2026-01-15 09:35:57]        args: (%transpose_26
[2026-01-15 09:35:57]       call_function   | getitem_141                         | <built-in function getitem>
[2026-01-15 09:35:57]        args: (%size_50, -1
[2026-01-15 09:35:57]       call_function   | floordiv_27                         | <built-in function floordiv>
[2026-01-15 09:35:57]        args: (%getitem_141, 2
[2026-01-15 09:35:57]       call_function   | getitem_142                         | <built-in function getitem>
[2026-01-15 09:35:57]        args: (%transpose_26, (Ellipsis, slice(floordiv_27, 
[2026-01-15 09:35:57]       call_function   | neg_13                              | <built-in function neg>
[2026-01-15 09:35:57]        args: (%getitem_142
[2026-01-15 09:35:57]       call_function   | cat_14                              | <built-in method cat of type object at 0x7f607045f240>
[2026-01-15 09:35:57]        args: ((neg_13, getitem_140)
[2026-01-15 09:35:57]       call_function   | mul_73                              | <built-in function mul>
[2026-01-15 09:35:57]        args: (%cat_14, %unsqueeze_14
[2026-01-15 09:35:57]       call_function   | add_40                              | <built-in function add>
[2026-01-15 09:35:57]        args: (%mul_72, %mul_73
[2026-01-15 09:35:57]       call_method     | size_51                             | size
[2026-01-15 09:35:57]        args: (%add_40
[2026-01-15 09:35:57]       call_function   | getitem_143                         | <built-in function getitem>
[2026-01-15 09:35:57]        args: (%size_51, 0
[2026-01-15 09:35:57]       call_function   | getitem_144                         | <built-in function getitem>
[2026-01-15 09:35:57]        args: (%size_51, 1
[2026-01-15 09:35:57]       call_function   | getitem_145                         | <built-in function getitem>
[2026-01-15 09:35:57]        args: (%size_51, 2
[2026-01-15 09:35:57]       call_function   | getitem_146                         | <built-in function getitem>
[2026-01-15 09:35:57]        args: (%size_51, 3
[2026-01-15 09:35:57]       call_function   | getitem_147                         | <built-in function getitem>
[2026-01-15 09:35:57]        args: (%add_40, (slice(None, None, None), slic
[2026-01-15 09:35:57]       call_method     | expand_13                           | expand
[2026-01-15 09:35:57]        args: (%getitem_147, %getitem_143, %getitem_144, 4, %getitem_145, %getitem_146
[2026-01-15 09:35:57]       call_function   | mul_74                              | <built-in function mul>
[2026-01-15 09:35:57]        args: (%getitem_144, 4
[2026-01-15 09:35:57]       call_method     | reshape_12                          | reshape
[2026-01-15 09:35:57]        args: (%expand_13, %getitem_143, %mul_74, %getitem_145, %getitem_146
[2026-01-15 09:35:57]       call_method     | size_52                             | size
[2026-01-15 09:35:57]        args: (%transpose_27
[2026-01-15 09:35:57]       call_function   | getitem_148                         | <built-in function getitem>
[2026-01-15 09:35:57]        args: (%size_52, 0
[2026-01-15 09:35:57]       call_function   | getitem_149                         | <built-in function getitem>
[2026-01-15 09:35:57]        args: (%size_52, 1
[2026-01-15 09:35:57]       call_function   | getitem_150                         | <built-in function getitem>
[2026-01-15 09:35:57]        args: (%size_52, 2
[2026-01-15 09:35:57]       call_function   | getitem_151                         | <built-in function getitem>
[2026-01-15 09:35:57]        args: (%size_52, 3
[2026-01-15 09:35:57]       call_function   | getitem_152                         | <built-in function getitem>
[2026-01-15 09:35:57]        args: (%transpose_27, (slice(None, None, None), slic
[2026-01-15 09:35:57]       call_method     | expand_14                           | expand
[2026-01-15 09:35:57]        args: (%getitem_152, %getitem_148, %getitem_149, 4, %getitem_150, %getitem_151
[2026-01-15 09:35:57]       call_function   | mul_75                              | <built-in function mul>
[2026-01-15 09:35:57]        args: (%getitem_149, 4
[2026-01-15 09:35:57]       call_method     | reshape_13                          | reshape
[2026-01-15 09:35:57]        args: (%expand_14, %getitem_148, %mul_75, %getitem_150, %getitem_151
[2026-01-15 09:35:57]       call_function   | getattr_29                          | <built-in function getattr>
[2026-01-15 09:35:57]        args: (%add_39, device
[2026-01-15 09:35:57]       call_function   | getattr_30                          | <built-in function getattr>
[2026-01-15 09:35:57]        args: (%getattr_29, type
[2026-01-15 09:35:57]       call_function   | eq_9                                | <built-in function eq>
[2026-01-15 09:35:57]        args: (%getattr_30, cuda
[2026-01-15 09:35:57]       call_function   | gt_6                                | <built-in function gt>
[2026-01-15 09:35:57]        args: (%getitem_133, 1
[2026-01-15 09:35:57]       call_function   | scaled_dot_product_attention_6      | <built-in function scaled_dot_product_attention>
[2026-01-15 09:35:57]        args: (%add_39, %reshape_12, %reshape_13
[2026-01-15 09:35:57]       call_method     | transpose_28                        | transpose
[2026-01-15 09:35:57]        args: (%scaled_dot_product_attention_6, 1, 2
[2026-01-15 09:35:57]       call_method     | contiguous_6                        | contiguous
[2026-01-15 09:35:57]        args: (%transpose_28
[2026-01-15 09:35:57]       call_method     | view_27                             | view
[2026-01-15 09:35:57]        args: (%contiguous_6, %getitem_132, %getitem_133, -1
[2026-01-15 09:35:57] [ 52] call_module     | model_layers_6_self_attn_o_proj     | model.layers.6.self_attn.o_proj
[2026-01-15 09:35:57]        args: (%view_27
[2026-01-15 09:35:57]       call_function   | add_41                              | <built-in function add>
[2026-01-15 09:35:57]        args: (%add_37, %model_layers_6_self_attn_o_proj
[2026-01-15 09:35:57]       call_method     | to_28                               | to
[2026-01-15 09:35:57]        args: (%add_41, torch.float32
[2026-01-15 09:35:57]       call_method     | pow_14                              | pow
[2026-01-15 09:35:57]        args: (%to_28, 2
[2026-01-15 09:35:57]       call_method     | mean_13                             | mean
[2026-01-15 09:35:57]        args: (%pow_14, -1
[2026-01-15 09:35:57]       call_function   | add_42                              | <built-in function add>
[2026-01-15 09:35:57]        args: (%mean_13, 1e-05
[2026-01-15 09:35:57]       call_function   | rsqrt_13                            | <built-in method rsqrt of type object at 0x7f607045f240>
[2026-01-15 09:35:57]        args: (%add_42
[2026-01-15 09:35:57]       call_function   | mul_76                              | <built-in function mul>
[2026-01-15 09:35:57]        args: (%to_28, %rsqrt_13
[2026-01-15 09:35:57]       get_attr        | model_layers_6_post_attention_layernorm_weight | model.layers.6.post_attention_layernorm.weight
[2026-01-15 09:35:57]        args: (
[2026-01-15 09:35:57]       call_function   | getattr_31                          | <built-in function getattr>
[2026-01-15 09:35:57]        args: (%add_41, dtype
[2026-01-15 09:35:57]       call_method     | to_29                               | to
[2026-01-15 09:35:57]        args: (%mul_76, %getattr_31
[2026-01-15 09:35:57]       call_function   | mul_77                              | <built-in function mul>
[2026-01-15 09:35:57]        args: (%model_layers_6_post_attention_layernorm_weight, %to_29
[2026-01-15 09:35:57] [ 53] call_module     | model_layers_6_mlp_gate_proj        | model.layers.6.mlp.gate_proj
[2026-01-15 09:35:57]        args: (%mul_77
[2026-01-15 09:35:57] [ 54] call_module     | model_layers_6_mlp_act_fn           | model.layers.6.mlp.act_fn
[2026-01-15 09:35:57]        args: (%model_layers_6_mlp_gate_proj
[2026-01-15 09:35:57] [ 55] call_module     | model_layers_6_mlp_up_proj          | model.layers.6.mlp.up_proj
[2026-01-15 09:35:57]        args: (%mul_77
[2026-01-15 09:35:57]       call_function   | mul_78                              | <built-in function mul>
[2026-01-15 09:35:57]        args: (%model_layers_6_mlp_act_fn, %model_layers_6_mlp_up_proj
[2026-01-15 09:35:57] [ 56] call_module     | model_layers_6_mlp_down_proj        | model.layers.6.mlp.down_proj
[2026-01-15 09:35:57]        args: (%mul_78
[2026-01-15 09:35:57]       call_function   | add_43                              | <built-in function add>
[2026-01-15 09:35:57]        args: (%add_41, %model_layers_6_mlp_down_proj
[2026-01-15 09:35:57]       call_method     | to_30                               | to
[2026-01-15 09:35:57]        args: (%add_43, torch.float32
[2026-01-15 09:35:57]       call_method     | pow_15                              | pow
[2026-01-15 09:35:57]        args: (%to_30, 2
[2026-01-15 09:35:57]       call_method     | mean_14                             | mean
[2026-01-15 09:35:57]        args: (%pow_15, -1
[2026-01-15 09:35:57]       call_function   | add_44                              | <built-in function add>
[2026-01-15 09:35:57]        args: (%mean_14, 1e-05
[2026-01-15 09:35:57]       call_function   | rsqrt_14                            | <built-in method rsqrt of type object at 0x7f607045f240>
[2026-01-15 09:35:57]        args: (%add_44
[2026-01-15 09:35:57]       call_function   | mul_79                              | <built-in function mul>
[2026-01-15 09:35:57]        args: (%to_30, %rsqrt_14
[2026-01-15 09:35:57]       get_attr        | model_layers_7_input_layernorm_weight | model.layers.7.input_layernorm.weight
[2026-01-15 09:35:57]        args: (
[2026-01-15 09:35:57]       call_function   | getattr_32                          | <built-in function getattr>
[2026-01-15 09:35:57]        args: (%add_43, dtype
[2026-01-15 09:35:57]       call_method     | to_31                               | to
[2026-01-15 09:35:57]        args: (%mul_79, %getattr_32
[2026-01-15 09:35:57]       call_function   | mul_80                              | <built-in function mul>
[2026-01-15 09:35:57]        args: (%model_layers_7_input_layernorm_weight, %to_31
[2026-01-15 09:35:57]       call_method     | size_53                             | size
[2026-01-15 09:35:57]        args: (%mul_80
[2026-01-15 09:35:57]       call_function   | getitem_153                         | <built-in function getitem>
[2026-01-15 09:35:57]        args: (%size_53, 0
[2026-01-15 09:35:57]       call_function   | getitem_154                         | <built-in function getitem>
[2026-01-15 09:35:57]        args: (%size_53, 1
[2026-01-15 09:35:57]       call_function   | getitem_155                         | <built-in function getitem>
[2026-01-15 09:35:57]        args: (%size_53, 2
[2026-01-15 09:35:57] [ 57] call_module     | model_layers_7_self_attn_q_proj     | model.layers.7.self_attn.q_proj
[2026-01-15 09:35:57]        args: (%mul_80
[2026-01-15 09:35:57] [ 58] call_module     | model_layers_7_self_attn_k_proj     | model.layers.7.self_attn.k_proj
[2026-01-15 09:35:57]        args: (%mul_80
[2026-01-15 09:35:57] [ 59] call_module     | model_layers_7_self_attn_v_proj     | model.layers.7.self_attn.v_proj
[2026-01-15 09:35:57]        args: (%mul_80
[2026-01-15 09:35:57]       call_method     | view_28                             | view
[2026-01-15 09:35:57]        args: (%model_layers_7_self_attn_q_proj, %getitem_153, %getitem_154, 32, 64
[2026-01-15 09:35:57]       call_method     | transpose_29                        | transpose
[2026-01-15 09:35:57]        args: (%view_28, 1, 2
[2026-01-15 09:35:57]       call_method     | view_29                             | view
[2026-01-15 09:35:57]        args: (%model_layers_7_self_attn_k_proj, %getitem_153, %getitem_154, 8, 64
[2026-01-15 09:35:57]       call_method     | transpose_30                        | transpose
[2026-01-15 09:35:57]        args: (%view_29, 1, 2
[2026-01-15 09:35:57]       call_method     | view_30                             | view
[2026-01-15 09:35:57]        args: (%model_layers_7_self_attn_v_proj, %getitem_153, %getitem_154, 8, 64
[2026-01-15 09:35:57]       call_method     | transpose_31                        | transpose
[2026-01-15 09:35:57]        args: (%view_30, 1, 2
[2026-01-15 09:35:57]       call_method     | unsqueeze_15                        | unsqueeze
[2026-01-15 09:35:57]        args: (%to, 1
[2026-01-15 09:35:57]       call_method     | unsqueeze_16                        | unsqueeze
[2026-01-15 09:35:57]        args: (%to_1, 1
[2026-01-15 09:35:57]       call_function   | mul_81                              | <built-in function mul>
[2026-01-15 09:35:57]        args: (%transpose_29, %unsqueeze_15
[2026-01-15 09:35:57]       call_method     | size_54                             | size
[2026-01-15 09:35:57]        args: (%transpose_29
[2026-01-15 09:35:57]       call_function   | getitem_156                         | <built-in function getitem>
[2026-01-15 09:35:57]        args: (%size_54, -1
[2026-01-15 09:35:57]       call_function   | floordiv_28                         | <built-in function floordiv>
[2026-01-15 09:35:57]        args: (%getitem_156, 2
[2026-01-15 09:35:57]       call_function   | getitem_157                         | <built-in function getitem>
[2026-01-15 09:35:57]        args: (%transpose_29, (Ellipsis, slice(None, floordi
[2026-01-15 09:35:57]       call_method     | size_55                             | size
[2026-01-15 09:35:57]        args: (%transpose_29
[2026-01-15 09:35:57]       call_function   | getitem_158                         | <built-in function getitem>
[2026-01-15 09:35:57]        args: (%size_55, -1
[2026-01-15 09:35:57]       call_function   | floordiv_29                         | <built-in function floordiv>
[2026-01-15 09:35:57]        args: (%getitem_158, 2
[2026-01-15 09:35:57]       call_function   | getitem_159                         | <built-in function getitem>
[2026-01-15 09:35:57]        args: (%transpose_29, (Ellipsis, slice(floordiv_29, 
[2026-01-15 09:35:57]       call_function   | neg_14                              | <built-in function neg>
[2026-01-15 09:35:57]        args: (%getitem_159
[2026-01-15 09:35:57]       call_function   | cat_15                              | <built-in method cat of type object at 0x7f607045f240>
[2026-01-15 09:35:57]        args: ((neg_14, getitem_157)
[2026-01-15 09:35:57]       call_function   | mul_82                              | <built-in function mul>
[2026-01-15 09:35:57]        args: (%cat_15, %unsqueeze_16
[2026-01-15 09:35:57]       call_function   | add_45                              | <built-in function add>
[2026-01-15 09:35:57]        args: (%mul_81, %mul_82
[2026-01-15 09:35:57]       call_function   | mul_83                              | <built-in function mul>
[2026-01-15 09:35:57]        args: (%transpose_30, %unsqueeze_15
[2026-01-15 09:35:57]       call_method     | size_56                             | size
[2026-01-15 09:35:57]        args: (%transpose_30
[2026-01-15 09:35:57]       call_function   | getitem_160                         | <built-in function getitem>
[2026-01-15 09:35:57]        args: (%size_56, -1
[2026-01-15 09:35:57]       call_function   | floordiv_30                         | <built-in function floordiv>
[2026-01-15 09:35:57]        args: (%getitem_160, 2
[2026-01-15 09:35:57]       call_function   | getitem_161                         | <built-in function getitem>
[2026-01-15 09:35:57]        args: (%transpose_30, (Ellipsis, slice(None, floordi
[2026-01-15 09:35:57]       call_method     | size_57                             | size
[2026-01-15 09:35:57]        args: (%transpose_30
[2026-01-15 09:35:57]       call_function   | getitem_162                         | <built-in function getitem>
[2026-01-15 09:35:57]        args: (%size_57, -1
[2026-01-15 09:35:57]       call_function   | floordiv_31                         | <built-in function floordiv>
[2026-01-15 09:35:57]        args: (%getitem_162, 2
[2026-01-15 09:35:57]       call_function   | getitem_163                         | <built-in function getitem>
[2026-01-15 09:35:57]        args: (%transpose_30, (Ellipsis, slice(floordiv_31, 
[2026-01-15 09:35:57]       call_function   | neg_15                              | <built-in function neg>
[2026-01-15 09:35:57]        args: (%getitem_163
[2026-01-15 09:35:57]       call_function   | cat_16                              | <built-in method cat of type object at 0x7f607045f240>
[2026-01-15 09:35:57]        args: ((neg_15, getitem_161)
[2026-01-15 09:35:57]       call_function   | mul_84                              | <built-in function mul>
[2026-01-15 09:35:57]        args: (%cat_16, %unsqueeze_16
[2026-01-15 09:35:57]       call_function   | add_46                              | <built-in function add>
[2026-01-15 09:35:57]        args: (%mul_83, %mul_84
[2026-01-15 09:35:57]       call_method     | size_58                             | size
[2026-01-15 09:35:57]        args: (%add_46
[2026-01-15 09:35:57]       call_function   | getitem_164                         | <built-in function getitem>
[2026-01-15 09:35:57]        args: (%size_58, 0
[2026-01-15 09:35:57]       call_function   | getitem_165                         | <built-in function getitem>
[2026-01-15 09:35:57]        args: (%size_58, 1
[2026-01-15 09:35:57]       call_function   | getitem_166                         | <built-in function getitem>
[2026-01-15 09:35:57]        args: (%size_58, 2
[2026-01-15 09:35:57]       call_function   | getitem_167                         | <built-in function getitem>
[2026-01-15 09:35:57]        args: (%size_58, 3
[2026-01-15 09:35:57]       call_function   | getitem_168                         | <built-in function getitem>
[2026-01-15 09:35:57]        args: (%add_46, (slice(None, None, None), slic
[2026-01-15 09:35:57]       call_method     | expand_15                           | expand
[2026-01-15 09:35:57]        args: (%getitem_168, %getitem_164, %getitem_165, 4, %getitem_166, %getitem_167
[2026-01-15 09:35:57]       call_function   | mul_85                              | <built-in function mul>
[2026-01-15 09:35:57]        args: (%getitem_165, 4
[2026-01-15 09:35:57]       call_method     | reshape_14                          | reshape
[2026-01-15 09:35:57]        args: (%expand_15, %getitem_164, %mul_85, %getitem_166, %getitem_167
[2026-01-15 09:35:57]       call_method     | size_59                             | size
[2026-01-15 09:35:57]        args: (%transpose_31
[2026-01-15 09:35:57]       call_function   | getitem_169                         | <built-in function getitem>
[2026-01-15 09:35:57]        args: (%size_59, 0
[2026-01-15 09:35:57]       call_function   | getitem_170                         | <built-in function getitem>
[2026-01-15 09:35:57]        args: (%size_59, 1
[2026-01-15 09:35:57]       call_function   | getitem_171                         | <built-in function getitem>
[2026-01-15 09:35:57]        args: (%size_59, 2
[2026-01-15 09:35:57]       call_function   | getitem_172                         | <built-in function getitem>
[2026-01-15 09:35:57]        args: (%size_59, 3
[2026-01-15 09:35:57]       call_function   | getitem_173                         | <built-in function getitem>
[2026-01-15 09:35:57]        args: (%transpose_31, (slice(None, None, None), slic
[2026-01-15 09:35:57]       call_method     | expand_16                           | expand
[2026-01-15 09:35:57]        args: (%getitem_173, %getitem_169, %getitem_170, 4, %getitem_171, %getitem_172
[2026-01-15 09:35:57]       call_function   | mul_86                              | <built-in function mul>
[2026-01-15 09:35:57]        args: (%getitem_170, 4
[2026-01-15 09:35:57]       call_method     | reshape_15                          | reshape
[2026-01-15 09:35:57]        args: (%expand_16, %getitem_169, %mul_86, %getitem_171, %getitem_172
[2026-01-15 09:35:57]       call_function   | getattr_33                          | <built-in function getattr>
[2026-01-15 09:35:57]        args: (%add_45, device
[2026-01-15 09:35:57]       call_function   | getattr_34                          | <built-in function getattr>
[2026-01-15 09:35:57]        args: (%getattr_33, type
[2026-01-15 09:35:57]       call_function   | eq_10                               | <built-in function eq>
[2026-01-15 09:35:57]        args: (%getattr_34, cuda
[2026-01-15 09:35:57]       call_function   | gt_7                                | <built-in function gt>
[2026-01-15 09:35:57]        args: (%getitem_154, 1
[2026-01-15 09:35:57]       call_function   | scaled_dot_product_attention_7      | <built-in function scaled_dot_product_attention>
[2026-01-15 09:35:57]        args: (%add_45, %reshape_14, %reshape_15
[2026-01-15 09:35:57]       call_method     | transpose_32                        | transpose
[2026-01-15 09:35:57]        args: (%scaled_dot_product_attention_7, 1, 2
[2026-01-15 09:35:57]       call_method     | contiguous_7                        | contiguous
[2026-01-15 09:35:57]        args: (%transpose_32
[2026-01-15 09:35:57]       call_method     | view_31                             | view
[2026-01-15 09:35:57]        args: (%contiguous_7, %getitem_153, %getitem_154, -1
[2026-01-15 09:35:57] [ 60] call_module     | model_layers_7_self_attn_o_proj     | model.layers.7.self_attn.o_proj
[2026-01-15 09:35:57]        args: (%view_31
[2026-01-15 09:35:57]       call_function   | add_47                              | <built-in function add>
[2026-01-15 09:35:57]        args: (%add_43, %model_layers_7_self_attn_o_proj
[2026-01-15 09:35:57]       call_method     | to_32                               | to
[2026-01-15 09:35:57]        args: (%add_47, torch.float32
[2026-01-15 09:35:57]       call_method     | pow_16                              | pow
[2026-01-15 09:35:57]        args: (%to_32, 2
[2026-01-15 09:35:57]       call_method     | mean_15                             | mean
[2026-01-15 09:35:57]        args: (%pow_16, -1
[2026-01-15 09:35:57]       call_function   | add_48                              | <built-in function add>
[2026-01-15 09:35:57]        args: (%mean_15, 1e-05
[2026-01-15 09:35:57]       call_function   | rsqrt_15                            | <built-in method rsqrt of type object at 0x7f607045f240>
[2026-01-15 09:35:57]        args: (%add_48
[2026-01-15 09:35:57]       call_function   | mul_87                              | <built-in function mul>
[2026-01-15 09:35:57]        args: (%to_32, %rsqrt_15
[2026-01-15 09:35:57]       get_attr        | model_layers_7_post_attention_layernorm_weight | model.layers.7.post_attention_layernorm.weight
[2026-01-15 09:35:57]        args: (
[2026-01-15 09:35:57]       call_function   | getattr_35                          | <built-in function getattr>
[2026-01-15 09:35:57]        args: (%add_47, dtype
[2026-01-15 09:35:57]       call_method     | to_33                               | to
[2026-01-15 09:35:57]        args: (%mul_87, %getattr_35
[2026-01-15 09:35:57]       call_function   | mul_88                              | <built-in function mul>
[2026-01-15 09:35:57]        args: (%model_layers_7_post_attention_layernorm_weight, %to_33
[2026-01-15 09:35:57] [ 61] call_module     | model_layers_7_mlp_gate_proj        | model.layers.7.mlp.gate_proj
[2026-01-15 09:35:57]        args: (%mul_88
[2026-01-15 09:35:57] [ 62] call_module     | model_layers_7_mlp_act_fn           | model.layers.7.mlp.act_fn
[2026-01-15 09:35:57]        args: (%model_layers_7_mlp_gate_proj
[2026-01-15 09:35:57] [ 63] call_module     | model_layers_7_mlp_up_proj          | model.layers.7.mlp.up_proj
[2026-01-15 09:35:57]        args: (%mul_88
[2026-01-15 09:35:57]       call_function   | mul_89                              | <built-in function mul>
[2026-01-15 09:35:57]        args: (%model_layers_7_mlp_act_fn, %model_layers_7_mlp_up_proj
[2026-01-15 09:35:57] [ 64] call_module     | model_layers_7_mlp_down_proj        | model.layers.7.mlp.down_proj
[2026-01-15 09:35:57]        args: (%mul_89
[2026-01-15 09:35:57]       call_function   | add_49                              | <built-in function add>
[2026-01-15 09:35:57]        args: (%add_47, %model_layers_7_mlp_down_proj
[2026-01-15 09:35:57]       call_method     | to_34                               | to
[2026-01-15 09:35:57]        args: (%add_49, torch.float32
[2026-01-15 09:35:57]       call_method     | pow_17                              | pow
[2026-01-15 09:35:57]        args: (%to_34, 2
[2026-01-15 09:35:57]       call_method     | mean_16                             | mean
[2026-01-15 09:35:57]        args: (%pow_17, -1
[2026-01-15 09:35:57]       call_function   | add_50                              | <built-in function add>
[2026-01-15 09:35:57]        args: (%mean_16, 1e-05
[2026-01-15 09:35:57]       call_function   | rsqrt_16                            | <built-in method rsqrt of type object at 0x7f607045f240>
[2026-01-15 09:35:57]        args: (%add_50
[2026-01-15 09:35:57]       call_function   | mul_90                              | <built-in function mul>
[2026-01-15 09:35:57]        args: (%to_34, %rsqrt_16
[2026-01-15 09:35:57]       get_attr        | model_layers_8_input_layernorm_weight | model.layers.8.input_layernorm.weight
[2026-01-15 09:35:57]        args: (
[2026-01-15 09:35:57]       call_function   | getattr_36                          | <built-in function getattr>
[2026-01-15 09:35:57]        args: (%add_49, dtype
[2026-01-15 09:35:57]       call_method     | to_35                               | to
[2026-01-15 09:35:57]        args: (%mul_90, %getattr_36
[2026-01-15 09:35:57]       call_function   | mul_91                              | <built-in function mul>
[2026-01-15 09:35:57]        args: (%model_layers_8_input_layernorm_weight, %to_35
[2026-01-15 09:35:57]       call_method     | size_60                             | size
[2026-01-15 09:35:57]        args: (%mul_91
[2026-01-15 09:35:57]       call_function   | getitem_174                         | <built-in function getitem>
[2026-01-15 09:35:57]        args: (%size_60, 0
[2026-01-15 09:35:57]       call_function   | getitem_175                         | <built-in function getitem>
[2026-01-15 09:35:57]        args: (%size_60, 1
[2026-01-15 09:35:57]       call_function   | getitem_176                         | <built-in function getitem>
[2026-01-15 09:35:57]        args: (%size_60, 2
[2026-01-15 09:35:57] [ 65] call_module     | model_layers_8_self_attn_q_proj     | model.layers.8.self_attn.q_proj
[2026-01-15 09:35:57]        args: (%mul_91
[2026-01-15 09:35:57] [ 66] call_module     | model_layers_8_self_attn_k_proj     | model.layers.8.self_attn.k_proj
[2026-01-15 09:35:57]        args: (%mul_91
[2026-01-15 09:35:57] [ 67] call_module     | model_layers_8_self_attn_v_proj     | model.layers.8.self_attn.v_proj
[2026-01-15 09:35:57]        args: (%mul_91
[2026-01-15 09:35:57]       call_method     | view_32                             | view
[2026-01-15 09:35:57]        args: (%model_layers_8_self_attn_q_proj, %getitem_174, %getitem_175, 32, 64
[2026-01-15 09:35:57]       call_method     | transpose_33                        | transpose
[2026-01-15 09:35:57]        args: (%view_32, 1, 2
[2026-01-15 09:35:57]       call_method     | view_33                             | view
[2026-01-15 09:35:57]        args: (%model_layers_8_self_attn_k_proj, %getitem_174, %getitem_175, 8, 64
[2026-01-15 09:35:57]       call_method     | transpose_34                        | transpose
[2026-01-15 09:35:57]        args: (%view_33, 1, 2
[2026-01-15 09:35:57]       call_method     | view_34                             | view
[2026-01-15 09:35:57]        args: (%model_layers_8_self_attn_v_proj, %getitem_174, %getitem_175, 8, 64
[2026-01-15 09:35:57]       call_method     | transpose_35                        | transpose
[2026-01-15 09:35:57]        args: (%view_34, 1, 2
[2026-01-15 09:35:57]       call_method     | unsqueeze_17                        | unsqueeze
[2026-01-15 09:35:57]        args: (%to, 1
[2026-01-15 09:35:57]       call_method     | unsqueeze_18                        | unsqueeze
[2026-01-15 09:35:57]        args: (%to_1, 1
[2026-01-15 09:35:57]       call_function   | mul_92                              | <built-in function mul>
[2026-01-15 09:35:57]        args: (%transpose_33, %unsqueeze_17
[2026-01-15 09:35:57]       call_method     | size_61                             | size
[2026-01-15 09:35:57]        args: (%transpose_33
[2026-01-15 09:35:57]       call_function   | getitem_177                         | <built-in function getitem>
[2026-01-15 09:35:57]        args: (%size_61, -1
[2026-01-15 09:35:57]       call_function   | floordiv_32                         | <built-in function floordiv>
[2026-01-15 09:35:57]        args: (%getitem_177, 2
[2026-01-15 09:35:57]       call_function   | getitem_178                         | <built-in function getitem>
[2026-01-15 09:35:57]        args: (%transpose_33, (Ellipsis, slice(None, floordi
[2026-01-15 09:35:57]       call_method     | size_62                             | size
[2026-01-15 09:35:57]        args: (%transpose_33
[2026-01-15 09:35:57]       call_function   | getitem_179                         | <built-in function getitem>
[2026-01-15 09:35:57]        args: (%size_62, -1
[2026-01-15 09:35:57]       call_function   | floordiv_33                         | <built-in function floordiv>
[2026-01-15 09:35:57]        args: (%getitem_179, 2
[2026-01-15 09:35:57]       call_function   | getitem_180                         | <built-in function getitem>
[2026-01-15 09:35:57]        args: (%transpose_33, (Ellipsis, slice(floordiv_33, 
[2026-01-15 09:35:57]       call_function   | neg_16                              | <built-in function neg>
[2026-01-15 09:35:57]        args: (%getitem_180
[2026-01-15 09:35:57]       call_function   | cat_17                              | <built-in method cat of type object at 0x7f607045f240>
[2026-01-15 09:35:57]        args: ((neg_16, getitem_178)
[2026-01-15 09:35:57]       call_function   | mul_93                              | <built-in function mul>
[2026-01-15 09:35:57]        args: (%cat_17, %unsqueeze_18
[2026-01-15 09:35:57]       call_function   | add_51                              | <built-in function add>
[2026-01-15 09:35:57]        args: (%mul_92, %mul_93
[2026-01-15 09:35:57]       call_function   | mul_94                              | <built-in function mul>
[2026-01-15 09:35:57]        args: (%transpose_34, %unsqueeze_17
[2026-01-15 09:35:57]       call_method     | size_63                             | size
[2026-01-15 09:35:57]        args: (%transpose_34
[2026-01-15 09:35:57]       call_function   | getitem_181                         | <built-in function getitem>
[2026-01-15 09:35:57]        args: (%size_63, -1
[2026-01-15 09:35:57]       call_function   | floordiv_34                         | <built-in function floordiv>
[2026-01-15 09:35:57]        args: (%getitem_181, 2
[2026-01-15 09:35:57]       call_function   | getitem_182                         | <built-in function getitem>
[2026-01-15 09:35:57]        args: (%transpose_34, (Ellipsis, slice(None, floordi
[2026-01-15 09:35:57]       call_method     | size_64                             | size
[2026-01-15 09:35:57]        args: (%transpose_34
[2026-01-15 09:35:57]       call_function   | getitem_183                         | <built-in function getitem>
[2026-01-15 09:35:57]        args: (%size_64, -1
[2026-01-15 09:35:57]       call_function   | floordiv_35                         | <built-in function floordiv>
[2026-01-15 09:35:57]        args: (%getitem_183, 2
[2026-01-15 09:35:57]       call_function   | getitem_184                         | <built-in function getitem>
[2026-01-15 09:35:57]        args: (%transpose_34, (Ellipsis, slice(floordiv_35, 
[2026-01-15 09:35:57]       call_function   | neg_17                              | <built-in function neg>
[2026-01-15 09:35:57]        args: (%getitem_184
[2026-01-15 09:35:57]       call_function   | cat_18                              | <built-in method cat of type object at 0x7f607045f240>
[2026-01-15 09:35:57]        args: ((neg_17, getitem_182)
[2026-01-15 09:35:57]       call_function   | mul_95                              | <built-in function mul>
[2026-01-15 09:35:57]        args: (%cat_18, %unsqueeze_18
[2026-01-15 09:35:57]       call_function   | add_52                              | <built-in function add>
[2026-01-15 09:35:57]        args: (%mul_94, %mul_95
[2026-01-15 09:35:57]       call_method     | size_65                             | size
[2026-01-15 09:35:57]        args: (%add_52
[2026-01-15 09:35:57]       call_function   | getitem_185                         | <built-in function getitem>
[2026-01-15 09:35:57]        args: (%size_65, 0
[2026-01-15 09:35:57]       call_function   | getitem_186                         | <built-in function getitem>
[2026-01-15 09:35:57]        args: (%size_65, 1
[2026-01-15 09:35:57]       call_function   | getitem_187                         | <built-in function getitem>
[2026-01-15 09:35:57]        args: (%size_65, 2
[2026-01-15 09:35:57]       call_function   | getitem_188                         | <built-in function getitem>
[2026-01-15 09:35:57]        args: (%size_65, 3
[2026-01-15 09:35:57]       call_function   | getitem_189                         | <built-in function getitem>
[2026-01-15 09:35:57]        args: (%add_52, (slice(None, None, None), slic
[2026-01-15 09:35:57]       call_method     | expand_17                           | expand
[2026-01-15 09:35:57]        args: (%getitem_189, %getitem_185, %getitem_186, 4, %getitem_187, %getitem_188
[2026-01-15 09:35:57]       call_function   | mul_96                              | <built-in function mul>
[2026-01-15 09:35:57]        args: (%getitem_186, 4
[2026-01-15 09:35:57]       call_method     | reshape_16                          | reshape
[2026-01-15 09:35:57]        args: (%expand_17, %getitem_185, %mul_96, %getitem_187, %getitem_188
[2026-01-15 09:35:57]       call_method     | size_66                             | size
[2026-01-15 09:35:57]        args: (%transpose_35
[2026-01-15 09:35:57]       call_function   | getitem_190                         | <built-in function getitem>
[2026-01-15 09:35:57]        args: (%size_66, 0
[2026-01-15 09:35:57]       call_function   | getitem_191                         | <built-in function getitem>
[2026-01-15 09:35:57]        args: (%size_66, 1
[2026-01-15 09:35:57]       call_function   | getitem_192                         | <built-in function getitem>
[2026-01-15 09:35:57]        args: (%size_66, 2
[2026-01-15 09:35:57]       call_function   | getitem_193                         | <built-in function getitem>
[2026-01-15 09:35:57]        args: (%size_66, 3
[2026-01-15 09:35:57]       call_function   | getitem_194                         | <built-in function getitem>
[2026-01-15 09:35:57]        args: (%transpose_35, (slice(None, None, None), slic
[2026-01-15 09:35:57]       call_method     | expand_18                           | expand
[2026-01-15 09:35:57]        args: (%getitem_194, %getitem_190, %getitem_191, 4, %getitem_192, %getitem_193
[2026-01-15 09:35:57]       call_function   | mul_97                              | <built-in function mul>
[2026-01-15 09:35:57]        args: (%getitem_191, 4
[2026-01-15 09:35:57]       call_method     | reshape_17                          | reshape
[2026-01-15 09:35:57]        args: (%expand_18, %getitem_190, %mul_97, %getitem_192, %getitem_193
[2026-01-15 09:35:57]       call_function   | getattr_37                          | <built-in function getattr>
[2026-01-15 09:35:57]        args: (%add_51, device
[2026-01-15 09:35:57]       call_function   | getattr_38                          | <built-in function getattr>
[2026-01-15 09:35:57]        args: (%getattr_37, type
[2026-01-15 09:35:57]       call_function   | eq_11                               | <built-in function eq>
[2026-01-15 09:35:57]        args: (%getattr_38, cuda
[2026-01-15 09:35:57]       call_function   | gt_8                                | <built-in function gt>
[2026-01-15 09:35:57]        args: (%getitem_175, 1
[2026-01-15 09:35:57]       call_function   | scaled_dot_product_attention_8      | <built-in function scaled_dot_product_attention>
[2026-01-15 09:35:57]        args: (%add_51, %reshape_16, %reshape_17
[2026-01-15 09:35:57]       call_method     | transpose_36                        | transpose
[2026-01-15 09:35:57]        args: (%scaled_dot_product_attention_8, 1, 2
[2026-01-15 09:35:57]       call_method     | contiguous_8                        | contiguous
[2026-01-15 09:35:57]        args: (%transpose_36
[2026-01-15 09:35:57]       call_method     | view_35                             | view
[2026-01-15 09:35:57]        args: (%contiguous_8, %getitem_174, %getitem_175, -1
[2026-01-15 09:35:57] [ 68] call_module     | model_layers_8_self_attn_o_proj     | model.layers.8.self_attn.o_proj
[2026-01-15 09:35:57]        args: (%view_35
[2026-01-15 09:35:57]       call_function   | add_53                              | <built-in function add>
[2026-01-15 09:35:57]        args: (%add_49, %model_layers_8_self_attn_o_proj
[2026-01-15 09:35:57]       call_method     | to_36                               | to
[2026-01-15 09:35:57]        args: (%add_53, torch.float32
[2026-01-15 09:35:57]       call_method     | pow_18                              | pow
[2026-01-15 09:35:57]        args: (%to_36, 2
[2026-01-15 09:35:57]       call_method     | mean_17                             | mean
[2026-01-15 09:35:57]        args: (%pow_18, -1
[2026-01-15 09:35:57]       call_function   | add_54                              | <built-in function add>
[2026-01-15 09:35:57]        args: (%mean_17, 1e-05
[2026-01-15 09:35:57]       call_function   | rsqrt_17                            | <built-in method rsqrt of type object at 0x7f607045f240>
[2026-01-15 09:35:57]        args: (%add_54
[2026-01-15 09:35:57]       call_function   | mul_98                              | <built-in function mul>
[2026-01-15 09:35:57]        args: (%to_36, %rsqrt_17
[2026-01-15 09:35:57]       get_attr        | model_layers_8_post_attention_layernorm_weight | model.layers.8.post_attention_layernorm.weight
[2026-01-15 09:35:57]        args: (
[2026-01-15 09:35:57]       call_function   | getattr_39                          | <built-in function getattr>
[2026-01-15 09:35:57]        args: (%add_53, dtype
[2026-01-15 09:35:57]       call_method     | to_37                               | to
[2026-01-15 09:35:57]        args: (%mul_98, %getattr_39
[2026-01-15 09:35:57]       call_function   | mul_99                              | <built-in function mul>
[2026-01-15 09:35:57]        args: (%model_layers_8_post_attention_layernorm_weight, %to_37
[2026-01-15 09:35:57] [ 69] call_module     | model_layers_8_mlp_gate_proj        | model.layers.8.mlp.gate_proj
[2026-01-15 09:35:57]        args: (%mul_99
[2026-01-15 09:35:57] [ 70] call_module     | model_layers_8_mlp_act_fn           | model.layers.8.mlp.act_fn
[2026-01-15 09:35:57]        args: (%model_layers_8_mlp_gate_proj
[2026-01-15 09:35:57] [ 71] call_module     | model_layers_8_mlp_up_proj          | model.layers.8.mlp.up_proj
[2026-01-15 09:35:57]        args: (%mul_99
[2026-01-15 09:35:57]       call_function   | mul_100                             | <built-in function mul>
[2026-01-15 09:35:57]        args: (%model_layers_8_mlp_act_fn, %model_layers_8_mlp_up_proj
[2026-01-15 09:35:57] [ 72] call_module     | model_layers_8_mlp_down_proj        | model.layers.8.mlp.down_proj
[2026-01-15 09:35:57]        args: (%mul_100
[2026-01-15 09:35:57]       call_function   | add_55                              | <built-in function add>
[2026-01-15 09:35:57]        args: (%add_53, %model_layers_8_mlp_down_proj
[2026-01-15 09:35:57]       call_method     | to_38                               | to
[2026-01-15 09:35:57]        args: (%add_55, torch.float32
[2026-01-15 09:35:57]       call_method     | pow_19                              | pow
[2026-01-15 09:35:57]        args: (%to_38, 2
[2026-01-15 09:35:57]       call_method     | mean_18                             | mean
[2026-01-15 09:35:57]        args: (%pow_19, -1
[2026-01-15 09:35:57]       call_function   | add_56                              | <built-in function add>
[2026-01-15 09:35:57]        args: (%mean_18, 1e-05
[2026-01-15 09:35:57]       call_function   | rsqrt_18                            | <built-in method rsqrt of type object at 0x7f607045f240>
[2026-01-15 09:35:57]        args: (%add_56
[2026-01-15 09:35:57]       call_function   | mul_101                             | <built-in function mul>
[2026-01-15 09:35:57]        args: (%to_38, %rsqrt_18
[2026-01-15 09:35:57]       get_attr        | model_layers_9_input_layernorm_weight | model.layers.9.input_layernorm.weight
[2026-01-15 09:35:57]        args: (
[2026-01-15 09:35:57]       call_function   | getattr_40                          | <built-in function getattr>
[2026-01-15 09:35:57]        args: (%add_55, dtype
[2026-01-15 09:35:57]       call_method     | to_39                               | to
[2026-01-15 09:35:57]        args: (%mul_101, %getattr_40
[2026-01-15 09:35:57]       call_function   | mul_102                             | <built-in function mul>
[2026-01-15 09:35:57]        args: (%model_layers_9_input_layernorm_weight, %to_39
[2026-01-15 09:35:57]       call_method     | size_67                             | size
[2026-01-15 09:35:57]        args: (%mul_102
[2026-01-15 09:35:57]       call_function   | getitem_195                         | <built-in function getitem>
[2026-01-15 09:35:57]        args: (%size_67, 0
[2026-01-15 09:35:57]       call_function   | getitem_196                         | <built-in function getitem>
[2026-01-15 09:35:57]        args: (%size_67, 1
[2026-01-15 09:35:57]       call_function   | getitem_197                         | <built-in function getitem>
[2026-01-15 09:35:57]        args: (%size_67, 2
[2026-01-15 09:35:57] [ 73] call_module     | model_layers_9_self_attn_q_proj     | model.layers.9.self_attn.q_proj
[2026-01-15 09:35:57]        args: (%mul_102
[2026-01-15 09:35:57] [ 74] call_module     | model_layers_9_self_attn_k_proj     | model.layers.9.self_attn.k_proj
[2026-01-15 09:35:57]        args: (%mul_102
[2026-01-15 09:35:57] [ 75] call_module     | model_layers_9_self_attn_v_proj     | model.layers.9.self_attn.v_proj
[2026-01-15 09:35:57]        args: (%mul_102
[2026-01-15 09:35:57]       call_method     | view_36                             | view
[2026-01-15 09:35:57]        args: (%model_layers_9_self_attn_q_proj, %getitem_195, %getitem_196, 32, 64
[2026-01-15 09:35:57]       call_method     | transpose_37                        | transpose
[2026-01-15 09:35:57]        args: (%view_36, 1, 2
[2026-01-15 09:35:57]       call_method     | view_37                             | view
[2026-01-15 09:35:57]        args: (%model_layers_9_self_attn_k_proj, %getitem_195, %getitem_196, 8, 64
[2026-01-15 09:35:57]       call_method     | transpose_38                        | transpose
[2026-01-15 09:35:57]        args: (%view_37, 1, 2
[2026-01-15 09:35:57]       call_method     | view_38                             | view
[2026-01-15 09:35:57]        args: (%model_layers_9_self_attn_v_proj, %getitem_195, %getitem_196, 8, 64
[2026-01-15 09:35:57]       call_method     | transpose_39                        | transpose
[2026-01-15 09:35:57]        args: (%view_38, 1, 2
[2026-01-15 09:35:57]       call_method     | unsqueeze_19                        | unsqueeze
[2026-01-15 09:35:57]        args: (%to, 1
[2026-01-15 09:35:57]       call_method     | unsqueeze_20                        | unsqueeze
[2026-01-15 09:35:57]        args: (%to_1, 1
[2026-01-15 09:35:57]       call_function   | mul_103                             | <built-in function mul>
[2026-01-15 09:35:57]        args: (%transpose_37, %unsqueeze_19
[2026-01-15 09:35:57]       call_method     | size_68                             | size
[2026-01-15 09:35:57]        args: (%transpose_37
[2026-01-15 09:35:57]       call_function   | getitem_198                         | <built-in function getitem>
[2026-01-15 09:35:57]        args: (%size_68, -1
[2026-01-15 09:35:57]       call_function   | floordiv_36                         | <built-in function floordiv>
[2026-01-15 09:35:57]        args: (%getitem_198, 2
[2026-01-15 09:35:57]       call_function   | getitem_199                         | <built-in function getitem>
[2026-01-15 09:35:57]        args: (%transpose_37, (Ellipsis, slice(None, floordi
[2026-01-15 09:35:57]       call_method     | size_69                             | size
[2026-01-15 09:35:57]        args: (%transpose_37
[2026-01-15 09:35:57]       call_function   | getitem_200                         | <built-in function getitem>
[2026-01-15 09:35:57]        args: (%size_69, -1
[2026-01-15 09:35:57]       call_function   | floordiv_37                         | <built-in function floordiv>
[2026-01-15 09:35:57]        args: (%getitem_200, 2
[2026-01-15 09:35:57]       call_function   | getitem_201                         | <built-in function getitem>
[2026-01-15 09:35:57]        args: (%transpose_37, (Ellipsis, slice(floordiv_37, 
[2026-01-15 09:35:57]       call_function   | neg_18                              | <built-in function neg>
[2026-01-15 09:35:57]        args: (%getitem_201
[2026-01-15 09:35:57]       call_function   | cat_19                              | <built-in method cat of type object at 0x7f607045f240>
[2026-01-15 09:35:57]        args: ((neg_18, getitem_199)
[2026-01-15 09:35:57]       call_function   | mul_104                             | <built-in function mul>
[2026-01-15 09:35:57]        args: (%cat_19, %unsqueeze_20
[2026-01-15 09:35:57]       call_function   | add_57                              | <built-in function add>
[2026-01-15 09:35:57]        args: (%mul_103, %mul_104
[2026-01-15 09:35:57]       call_function   | mul_105                             | <built-in function mul>
[2026-01-15 09:35:57]        args: (%transpose_38, %unsqueeze_19
[2026-01-15 09:35:57]       call_method     | size_70                             | size
[2026-01-15 09:35:57]        args: (%transpose_38
[2026-01-15 09:35:57]       call_function   | getitem_202                         | <built-in function getitem>
[2026-01-15 09:35:57]        args: (%size_70, -1
[2026-01-15 09:35:57]       call_function   | floordiv_38                         | <built-in function floordiv>
[2026-01-15 09:35:57]        args: (%getitem_202, 2
[2026-01-15 09:35:57]       call_function   | getitem_203                         | <built-in function getitem>
[2026-01-15 09:35:57]        args: (%transpose_38, (Ellipsis, slice(None, floordi
[2026-01-15 09:35:57]       call_method     | size_71                             | size
[2026-01-15 09:35:57]        args: (%transpose_38
[2026-01-15 09:35:57]       call_function   | getitem_204                         | <built-in function getitem>
[2026-01-15 09:35:57]        args: (%size_71, -1
[2026-01-15 09:35:57]       call_function   | floordiv_39                         | <built-in function floordiv>
[2026-01-15 09:35:57]        args: (%getitem_204, 2
[2026-01-15 09:35:57]       call_function   | getitem_205                         | <built-in function getitem>
[2026-01-15 09:35:57]        args: (%transpose_38, (Ellipsis, slice(floordiv_39, 
[2026-01-15 09:35:57]       call_function   | neg_19                              | <built-in function neg>
[2026-01-15 09:35:57]        args: (%getitem_205
[2026-01-15 09:35:57]       call_function   | cat_20                              | <built-in method cat of type object at 0x7f607045f240>
[2026-01-15 09:35:57]        args: ((neg_19, getitem_203)
[2026-01-15 09:35:57]       call_function   | mul_106                             | <built-in function mul>
[2026-01-15 09:35:57]        args: (%cat_20, %unsqueeze_20
[2026-01-15 09:35:57]       call_function   | add_58                              | <built-in function add>
[2026-01-15 09:35:57]        args: (%mul_105, %mul_106
[2026-01-15 09:35:57]       call_method     | size_72                             | size
[2026-01-15 09:35:57]        args: (%add_58
[2026-01-15 09:35:57]       call_function   | getitem_206                         | <built-in function getitem>
[2026-01-15 09:35:57]        args: (%size_72, 0
[2026-01-15 09:35:57]       call_function   | getitem_207                         | <built-in function getitem>
[2026-01-15 09:35:57]        args: (%size_72, 1
[2026-01-15 09:35:57]       call_function   | getitem_208                         | <built-in function getitem>
[2026-01-15 09:35:57]        args: (%size_72, 2
[2026-01-15 09:35:57]       call_function   | getitem_209                         | <built-in function getitem>
[2026-01-15 09:35:57]        args: (%size_72, 3
[2026-01-15 09:35:57]       call_function   | getitem_210                         | <built-in function getitem>
[2026-01-15 09:35:57]        args: (%add_58, (slice(None, None, None), slic
[2026-01-15 09:35:57]       call_method     | expand_19                           | expand
[2026-01-15 09:35:57]        args: (%getitem_210, %getitem_206, %getitem_207, 4, %getitem_208, %getitem_209
[2026-01-15 09:35:57]       call_function   | mul_107                             | <built-in function mul>
[2026-01-15 09:35:57]        args: (%getitem_207, 4
[2026-01-15 09:35:57]       call_method     | reshape_18                          | reshape
[2026-01-15 09:35:57]        args: (%expand_19, %getitem_206, %mul_107, %getitem_208, %getitem_209
[2026-01-15 09:35:57]       call_method     | size_73                             | size
[2026-01-15 09:35:57]        args: (%transpose_39
[2026-01-15 09:35:57]       call_function   | getitem_211                         | <built-in function getitem>
[2026-01-15 09:35:57]        args: (%size_73, 0
[2026-01-15 09:35:57]       call_function   | getitem_212                         | <built-in function getitem>
[2026-01-15 09:35:57]        args: (%size_73, 1
[2026-01-15 09:35:57]       call_function   | getitem_213                         | <built-in function getitem>
[2026-01-15 09:35:57]        args: (%size_73, 2
[2026-01-15 09:35:57]       call_function   | getitem_214                         | <built-in function getitem>
[2026-01-15 09:35:57]        args: (%size_73, 3
[2026-01-15 09:35:57]       call_function   | getitem_215                         | <built-in function getitem>
[2026-01-15 09:35:57]        args: (%transpose_39, (slice(None, None, None), slic
[2026-01-15 09:35:57]       call_method     | expand_20                           | expand
[2026-01-15 09:35:57]        args: (%getitem_215, %getitem_211, %getitem_212, 4, %getitem_213, %getitem_214
[2026-01-15 09:35:57]       call_function   | mul_108                             | <built-in function mul>
[2026-01-15 09:35:57]        args: (%getitem_212, 4
[2026-01-15 09:35:57]       call_method     | reshape_19                          | reshape
[2026-01-15 09:35:57]        args: (%expand_20, %getitem_211, %mul_108, %getitem_213, %getitem_214
[2026-01-15 09:35:57]       call_function   | getattr_41                          | <built-in function getattr>
[2026-01-15 09:35:57]        args: (%add_57, device
[2026-01-15 09:35:57]       call_function   | getattr_42                          | <built-in function getattr>
[2026-01-15 09:35:57]        args: (%getattr_41, type
[2026-01-15 09:35:57]       call_function   | eq_12                               | <built-in function eq>
[2026-01-15 09:35:57]        args: (%getattr_42, cuda
[2026-01-15 09:35:57]       call_function   | gt_9                                | <built-in function gt>
[2026-01-15 09:35:57]        args: (%getitem_196, 1
[2026-01-15 09:35:57]       call_function   | scaled_dot_product_attention_9      | <built-in function scaled_dot_product_attention>
[2026-01-15 09:35:57]        args: (%add_57, %reshape_18, %reshape_19
[2026-01-15 09:35:57]       call_method     | transpose_40                        | transpose
[2026-01-15 09:35:57]        args: (%scaled_dot_product_attention_9, 1, 2
[2026-01-15 09:35:57]       call_method     | contiguous_9                        | contiguous
[2026-01-15 09:35:57]        args: (%transpose_40
[2026-01-15 09:35:57]       call_method     | view_39                             | view
[2026-01-15 09:35:57]        args: (%contiguous_9, %getitem_195, %getitem_196, -1
[2026-01-15 09:35:57] [ 76] call_module     | model_layers_9_self_attn_o_proj     | model.layers.9.self_attn.o_proj
[2026-01-15 09:35:57]        args: (%view_39
[2026-01-15 09:35:57]       call_function   | add_59                              | <built-in function add>
[2026-01-15 09:35:57]        args: (%add_55, %model_layers_9_self_attn_o_proj
[2026-01-15 09:35:57]       call_method     | to_40                               | to
[2026-01-15 09:35:57]        args: (%add_59, torch.float32
[2026-01-15 09:35:57]       call_method     | pow_20                              | pow
[2026-01-15 09:35:57]        args: (%to_40, 2
[2026-01-15 09:35:57]       call_method     | mean_19                             | mean
[2026-01-15 09:35:57]        args: (%pow_20, -1
[2026-01-15 09:35:57]       call_function   | add_60                              | <built-in function add>
[2026-01-15 09:35:57]        args: (%mean_19, 1e-05
[2026-01-15 09:35:57]       call_function   | rsqrt_19                            | <built-in method rsqrt of type object at 0x7f607045f240>
[2026-01-15 09:35:57]        args: (%add_60
[2026-01-15 09:35:57]       call_function   | mul_109                             | <built-in function mul>
[2026-01-15 09:35:57]        args: (%to_40, %rsqrt_19
[2026-01-15 09:35:57]       get_attr        | model_layers_9_post_attention_layernorm_weight | model.layers.9.post_attention_layernorm.weight
[2026-01-15 09:35:57]        args: (
[2026-01-15 09:35:57]       call_function   | getattr_43                          | <built-in function getattr>
[2026-01-15 09:35:57]        args: (%add_59, dtype
[2026-01-15 09:35:57]       call_method     | to_41                               | to
[2026-01-15 09:35:57]        args: (%mul_109, %getattr_43
[2026-01-15 09:35:57]       call_function   | mul_110                             | <built-in function mul>
[2026-01-15 09:35:57]        args: (%model_layers_9_post_attention_layernorm_weight, %to_41
[2026-01-15 09:35:57] [ 77] call_module     | model_layers_9_mlp_gate_proj        | model.layers.9.mlp.gate_proj
[2026-01-15 09:35:57]        args: (%mul_110
[2026-01-15 09:35:57] [ 78] call_module     | model_layers_9_mlp_act_fn           | model.layers.9.mlp.act_fn
[2026-01-15 09:35:57]        args: (%model_layers_9_mlp_gate_proj
[2026-01-15 09:35:57] [ 79] call_module     | model_layers_9_mlp_up_proj          | model.layers.9.mlp.up_proj
[2026-01-15 09:35:57]        args: (%mul_110
[2026-01-15 09:35:57]       call_function   | mul_111                             | <built-in function mul>
[2026-01-15 09:35:57]        args: (%model_layers_9_mlp_act_fn, %model_layers_9_mlp_up_proj
[2026-01-15 09:35:57] [ 80] call_module     | model_layers_9_mlp_down_proj        | model.layers.9.mlp.down_proj
[2026-01-15 09:35:57]        args: (%mul_111
[2026-01-15 09:35:57]       call_function   | add_61                              | <built-in function add>
[2026-01-15 09:35:57]        args: (%add_59, %model_layers_9_mlp_down_proj
[2026-01-15 09:35:57]       call_method     | to_42                               | to
[2026-01-15 09:35:57]        args: (%add_61, torch.float32
[2026-01-15 09:35:57]       call_method     | pow_21                              | pow
[2026-01-15 09:35:57]        args: (%to_42, 2
[2026-01-15 09:35:57]       call_method     | mean_20                             | mean
[2026-01-15 09:35:57]        args: (%pow_21, -1
[2026-01-15 09:35:57]       call_function   | add_62                              | <built-in function add>
[2026-01-15 09:35:57]        args: (%mean_20, 1e-05
[2026-01-15 09:35:57]       call_function   | rsqrt_20                            | <built-in method rsqrt of type object at 0x7f607045f240>
[2026-01-15 09:35:57]        args: (%add_62
[2026-01-15 09:35:57]       call_function   | mul_112                             | <built-in function mul>
[2026-01-15 09:35:57]        args: (%to_42, %rsqrt_20
[2026-01-15 09:35:57]       get_attr        | model_layers_10_input_layernorm_weight | model.layers.10.input_layernorm.weight
[2026-01-15 09:35:57]        args: (
[2026-01-15 09:35:57]       call_function   | getattr_44                          | <built-in function getattr>
[2026-01-15 09:35:57]        args: (%add_61, dtype
[2026-01-15 09:35:57]       call_method     | to_43                               | to
[2026-01-15 09:35:57]        args: (%mul_112, %getattr_44
[2026-01-15 09:35:57]       call_function   | mul_113                             | <built-in function mul>
[2026-01-15 09:35:57]        args: (%model_layers_10_input_layernorm_weight, %to_43
[2026-01-15 09:35:57]       call_method     | size_74                             | size
[2026-01-15 09:35:57]        args: (%mul_113
[2026-01-15 09:35:57]       call_function   | getitem_216                         | <built-in function getitem>
[2026-01-15 09:35:57]        args: (%size_74, 0
[2026-01-15 09:35:57]       call_function   | getitem_217                         | <built-in function getitem>
[2026-01-15 09:35:57]        args: (%size_74, 1
[2026-01-15 09:35:57]       call_function   | getitem_218                         | <built-in function getitem>
[2026-01-15 09:35:57]        args: (%size_74, 2
[2026-01-15 09:35:57] [ 81] call_module     | model_layers_10_self_attn_q_proj    | model.layers.10.self_attn.q_proj
[2026-01-15 09:35:57]        args: (%mul_113
[2026-01-15 09:35:57] [ 82] call_module     | model_layers_10_self_attn_k_proj    | model.layers.10.self_attn.k_proj
[2026-01-15 09:35:57]        args: (%mul_113
[2026-01-15 09:35:57] [ 83] call_module     | model_layers_10_self_attn_v_proj    | model.layers.10.self_attn.v_proj
[2026-01-15 09:35:57]        args: (%mul_113
[2026-01-15 09:35:57]       call_method     | view_40                             | view
[2026-01-15 09:35:57]        args: (%model_layers_10_self_attn_q_proj, %getitem_216, %getitem_217, 32, 64
[2026-01-15 09:35:57]       call_method     | transpose_41                        | transpose
[2026-01-15 09:35:57]        args: (%view_40, 1, 2
[2026-01-15 09:35:57]       call_method     | view_41                             | view
[2026-01-15 09:35:57]        args: (%model_layers_10_self_attn_k_proj, %getitem_216, %getitem_217, 8, 64
[2026-01-15 09:35:57]       call_method     | transpose_42                        | transpose
[2026-01-15 09:35:57]        args: (%view_41, 1, 2
[2026-01-15 09:35:57]       call_method     | view_42                             | view
[2026-01-15 09:35:57]        args: (%model_layers_10_self_attn_v_proj, %getitem_216, %getitem_217, 8, 64
[2026-01-15 09:35:57]       call_method     | transpose_43                        | transpose
[2026-01-15 09:35:57]        args: (%view_42, 1, 2
[2026-01-15 09:35:57]       call_method     | unsqueeze_21                        | unsqueeze
[2026-01-15 09:35:57]        args: (%to, 1
[2026-01-15 09:35:57]       call_method     | unsqueeze_22                        | unsqueeze
[2026-01-15 09:35:57]        args: (%to_1, 1
[2026-01-15 09:35:57]       call_function   | mul_114                             | <built-in function mul>
[2026-01-15 09:35:57]        args: (%transpose_41, %unsqueeze_21
[2026-01-15 09:35:57]       call_method     | size_75                             | size
[2026-01-15 09:35:57]        args: (%transpose_41
[2026-01-15 09:35:57]       call_function   | getitem_219                         | <built-in function getitem>
[2026-01-15 09:35:57]        args: (%size_75, -1
[2026-01-15 09:35:57]       call_function   | floordiv_40                         | <built-in function floordiv>
[2026-01-15 09:35:57]        args: (%getitem_219, 2
[2026-01-15 09:35:57]       call_function   | getitem_220                         | <built-in function getitem>
[2026-01-15 09:35:57]        args: (%transpose_41, (Ellipsis, slice(None, floordi
[2026-01-15 09:35:57]       call_method     | size_76                             | size
[2026-01-15 09:35:57]        args: (%transpose_41
[2026-01-15 09:35:57]       call_function   | getitem_221                         | <built-in function getitem>
[2026-01-15 09:35:57]        args: (%size_76, -1
[2026-01-15 09:35:57]       call_function   | floordiv_41                         | <built-in function floordiv>
[2026-01-15 09:35:57]        args: (%getitem_221, 2
[2026-01-15 09:35:57]       call_function   | getitem_222                         | <built-in function getitem>
[2026-01-15 09:35:57]        args: (%transpose_41, (Ellipsis, slice(floordiv_41, 
[2026-01-15 09:35:57]       call_function   | neg_20                              | <built-in function neg>
[2026-01-15 09:35:57]        args: (%getitem_222
[2026-01-15 09:35:57]       call_function   | cat_21                              | <built-in method cat of type object at 0x7f607045f240>
[2026-01-15 09:35:57]        args: ((neg_20, getitem_220)
[2026-01-15 09:35:57]       call_function   | mul_115                             | <built-in function mul>
[2026-01-15 09:35:57]        args: (%cat_21, %unsqueeze_22
[2026-01-15 09:35:57]       call_function   | add_63                              | <built-in function add>
[2026-01-15 09:35:57]        args: (%mul_114, %mul_115
[2026-01-15 09:35:57]       call_function   | mul_116                             | <built-in function mul>
[2026-01-15 09:35:57]        args: (%transpose_42, %unsqueeze_21
[2026-01-15 09:35:57]       call_method     | size_77                             | size
[2026-01-15 09:35:57]        args: (%transpose_42
[2026-01-15 09:35:57]       call_function   | getitem_223                         | <built-in function getitem>
[2026-01-15 09:35:57]        args: (%size_77, -1
[2026-01-15 09:35:57]       call_function   | floordiv_42                         | <built-in function floordiv>
[2026-01-15 09:35:57]        args: (%getitem_223, 2
[2026-01-15 09:35:57]       call_function   | getitem_224                         | <built-in function getitem>
[2026-01-15 09:35:57]        args: (%transpose_42, (Ellipsis, slice(None, floordi
[2026-01-15 09:35:57]       call_method     | size_78                             | size
[2026-01-15 09:35:57]        args: (%transpose_42
[2026-01-15 09:35:57]       call_function   | getitem_225                         | <built-in function getitem>
[2026-01-15 09:35:57]        args: (%size_78, -1
[2026-01-15 09:35:57]       call_function   | floordiv_43                         | <built-in function floordiv>
[2026-01-15 09:35:57]        args: (%getitem_225, 2
[2026-01-15 09:35:57]       call_function   | getitem_226                         | <built-in function getitem>
[2026-01-15 09:35:57]        args: (%transpose_42, (Ellipsis, slice(floordiv_43, 
[2026-01-15 09:35:57]       call_function   | neg_21                              | <built-in function neg>
[2026-01-15 09:35:57]        args: (%getitem_226
[2026-01-15 09:35:57]       call_function   | cat_22                              | <built-in method cat of type object at 0x7f607045f240>
[2026-01-15 09:35:57]        args: ((neg_21, getitem_224)
[2026-01-15 09:35:57]       call_function   | mul_117                             | <built-in function mul>
[2026-01-15 09:35:57]        args: (%cat_22, %unsqueeze_22
[2026-01-15 09:35:57]       call_function   | add_64                              | <built-in function add>
[2026-01-15 09:35:57]        args: (%mul_116, %mul_117
[2026-01-15 09:35:57]       call_method     | size_79                             | size
[2026-01-15 09:35:57]        args: (%add_64
[2026-01-15 09:35:57]       call_function   | getitem_227                         | <built-in function getitem>
[2026-01-15 09:35:57]        args: (%size_79, 0
[2026-01-15 09:35:57]       call_function   | getitem_228                         | <built-in function getitem>
[2026-01-15 09:35:57]        args: (%size_79, 1
[2026-01-15 09:35:57]       call_function   | getitem_229                         | <built-in function getitem>
[2026-01-15 09:35:57]        args: (%size_79, 2
[2026-01-15 09:35:57]       call_function   | getitem_230                         | <built-in function getitem>
[2026-01-15 09:35:57]        args: (%size_79, 3
[2026-01-15 09:35:57]       call_function   | getitem_231                         | <built-in function getitem>
[2026-01-15 09:35:57]        args: (%add_64, (slice(None, None, None), slic
[2026-01-15 09:35:57]       call_method     | expand_21                           | expand
[2026-01-15 09:35:57]        args: (%getitem_231, %getitem_227, %getitem_228, 4, %getitem_229, %getitem_230
[2026-01-15 09:35:57]       call_function   | mul_118                             | <built-in function mul>
[2026-01-15 09:35:57]        args: (%getitem_228, 4
[2026-01-15 09:35:57]       call_method     | reshape_20                          | reshape
[2026-01-15 09:35:57]        args: (%expand_21, %getitem_227, %mul_118, %getitem_229, %getitem_230
[2026-01-15 09:35:57]       call_method     | size_80                             | size
[2026-01-15 09:35:57]        args: (%transpose_43
[2026-01-15 09:35:57]       call_function   | getitem_232                         | <built-in function getitem>
[2026-01-15 09:35:57]        args: (%size_80, 0
[2026-01-15 09:35:57]       call_function   | getitem_233                         | <built-in function getitem>
[2026-01-15 09:35:57]        args: (%size_80, 1
[2026-01-15 09:35:57]       call_function   | getitem_234                         | <built-in function getitem>
[2026-01-15 09:35:57]        args: (%size_80, 2
[2026-01-15 09:35:57]       call_function   | getitem_235                         | <built-in function getitem>
[2026-01-15 09:35:57]        args: (%size_80, 3
[2026-01-15 09:35:57]       call_function   | getitem_236                         | <built-in function getitem>
[2026-01-15 09:35:57]        args: (%transpose_43, (slice(None, None, None), slic
[2026-01-15 09:35:57]       call_method     | expand_22                           | expand
[2026-01-15 09:35:57]        args: (%getitem_236, %getitem_232, %getitem_233, 4, %getitem_234, %getitem_235
[2026-01-15 09:35:57]       call_function   | mul_119                             | <built-in function mul>
[2026-01-15 09:35:57]        args: (%getitem_233, 4
[2026-01-15 09:35:57]       call_method     | reshape_21                          | reshape
[2026-01-15 09:35:57]        args: (%expand_22, %getitem_232, %mul_119, %getitem_234, %getitem_235
[2026-01-15 09:35:57]       call_function   | getattr_45                          | <built-in function getattr>
[2026-01-15 09:35:57]        args: (%add_63, device
[2026-01-15 09:35:57]       call_function   | getattr_46                          | <built-in function getattr>
[2026-01-15 09:35:57]        args: (%getattr_45, type
[2026-01-15 09:35:57]       call_function   | eq_13                               | <built-in function eq>
[2026-01-15 09:35:57]        args: (%getattr_46, cuda
[2026-01-15 09:35:57]       call_function   | gt_10                               | <built-in function gt>
[2026-01-15 09:35:57]        args: (%getitem_217, 1
[2026-01-15 09:35:57]       call_function   | scaled_dot_product_attention_10     | <built-in function scaled_dot_product_attention>
[2026-01-15 09:35:57]        args: (%add_63, %reshape_20, %reshape_21
[2026-01-15 09:35:57]       call_method     | transpose_44                        | transpose
[2026-01-15 09:35:57]        args: (%scaled_dot_product_attention_10, 1, 2
[2026-01-15 09:35:57]       call_method     | contiguous_10                       | contiguous
[2026-01-15 09:35:57]        args: (%transpose_44
[2026-01-15 09:35:57]       call_method     | view_43                             | view
[2026-01-15 09:35:57]        args: (%contiguous_10, %getitem_216, %getitem_217, -1
[2026-01-15 09:35:57] [ 84] call_module     | model_layers_10_self_attn_o_proj    | model.layers.10.self_attn.o_proj
[2026-01-15 09:35:57]        args: (%view_43
[2026-01-15 09:35:57]       call_function   | add_65                              | <built-in function add>
[2026-01-15 09:35:57]        args: (%add_61, %model_layers_10_self_attn_o_proj
[2026-01-15 09:35:57]       call_method     | to_44                               | to
[2026-01-15 09:35:57]        args: (%add_65, torch.float32
[2026-01-15 09:35:57]       call_method     | pow_22                              | pow
[2026-01-15 09:35:57]        args: (%to_44, 2
[2026-01-15 09:35:57]       call_method     | mean_21                             | mean
[2026-01-15 09:35:57]        args: (%pow_22, -1
[2026-01-15 09:35:57]       call_function   | add_66                              | <built-in function add>
[2026-01-15 09:35:57]        args: (%mean_21, 1e-05
[2026-01-15 09:35:57]       call_function   | rsqrt_21                            | <built-in method rsqrt of type object at 0x7f607045f240>
[2026-01-15 09:35:57]        args: (%add_66
[2026-01-15 09:35:57]       call_function   | mul_120                             | <built-in function mul>
[2026-01-15 09:35:57]        args: (%to_44, %rsqrt_21
[2026-01-15 09:35:57]       get_attr        | model_layers_10_post_attention_layernorm_weight | model.layers.10.post_attention_layernorm.weight
[2026-01-15 09:35:57]        args: (
[2026-01-15 09:35:57]       call_function   | getattr_47                          | <built-in function getattr>
[2026-01-15 09:35:57]        args: (%add_65, dtype
[2026-01-15 09:35:57]       call_method     | to_45                               | to
[2026-01-15 09:35:57]        args: (%mul_120, %getattr_47
[2026-01-15 09:35:57]       call_function   | mul_121                             | <built-in function mul>
[2026-01-15 09:35:57]        args: (%model_layers_10_post_attention_layernorm_weight, %to_45
[2026-01-15 09:35:57] [ 85] call_module     | model_layers_10_mlp_gate_proj       | model.layers.10.mlp.gate_proj
[2026-01-15 09:35:57]        args: (%mul_121
[2026-01-15 09:35:57] [ 86] call_module     | model_layers_10_mlp_act_fn          | model.layers.10.mlp.act_fn
[2026-01-15 09:35:57]        args: (%model_layers_10_mlp_gate_proj
[2026-01-15 09:35:57] [ 87] call_module     | model_layers_10_mlp_up_proj         | model.layers.10.mlp.up_proj
[2026-01-15 09:35:57]        args: (%mul_121
[2026-01-15 09:35:57]       call_function   | mul_122                             | <built-in function mul>
[2026-01-15 09:35:57]        args: (%model_layers_10_mlp_act_fn, %model_layers_10_mlp_up_proj
[2026-01-15 09:35:57] [ 88] call_module     | model_layers_10_mlp_down_proj       | model.layers.10.mlp.down_proj
[2026-01-15 09:35:57]        args: (%mul_122
[2026-01-15 09:35:57]       call_function   | add_67                              | <built-in function add>
[2026-01-15 09:35:57]        args: (%add_65, %model_layers_10_mlp_down_proj
[2026-01-15 09:35:57]       call_method     | to_46                               | to
[2026-01-15 09:35:57]        args: (%add_67, torch.float32
[2026-01-15 09:35:57]       call_method     | pow_23                              | pow
[2026-01-15 09:35:57]        args: (%to_46, 2
[2026-01-15 09:35:57]       call_method     | mean_22                             | mean
[2026-01-15 09:35:57]        args: (%pow_23, -1
[2026-01-15 09:35:57]       call_function   | add_68                              | <built-in function add>
[2026-01-15 09:35:57]        args: (%mean_22, 1e-05
[2026-01-15 09:35:57]       call_function   | rsqrt_22                            | <built-in method rsqrt of type object at 0x7f607045f240>
[2026-01-15 09:35:57]        args: (%add_68
[2026-01-15 09:35:57]       call_function   | mul_123                             | <built-in function mul>
[2026-01-15 09:35:57]        args: (%to_46, %rsqrt_22
[2026-01-15 09:35:57]       get_attr        | model_layers_11_input_layernorm_weight | model.layers.11.input_layernorm.weight
[2026-01-15 09:35:57]        args: (
[2026-01-15 09:35:57]       call_function   | getattr_48                          | <built-in function getattr>
[2026-01-15 09:35:57]        args: (%add_67, dtype
[2026-01-15 09:35:57]       call_method     | to_47                               | to
[2026-01-15 09:35:57]        args: (%mul_123, %getattr_48
[2026-01-15 09:35:57]       call_function   | mul_124                             | <built-in function mul>
[2026-01-15 09:35:57]        args: (%model_layers_11_input_layernorm_weight, %to_47
[2026-01-15 09:35:57]       call_method     | size_81                             | size
[2026-01-15 09:35:57]        args: (%mul_124
[2026-01-15 09:35:57]       call_function   | getitem_237                         | <built-in function getitem>
[2026-01-15 09:35:57]        args: (%size_81, 0
[2026-01-15 09:35:57]       call_function   | getitem_238                         | <built-in function getitem>
[2026-01-15 09:35:57]        args: (%size_81, 1
[2026-01-15 09:35:57]       call_function   | getitem_239                         | <built-in function getitem>
[2026-01-15 09:35:57]        args: (%size_81, 2
[2026-01-15 09:35:57] [ 89] call_module     | model_layers_11_self_attn_q_proj    | model.layers.11.self_attn.q_proj
[2026-01-15 09:35:57]        args: (%mul_124
[2026-01-15 09:35:57] [ 90] call_module     | model_layers_11_self_attn_k_proj    | model.layers.11.self_attn.k_proj
[2026-01-15 09:35:57]        args: (%mul_124
[2026-01-15 09:35:57] [ 91] call_module     | model_layers_11_self_attn_v_proj    | model.layers.11.self_attn.v_proj
[2026-01-15 09:35:57]        args: (%mul_124
[2026-01-15 09:35:57]       call_method     | view_44                             | view
[2026-01-15 09:35:57]        args: (%model_layers_11_self_attn_q_proj, %getitem_237, %getitem_238, 32, 64
[2026-01-15 09:35:57]       call_method     | transpose_45                        | transpose
[2026-01-15 09:35:57]        args: (%view_44, 1, 2
[2026-01-15 09:35:57]       call_method     | view_45                             | view
[2026-01-15 09:35:57]        args: (%model_layers_11_self_attn_k_proj, %getitem_237, %getitem_238, 8, 64
[2026-01-15 09:35:57]       call_method     | transpose_46                        | transpose
[2026-01-15 09:35:57]        args: (%view_45, 1, 2
[2026-01-15 09:35:57]       call_method     | view_46                             | view
[2026-01-15 09:35:57]        args: (%model_layers_11_self_attn_v_proj, %getitem_237, %getitem_238, 8, 64
[2026-01-15 09:35:57]       call_method     | transpose_47                        | transpose
[2026-01-15 09:35:57]        args: (%view_46, 1, 2
[2026-01-15 09:35:57]       call_method     | unsqueeze_23                        | unsqueeze
[2026-01-15 09:35:57]        args: (%to, 1
[2026-01-15 09:35:57]       call_method     | unsqueeze_24                        | unsqueeze
[2026-01-15 09:35:57]        args: (%to_1, 1
[2026-01-15 09:35:57]       call_function   | mul_125                             | <built-in function mul>
[2026-01-15 09:35:57]        args: (%transpose_45, %unsqueeze_23
[2026-01-15 09:35:57]       call_method     | size_82                             | size
[2026-01-15 09:35:57]        args: (%transpose_45
[2026-01-15 09:35:57]       call_function   | getitem_240                         | <built-in function getitem>
[2026-01-15 09:35:57]        args: (%size_82, -1
[2026-01-15 09:35:57]       call_function   | floordiv_44                         | <built-in function floordiv>
[2026-01-15 09:35:57]        args: (%getitem_240, 2
[2026-01-15 09:35:57]       call_function   | getitem_241                         | <built-in function getitem>
[2026-01-15 09:35:57]        args: (%transpose_45, (Ellipsis, slice(None, floordi
[2026-01-15 09:35:57]       call_method     | size_83                             | size
[2026-01-15 09:35:57]        args: (%transpose_45
[2026-01-15 09:35:57]       call_function   | getitem_242                         | <built-in function getitem>
[2026-01-15 09:35:57]        args: (%size_83, -1
[2026-01-15 09:35:57]       call_function   | floordiv_45                         | <built-in function floordiv>
[2026-01-15 09:35:57]        args: (%getitem_242, 2
[2026-01-15 09:35:57]       call_function   | getitem_243                         | <built-in function getitem>
[2026-01-15 09:35:57]        args: (%transpose_45, (Ellipsis, slice(floordiv_45, 
[2026-01-15 09:35:57]       call_function   | neg_22                              | <built-in function neg>
[2026-01-15 09:35:57]        args: (%getitem_243
[2026-01-15 09:35:57]       call_function   | cat_23                              | <built-in method cat of type object at 0x7f607045f240>
[2026-01-15 09:35:57]        args: ((neg_22, getitem_241)
[2026-01-15 09:35:57]       call_function   | mul_126                             | <built-in function mul>
[2026-01-15 09:35:57]        args: (%cat_23, %unsqueeze_24
[2026-01-15 09:35:57]       call_function   | add_69                              | <built-in function add>
[2026-01-15 09:35:57]        args: (%mul_125, %mul_126
[2026-01-15 09:35:57]       call_function   | mul_127                             | <built-in function mul>
[2026-01-15 09:35:57]        args: (%transpose_46, %unsqueeze_23
[2026-01-15 09:35:57]       call_method     | size_84                             | size
[2026-01-15 09:35:57]        args: (%transpose_46
[2026-01-15 09:35:57]       call_function   | getitem_244                         | <built-in function getitem>
[2026-01-15 09:35:57]        args: (%size_84, -1
[2026-01-15 09:35:57]       call_function   | floordiv_46                         | <built-in function floordiv>
[2026-01-15 09:35:57]        args: (%getitem_244, 2
[2026-01-15 09:35:57]       call_function   | getitem_245                         | <built-in function getitem>
[2026-01-15 09:35:57]        args: (%transpose_46, (Ellipsis, slice(None, floordi
[2026-01-15 09:35:57]       call_method     | size_85                             | size
[2026-01-15 09:35:57]        args: (%transpose_46
[2026-01-15 09:35:57]       call_function   | getitem_246                         | <built-in function getitem>
[2026-01-15 09:35:57]        args: (%size_85, -1
[2026-01-15 09:35:57]       call_function   | floordiv_47                         | <built-in function floordiv>
[2026-01-15 09:35:57]        args: (%getitem_246, 2
[2026-01-15 09:35:57]       call_function   | getitem_247                         | <built-in function getitem>
[2026-01-15 09:35:57]        args: (%transpose_46, (Ellipsis, slice(floordiv_47, 
[2026-01-15 09:35:57]       call_function   | neg_23                              | <built-in function neg>
[2026-01-15 09:35:57]        args: (%getitem_247
[2026-01-15 09:35:57]       call_function   | cat_24                              | <built-in method cat of type object at 0x7f607045f240>
[2026-01-15 09:35:57]        args: ((neg_23, getitem_245)
[2026-01-15 09:35:57]       call_function   | mul_128                             | <built-in function mul>
[2026-01-15 09:35:57]        args: (%cat_24, %unsqueeze_24
[2026-01-15 09:35:57]       call_function   | add_70                              | <built-in function add>
[2026-01-15 09:35:57]        args: (%mul_127, %mul_128
[2026-01-15 09:35:57]       call_method     | size_86                             | size
[2026-01-15 09:35:57]        args: (%add_70
[2026-01-15 09:35:57]       call_function   | getitem_248                         | <built-in function getitem>
[2026-01-15 09:35:57]        args: (%size_86, 0
[2026-01-15 09:35:57]       call_function   | getitem_249                         | <built-in function getitem>
[2026-01-15 09:35:57]        args: (%size_86, 1
[2026-01-15 09:35:57]       call_function   | getitem_250                         | <built-in function getitem>
[2026-01-15 09:35:57]        args: (%size_86, 2
[2026-01-15 09:35:57]       call_function   | getitem_251                         | <built-in function getitem>
[2026-01-15 09:35:57]        args: (%size_86, 3
[2026-01-15 09:35:57]       call_function   | getitem_252                         | <built-in function getitem>
[2026-01-15 09:35:57]        args: (%add_70, (slice(None, None, None), slic
[2026-01-15 09:35:57]       call_method     | expand_23                           | expand
[2026-01-15 09:35:57]        args: (%getitem_252, %getitem_248, %getitem_249, 4, %getitem_250, %getitem_251
[2026-01-15 09:35:57]       call_function   | mul_129                             | <built-in function mul>
[2026-01-15 09:35:57]        args: (%getitem_249, 4
[2026-01-15 09:35:57]       call_method     | reshape_22                          | reshape
[2026-01-15 09:35:57]        args: (%expand_23, %getitem_248, %mul_129, %getitem_250, %getitem_251
[2026-01-15 09:35:57]       call_method     | size_87                             | size
[2026-01-15 09:35:57]        args: (%transpose_47
[2026-01-15 09:35:57]       call_function   | getitem_253                         | <built-in function getitem>
[2026-01-15 09:35:57]        args: (%size_87, 0
[2026-01-15 09:35:57]       call_function   | getitem_254                         | <built-in function getitem>
[2026-01-15 09:35:57]        args: (%size_87, 1
[2026-01-15 09:35:57]       call_function   | getitem_255                         | <built-in function getitem>
[2026-01-15 09:35:57]        args: (%size_87, 2
[2026-01-15 09:35:57]       call_function   | getitem_256                         | <built-in function getitem>
[2026-01-15 09:35:57]        args: (%size_87, 3
[2026-01-15 09:35:57]       call_function   | getitem_257                         | <built-in function getitem>
[2026-01-15 09:35:57]        args: (%transpose_47, (slice(None, None, None), slic
[2026-01-15 09:35:57]       call_method     | expand_24                           | expand
[2026-01-15 09:35:57]        args: (%getitem_257, %getitem_253, %getitem_254, 4, %getitem_255, %getitem_256
[2026-01-15 09:35:57]       call_function   | mul_130                             | <built-in function mul>
[2026-01-15 09:35:57]        args: (%getitem_254, 4
[2026-01-15 09:35:57]       call_method     | reshape_23                          | reshape
[2026-01-15 09:35:57]        args: (%expand_24, %getitem_253, %mul_130, %getitem_255, %getitem_256
[2026-01-15 09:35:57]       call_function   | getattr_49                          | <built-in function getattr>
[2026-01-15 09:35:57]        args: (%add_69, device
[2026-01-15 09:35:57]       call_function   | getattr_50                          | <built-in function getattr>
[2026-01-15 09:35:57]        args: (%getattr_49, type
[2026-01-15 09:35:57]       call_function   | eq_14                               | <built-in function eq>
[2026-01-15 09:35:57]        args: (%getattr_50, cuda
[2026-01-15 09:35:57]       call_function   | gt_11                               | <built-in function gt>
[2026-01-15 09:35:57]        args: (%getitem_238, 1
[2026-01-15 09:35:57]       call_function   | scaled_dot_product_attention_11     | <built-in function scaled_dot_product_attention>
[2026-01-15 09:35:57]        args: (%add_69, %reshape_22, %reshape_23
[2026-01-15 09:35:57]       call_method     | transpose_48                        | transpose
[2026-01-15 09:35:57]        args: (%scaled_dot_product_attention_11, 1, 2
[2026-01-15 09:35:57]       call_method     | contiguous_11                       | contiguous
[2026-01-15 09:35:57]        args: (%transpose_48
[2026-01-15 09:35:57]       call_method     | view_47                             | view
[2026-01-15 09:35:57]        args: (%contiguous_11, %getitem_237, %getitem_238, -1
[2026-01-15 09:35:57] [ 92] call_module     | model_layers_11_self_attn_o_proj    | model.layers.11.self_attn.o_proj
[2026-01-15 09:35:57]        args: (%view_47
[2026-01-15 09:35:57]       call_function   | add_71                              | <built-in function add>
[2026-01-15 09:35:57]        args: (%add_67, %model_layers_11_self_attn_o_proj
[2026-01-15 09:35:57]       call_method     | to_48                               | to
[2026-01-15 09:35:57]        args: (%add_71, torch.float32
[2026-01-15 09:35:57]       call_method     | pow_24                              | pow
[2026-01-15 09:35:57]        args: (%to_48, 2
[2026-01-15 09:35:57]       call_method     | mean_23                             | mean
[2026-01-15 09:35:57]        args: (%pow_24, -1
[2026-01-15 09:35:57]       call_function   | add_72                              | <built-in function add>
[2026-01-15 09:35:57]        args: (%mean_23, 1e-05
[2026-01-15 09:35:57]       call_function   | rsqrt_23                            | <built-in method rsqrt of type object at 0x7f607045f240>
[2026-01-15 09:35:57]        args: (%add_72
[2026-01-15 09:35:57]       call_function   | mul_131                             | <built-in function mul>
[2026-01-15 09:35:57]        args: (%to_48, %rsqrt_23
[2026-01-15 09:35:57]       get_attr        | model_layers_11_post_attention_layernorm_weight | model.layers.11.post_attention_layernorm.weight
[2026-01-15 09:35:57]        args: (
[2026-01-15 09:35:57]       call_function   | getattr_51                          | <built-in function getattr>
[2026-01-15 09:35:57]        args: (%add_71, dtype
[2026-01-15 09:35:57]       call_method     | to_49                               | to
[2026-01-15 09:35:57]        args: (%mul_131, %getattr_51
[2026-01-15 09:35:57]       call_function   | mul_132                             | <built-in function mul>
[2026-01-15 09:35:57]        args: (%model_layers_11_post_attention_layernorm_weight, %to_49
[2026-01-15 09:35:57] [ 93] call_module     | model_layers_11_mlp_gate_proj       | model.layers.11.mlp.gate_proj
[2026-01-15 09:35:57]        args: (%mul_132
[2026-01-15 09:35:57] [ 94] call_module     | model_layers_11_mlp_act_fn          | model.layers.11.mlp.act_fn
[2026-01-15 09:35:57]        args: (%model_layers_11_mlp_gate_proj
[2026-01-15 09:35:57] [ 95] call_module     | model_layers_11_mlp_up_proj         | model.layers.11.mlp.up_proj
[2026-01-15 09:35:57]        args: (%mul_132
[2026-01-15 09:35:57]       call_function   | mul_133                             | <built-in function mul>
[2026-01-15 09:35:57]        args: (%model_layers_11_mlp_act_fn, %model_layers_11_mlp_up_proj
[2026-01-15 09:35:57] [ 96] call_module     | model_layers_11_mlp_down_proj       | model.layers.11.mlp.down_proj
[2026-01-15 09:35:57]        args: (%mul_133
[2026-01-15 09:35:57]       call_function   | add_73                              | <built-in function add>
[2026-01-15 09:35:57]        args: (%add_71, %model_layers_11_mlp_down_proj
[2026-01-15 09:35:57]       call_method     | to_50                               | to
[2026-01-15 09:35:57]        args: (%add_73, torch.float32
[2026-01-15 09:35:57]       call_method     | pow_25                              | pow
[2026-01-15 09:35:57]        args: (%to_50, 2
[2026-01-15 09:35:57]       call_method     | mean_24                             | mean
[2026-01-15 09:35:57]        args: (%pow_25, -1
[2026-01-15 09:35:57]       call_function   | add_74                              | <built-in function add>
[2026-01-15 09:35:57]        args: (%mean_24, 1e-05
[2026-01-15 09:35:57]       call_function   | rsqrt_24                            | <built-in method rsqrt of type object at 0x7f607045f240>
[2026-01-15 09:35:57]        args: (%add_74
[2026-01-15 09:35:57]       call_function   | mul_134                             | <built-in function mul>
[2026-01-15 09:35:57]        args: (%to_50, %rsqrt_24
[2026-01-15 09:35:57]       get_attr        | model_layers_12_input_layernorm_weight | model.layers.12.input_layernorm.weight
[2026-01-15 09:35:57]        args: (
[2026-01-15 09:35:57]       call_function   | getattr_52                          | <built-in function getattr>
[2026-01-15 09:35:57]        args: (%add_73, dtype
[2026-01-15 09:35:57]       call_method     | to_51                               | to
[2026-01-15 09:35:57]        args: (%mul_134, %getattr_52
[2026-01-15 09:35:57]       call_function   | mul_135                             | <built-in function mul>
[2026-01-15 09:35:57]        args: (%model_layers_12_input_layernorm_weight, %to_51
[2026-01-15 09:35:57]       call_method     | size_88                             | size
[2026-01-15 09:35:57]        args: (%mul_135
[2026-01-15 09:35:57]       call_function   | getitem_258                         | <built-in function getitem>
[2026-01-15 09:35:57]        args: (%size_88, 0
[2026-01-15 09:35:57]       call_function   | getitem_259                         | <built-in function getitem>
[2026-01-15 09:35:57]        args: (%size_88, 1
[2026-01-15 09:35:57]       call_function   | getitem_260                         | <built-in function getitem>
[2026-01-15 09:35:57]        args: (%size_88, 2
[2026-01-15 09:35:57] [ 97] call_module     | model_layers_12_self_attn_q_proj    | model.layers.12.self_attn.q_proj
[2026-01-15 09:35:57]        args: (%mul_135
[2026-01-15 09:35:57] [ 98] call_module     | model_layers_12_self_attn_k_proj    | model.layers.12.self_attn.k_proj
[2026-01-15 09:35:57]        args: (%mul_135
[2026-01-15 09:35:57] [ 99] call_module     | model_layers_12_self_attn_v_proj    | model.layers.12.self_attn.v_proj
[2026-01-15 09:35:57]        args: (%mul_135
[2026-01-15 09:35:57]       call_method     | view_48                             | view
[2026-01-15 09:35:57]        args: (%model_layers_12_self_attn_q_proj, %getitem_258, %getitem_259, 32, 64
[2026-01-15 09:35:57]       call_method     | transpose_49                        | transpose
[2026-01-15 09:35:57]        args: (%view_48, 1, 2
[2026-01-15 09:35:57]       call_method     | view_49                             | view
[2026-01-15 09:35:57]        args: (%model_layers_12_self_attn_k_proj, %getitem_258, %getitem_259, 8, 64
[2026-01-15 09:35:57]       call_method     | transpose_50                        | transpose
[2026-01-15 09:35:57]        args: (%view_49, 1, 2
[2026-01-15 09:35:57]       call_method     | view_50                             | view
[2026-01-15 09:35:57]        args: (%model_layers_12_self_attn_v_proj, %getitem_258, %getitem_259, 8, 64
[2026-01-15 09:35:57]       call_method     | transpose_51                        | transpose
[2026-01-15 09:35:57]        args: (%view_50, 1, 2
[2026-01-15 09:35:57]       call_method     | unsqueeze_25                        | unsqueeze
[2026-01-15 09:35:57]        args: (%to, 1
[2026-01-15 09:35:57]       call_method     | unsqueeze_26                        | unsqueeze
[2026-01-15 09:35:57]        args: (%to_1, 1
[2026-01-15 09:35:57]       call_function   | mul_136                             | <built-in function mul>
[2026-01-15 09:35:57]        args: (%transpose_49, %unsqueeze_25
[2026-01-15 09:35:57]       call_method     | size_89                             | size
[2026-01-15 09:35:57]        args: (%transpose_49
[2026-01-15 09:35:57]       call_function   | getitem_261                         | <built-in function getitem>
[2026-01-15 09:35:57]        args: (%size_89, -1
[2026-01-15 09:35:57]       call_function   | floordiv_48                         | <built-in function floordiv>
[2026-01-15 09:35:57]        args: (%getitem_261, 2
[2026-01-15 09:35:57]       call_function   | getitem_262                         | <built-in function getitem>
[2026-01-15 09:35:57]        args: (%transpose_49, (Ellipsis, slice(None, floordi
[2026-01-15 09:35:57]       call_method     | size_90                             | size
[2026-01-15 09:35:57]        args: (%transpose_49
[2026-01-15 09:35:57]       call_function   | getitem_263                         | <built-in function getitem>
[2026-01-15 09:35:57]        args: (%size_90, -1
[2026-01-15 09:35:57]       call_function   | floordiv_49                         | <built-in function floordiv>
[2026-01-15 09:35:57]        args: (%getitem_263, 2
[2026-01-15 09:35:57]       call_function   | getitem_264                         | <built-in function getitem>
[2026-01-15 09:35:57]        args: (%transpose_49, (Ellipsis, slice(floordiv_49, 
[2026-01-15 09:35:57]       call_function   | neg_24                              | <built-in function neg>
[2026-01-15 09:35:57]        args: (%getitem_264
[2026-01-15 09:35:57]       call_function   | cat_25                              | <built-in method cat of type object at 0x7f607045f240>
[2026-01-15 09:35:57]        args: ((neg_24, getitem_262)
[2026-01-15 09:35:57]       call_function   | mul_137                             | <built-in function mul>
[2026-01-15 09:35:57]        args: (%cat_25, %unsqueeze_26
[2026-01-15 09:35:57]       call_function   | add_75                              | <built-in function add>
[2026-01-15 09:35:57]        args: (%mul_136, %mul_137
[2026-01-15 09:35:57]       call_function   | mul_138                             | <built-in function mul>
[2026-01-15 09:35:57]        args: (%transpose_50, %unsqueeze_25
[2026-01-15 09:35:57]       call_method     | size_91                             | size
[2026-01-15 09:35:57]        args: (%transpose_50
[2026-01-15 09:35:57]       call_function   | getitem_265                         | <built-in function getitem>
[2026-01-15 09:35:57]        args: (%size_91, -1
[2026-01-15 09:35:57]       call_function   | floordiv_50                         | <built-in function floordiv>
[2026-01-15 09:35:57]        args: (%getitem_265, 2
[2026-01-15 09:35:57]       call_function   | getitem_266                         | <built-in function getitem>
[2026-01-15 09:35:57]        args: (%transpose_50, (Ellipsis, slice(None, floordi
[2026-01-15 09:35:57]       call_method     | size_92                             | size
[2026-01-15 09:35:57]        args: (%transpose_50
[2026-01-15 09:35:57]       call_function   | getitem_267                         | <built-in function getitem>
[2026-01-15 09:35:57]        args: (%size_92, -1
[2026-01-15 09:35:57]       call_function   | floordiv_51                         | <built-in function floordiv>
[2026-01-15 09:35:57]        args: (%getitem_267, 2
[2026-01-15 09:35:57]       call_function   | getitem_268                         | <built-in function getitem>
[2026-01-15 09:35:57]        args: (%transpose_50, (Ellipsis, slice(floordiv_51, 
[2026-01-15 09:35:57]       call_function   | neg_25                              | <built-in function neg>
[2026-01-15 09:35:57]        args: (%getitem_268
[2026-01-15 09:35:57]       call_function   | cat_26                              | <built-in method cat of type object at 0x7f607045f240>
[2026-01-15 09:35:57]        args: ((neg_25, getitem_266)
[2026-01-15 09:35:57]       call_function   | mul_139                             | <built-in function mul>
[2026-01-15 09:35:57]        args: (%cat_26, %unsqueeze_26
[2026-01-15 09:35:57]       call_function   | add_76                              | <built-in function add>
[2026-01-15 09:35:57]        args: (%mul_138, %mul_139
[2026-01-15 09:35:57]       call_method     | size_93                             | size
[2026-01-15 09:35:57]        args: (%add_76
[2026-01-15 09:35:57]       call_function   | getitem_269                         | <built-in function getitem>
[2026-01-15 09:35:57]        args: (%size_93, 0
[2026-01-15 09:35:57]       call_function   | getitem_270                         | <built-in function getitem>
[2026-01-15 09:35:57]        args: (%size_93, 1
[2026-01-15 09:35:57]       call_function   | getitem_271                         | <built-in function getitem>
[2026-01-15 09:35:57]        args: (%size_93, 2
[2026-01-15 09:35:57]       call_function   | getitem_272                         | <built-in function getitem>
[2026-01-15 09:35:57]        args: (%size_93, 3
[2026-01-15 09:35:57]       call_function   | getitem_273                         | <built-in function getitem>
[2026-01-15 09:35:57]        args: (%add_76, (slice(None, None, None), slic
[2026-01-15 09:35:57]       call_method     | expand_25                           | expand
[2026-01-15 09:35:57]        args: (%getitem_273, %getitem_269, %getitem_270, 4, %getitem_271, %getitem_272
[2026-01-15 09:35:57]       call_function   | mul_140                             | <built-in function mul>
[2026-01-15 09:35:57]        args: (%getitem_270, 4
[2026-01-15 09:35:57]       call_method     | reshape_24                          | reshape
[2026-01-15 09:35:57]        args: (%expand_25, %getitem_269, %mul_140, %getitem_271, %getitem_272
[2026-01-15 09:35:57]       call_method     | size_94                             | size
[2026-01-15 09:35:57]        args: (%transpose_51
[2026-01-15 09:35:57]       call_function   | getitem_274                         | <built-in function getitem>
[2026-01-15 09:35:57]        args: (%size_94, 0
[2026-01-15 09:35:57]       call_function   | getitem_275                         | <built-in function getitem>
[2026-01-15 09:35:57]        args: (%size_94, 1
[2026-01-15 09:35:57]       call_function   | getitem_276                         | <built-in function getitem>
[2026-01-15 09:35:57]        args: (%size_94, 2
[2026-01-15 09:35:57]       call_function   | getitem_277                         | <built-in function getitem>
[2026-01-15 09:35:57]        args: (%size_94, 3
[2026-01-15 09:35:57]       call_function   | getitem_278                         | <built-in function getitem>
[2026-01-15 09:35:57]        args: (%transpose_51, (slice(None, None, None), slic
[2026-01-15 09:35:57]       call_method     | expand_26                           | expand
[2026-01-15 09:35:57]        args: (%getitem_278, %getitem_274, %getitem_275, 4, %getitem_276, %getitem_277
[2026-01-15 09:35:57]       call_function   | mul_141                             | <built-in function mul>
[2026-01-15 09:35:57]        args: (%getitem_275, 4
[2026-01-15 09:35:57]       call_method     | reshape_25                          | reshape
[2026-01-15 09:35:57]        args: (%expand_26, %getitem_274, %mul_141, %getitem_276, %getitem_277
[2026-01-15 09:35:57]       call_function   | getattr_53                          | <built-in function getattr>
[2026-01-15 09:35:57]        args: (%add_75, device
[2026-01-15 09:35:57]       call_function   | getattr_54                          | <built-in function getattr>
[2026-01-15 09:35:57]        args: (%getattr_53, type
[2026-01-15 09:35:57]       call_function   | eq_15                               | <built-in function eq>
[2026-01-15 09:35:57]        args: (%getattr_54, cuda
[2026-01-15 09:35:57]       call_function   | gt_12                               | <built-in function gt>
[2026-01-15 09:35:57]        args: (%getitem_259, 1
[2026-01-15 09:35:57]       call_function   | scaled_dot_product_attention_12     | <built-in function scaled_dot_product_attention>
[2026-01-15 09:35:57]        args: (%add_75, %reshape_24, %reshape_25
[2026-01-15 09:35:57]       call_method     | transpose_52                        | transpose
[2026-01-15 09:35:57]        args: (%scaled_dot_product_attention_12, 1, 2
[2026-01-15 09:35:57]       call_method     | contiguous_12                       | contiguous
[2026-01-15 09:35:57]        args: (%transpose_52
[2026-01-15 09:35:57]       call_method     | view_51                             | view
[2026-01-15 09:35:57]        args: (%contiguous_12, %getitem_258, %getitem_259, -1
[2026-01-15 09:35:57] [100] call_module     | model_layers_12_self_attn_o_proj    | model.layers.12.self_attn.o_proj
[2026-01-15 09:35:57]        args: (%view_51
[2026-01-15 09:35:57]       call_function   | add_77                              | <built-in function add>
[2026-01-15 09:35:57]        args: (%add_73, %model_layers_12_self_attn_o_proj
[2026-01-15 09:35:57]       call_method     | to_52                               | to
[2026-01-15 09:35:57]        args: (%add_77, torch.float32
[2026-01-15 09:35:57]       call_method     | pow_26                              | pow
[2026-01-15 09:35:57]        args: (%to_52, 2
[2026-01-15 09:35:57]       call_method     | mean_25                             | mean
[2026-01-15 09:35:57]        args: (%pow_26, -1
[2026-01-15 09:35:57]       call_function   | add_78                              | <built-in function add>
[2026-01-15 09:35:57]        args: (%mean_25, 1e-05
[2026-01-15 09:35:57]       call_function   | rsqrt_25                            | <built-in method rsqrt of type object at 0x7f607045f240>
[2026-01-15 09:35:57]        args: (%add_78
[2026-01-15 09:35:57]       call_function   | mul_142                             | <built-in function mul>
[2026-01-15 09:35:57]        args: (%to_52, %rsqrt_25
[2026-01-15 09:35:57]       get_attr        | model_layers_12_post_attention_layernorm_weight | model.layers.12.post_attention_layernorm.weight
[2026-01-15 09:35:57]        args: (
[2026-01-15 09:35:57]       call_function   | getattr_55                          | <built-in function getattr>
[2026-01-15 09:35:57]        args: (%add_77, dtype
[2026-01-15 09:35:57]       call_method     | to_53                               | to
[2026-01-15 09:35:57]        args: (%mul_142, %getattr_55
[2026-01-15 09:35:57]       call_function   | mul_143                             | <built-in function mul>
[2026-01-15 09:35:57]        args: (%model_layers_12_post_attention_layernorm_weight, %to_53
[2026-01-15 09:35:57] [101] call_module     | model_layers_12_mlp_gate_proj       | model.layers.12.mlp.gate_proj
[2026-01-15 09:35:57]        args: (%mul_143
[2026-01-15 09:35:57] [102] call_module     | model_layers_12_mlp_act_fn          | model.layers.12.mlp.act_fn
[2026-01-15 09:35:57]        args: (%model_layers_12_mlp_gate_proj
[2026-01-15 09:35:57] [103] call_module     | model_layers_12_mlp_up_proj         | model.layers.12.mlp.up_proj
[2026-01-15 09:35:57]        args: (%mul_143
[2026-01-15 09:35:57]       call_function   | mul_144                             | <built-in function mul>
[2026-01-15 09:35:57]        args: (%model_layers_12_mlp_act_fn, %model_layers_12_mlp_up_proj
[2026-01-15 09:35:57] [104] call_module     | model_layers_12_mlp_down_proj       | model.layers.12.mlp.down_proj
[2026-01-15 09:35:57]        args: (%mul_144
[2026-01-15 09:35:57]       call_function   | add_79                              | <built-in function add>
[2026-01-15 09:35:57]        args: (%add_77, %model_layers_12_mlp_down_proj
[2026-01-15 09:35:57]       call_method     | to_54                               | to
[2026-01-15 09:35:57]        args: (%add_79, torch.float32
[2026-01-15 09:35:57]       call_method     | pow_27                              | pow
[2026-01-15 09:35:57]        args: (%to_54, 2
[2026-01-15 09:35:57]       call_method     | mean_26                             | mean
[2026-01-15 09:35:57]        args: (%pow_27, -1
[2026-01-15 09:35:57]       call_function   | add_80                              | <built-in function add>
[2026-01-15 09:35:57]        args: (%mean_26, 1e-05
[2026-01-15 09:35:57]       call_function   | rsqrt_26                            | <built-in method rsqrt of type object at 0x7f607045f240>
[2026-01-15 09:35:57]        args: (%add_80
[2026-01-15 09:35:57]       call_function   | mul_145                             | <built-in function mul>
[2026-01-15 09:35:57]        args: (%to_54, %rsqrt_26
[2026-01-15 09:35:57]       get_attr        | model_layers_13_input_layernorm_weight | model.layers.13.input_layernorm.weight
[2026-01-15 09:35:57]        args: (
[2026-01-15 09:35:57]       call_function   | getattr_56                          | <built-in function getattr>
[2026-01-15 09:35:57]        args: (%add_79, dtype
[2026-01-15 09:35:57]       call_method     | to_55                               | to
[2026-01-15 09:35:57]        args: (%mul_145, %getattr_56
[2026-01-15 09:35:57]       call_function   | mul_146                             | <built-in function mul>
[2026-01-15 09:35:57]        args: (%model_layers_13_input_layernorm_weight, %to_55
[2026-01-15 09:35:57]       call_method     | size_95                             | size
[2026-01-15 09:35:57]        args: (%mul_146
[2026-01-15 09:35:57]       call_function   | getitem_279                         | <built-in function getitem>
[2026-01-15 09:35:57]        args: (%size_95, 0
[2026-01-15 09:35:57]       call_function   | getitem_280                         | <built-in function getitem>
[2026-01-15 09:35:57]        args: (%size_95, 1
[2026-01-15 09:35:57]       call_function   | getitem_281                         | <built-in function getitem>
[2026-01-15 09:35:57]        args: (%size_95, 2
[2026-01-15 09:35:57] [105] call_module     | model_layers_13_self_attn_q_proj    | model.layers.13.self_attn.q_proj
[2026-01-15 09:35:57]        args: (%mul_146
[2026-01-15 09:35:57] [106] call_module     | model_layers_13_self_attn_k_proj    | model.layers.13.self_attn.k_proj
[2026-01-15 09:35:57]        args: (%mul_146
[2026-01-15 09:35:57] [107] call_module     | model_layers_13_self_attn_v_proj    | model.layers.13.self_attn.v_proj
[2026-01-15 09:35:57]        args: (%mul_146
[2026-01-15 09:35:57]       call_method     | view_52                             | view
[2026-01-15 09:35:57]        args: (%model_layers_13_self_attn_q_proj, %getitem_279, %getitem_280, 32, 64
[2026-01-15 09:35:57]       call_method     | transpose_53                        | transpose
[2026-01-15 09:35:57]        args: (%view_52, 1, 2
[2026-01-15 09:35:57]       call_method     | view_53                             | view
[2026-01-15 09:35:57]        args: (%model_layers_13_self_attn_k_proj, %getitem_279, %getitem_280, 8, 64
[2026-01-15 09:35:57]       call_method     | transpose_54                        | transpose
[2026-01-15 09:35:57]        args: (%view_53, 1, 2
[2026-01-15 09:35:57]       call_method     | view_54                             | view
[2026-01-15 09:35:57]        args: (%model_layers_13_self_attn_v_proj, %getitem_279, %getitem_280, 8, 64
[2026-01-15 09:35:57]       call_method     | transpose_55                        | transpose
[2026-01-15 09:35:57]        args: (%view_54, 1, 2
[2026-01-15 09:35:57]       call_method     | unsqueeze_27                        | unsqueeze
[2026-01-15 09:35:57]        args: (%to, 1
[2026-01-15 09:35:57]       call_method     | unsqueeze_28                        | unsqueeze
[2026-01-15 09:35:57]        args: (%to_1, 1
[2026-01-15 09:35:57]       call_function   | mul_147                             | <built-in function mul>
[2026-01-15 09:35:57]        args: (%transpose_53, %unsqueeze_27
[2026-01-15 09:35:57]       call_method     | size_96                             | size
[2026-01-15 09:35:57]        args: (%transpose_53
[2026-01-15 09:35:57]       call_function   | getitem_282                         | <built-in function getitem>
[2026-01-15 09:35:57]        args: (%size_96, -1
[2026-01-15 09:35:57]       call_function   | floordiv_52                         | <built-in function floordiv>
[2026-01-15 09:35:57]        args: (%getitem_282, 2
[2026-01-15 09:35:57]       call_function   | getitem_283                         | <built-in function getitem>
[2026-01-15 09:35:57]        args: (%transpose_53, (Ellipsis, slice(None, floordi
[2026-01-15 09:35:57]       call_method     | size_97                             | size
[2026-01-15 09:35:57]        args: (%transpose_53
[2026-01-15 09:35:57]       call_function   | getitem_284                         | <built-in function getitem>
[2026-01-15 09:35:57]        args: (%size_97, -1
[2026-01-15 09:35:57]       call_function   | floordiv_53                         | <built-in function floordiv>
[2026-01-15 09:35:57]        args: (%getitem_284, 2
[2026-01-15 09:35:57]       call_function   | getitem_285                         | <built-in function getitem>
[2026-01-15 09:35:57]        args: (%transpose_53, (Ellipsis, slice(floordiv_53, 
[2026-01-15 09:35:57]       call_function   | neg_26                              | <built-in function neg>
[2026-01-15 09:35:57]        args: (%getitem_285
[2026-01-15 09:35:57]       call_function   | cat_27                              | <built-in method cat of type object at 0x7f607045f240>
[2026-01-15 09:35:57]        args: ((neg_26, getitem_283)
[2026-01-15 09:35:57]       call_function   | mul_148                             | <built-in function mul>
[2026-01-15 09:35:57]        args: (%cat_27, %unsqueeze_28
[2026-01-15 09:35:57]       call_function   | add_81                              | <built-in function add>
[2026-01-15 09:35:57]        args: (%mul_147, %mul_148
[2026-01-15 09:35:57]       call_function   | mul_149                             | <built-in function mul>
[2026-01-15 09:35:57]        args: (%transpose_54, %unsqueeze_27
[2026-01-15 09:35:57]       call_method     | size_98                             | size
[2026-01-15 09:35:57]        args: (%transpose_54
[2026-01-15 09:35:57]       call_function   | getitem_286                         | <built-in function getitem>
[2026-01-15 09:35:57]        args: (%size_98, -1
[2026-01-15 09:35:57]       call_function   | floordiv_54                         | <built-in function floordiv>
[2026-01-15 09:35:57]        args: (%getitem_286, 2
[2026-01-15 09:35:57]       call_function   | getitem_287                         | <built-in function getitem>
[2026-01-15 09:35:57]        args: (%transpose_54, (Ellipsis, slice(None, floordi
[2026-01-15 09:35:57]       call_method     | size_99                             | size
[2026-01-15 09:35:57]        args: (%transpose_54
[2026-01-15 09:35:57]       call_function   | getitem_288                         | <built-in function getitem>
[2026-01-15 09:35:57]        args: (%size_99, -1
[2026-01-15 09:35:57]       call_function   | floordiv_55                         | <built-in function floordiv>
[2026-01-15 09:35:57]        args: (%getitem_288, 2
[2026-01-15 09:35:57]       call_function   | getitem_289                         | <built-in function getitem>
[2026-01-15 09:35:57]        args: (%transpose_54, (Ellipsis, slice(floordiv_55, 
[2026-01-15 09:35:57]       call_function   | neg_27                              | <built-in function neg>
[2026-01-15 09:35:57]        args: (%getitem_289
[2026-01-15 09:35:57]       call_function   | cat_28                              | <built-in method cat of type object at 0x7f607045f240>
[2026-01-15 09:35:57]        args: ((neg_27, getitem_287)
[2026-01-15 09:35:57]       call_function   | mul_150                             | <built-in function mul>
[2026-01-15 09:35:57]        args: (%cat_28, %unsqueeze_28
[2026-01-15 09:35:57]       call_function   | add_82                              | <built-in function add>
[2026-01-15 09:35:57]        args: (%mul_149, %mul_150
[2026-01-15 09:35:57]       call_method     | size_100                            | size
[2026-01-15 09:35:57]        args: (%add_82
[2026-01-15 09:35:57]       call_function   | getitem_290                         | <built-in function getitem>
[2026-01-15 09:35:57]        args: (%size_100, 0
[2026-01-15 09:35:57]       call_function   | getitem_291                         | <built-in function getitem>
[2026-01-15 09:35:57]        args: (%size_100, 1
[2026-01-15 09:35:57]       call_function   | getitem_292                         | <built-in function getitem>
[2026-01-15 09:35:57]        args: (%size_100, 2
[2026-01-15 09:35:57]       call_function   | getitem_293                         | <built-in function getitem>
[2026-01-15 09:35:57]        args: (%size_100, 3
[2026-01-15 09:35:57]       call_function   | getitem_294                         | <built-in function getitem>
[2026-01-15 09:35:57]        args: (%add_82, (slice(None, None, None), slic
[2026-01-15 09:35:57]       call_method     | expand_27                           | expand
[2026-01-15 09:35:57]        args: (%getitem_294, %getitem_290, %getitem_291, 4, %getitem_292, %getitem_293
[2026-01-15 09:35:57]       call_function   | mul_151                             | <built-in function mul>
[2026-01-15 09:35:57]        args: (%getitem_291, 4
[2026-01-15 09:35:57]       call_method     | reshape_26                          | reshape
[2026-01-15 09:35:57]        args: (%expand_27, %getitem_290, %mul_151, %getitem_292, %getitem_293
[2026-01-15 09:35:57]       call_method     | size_101                            | size
[2026-01-15 09:35:57]        args: (%transpose_55
[2026-01-15 09:35:57]       call_function   | getitem_295                         | <built-in function getitem>
[2026-01-15 09:35:57]        args: (%size_101, 0
[2026-01-15 09:35:57]       call_function   | getitem_296                         | <built-in function getitem>
[2026-01-15 09:35:57]        args: (%size_101, 1
[2026-01-15 09:35:57]       call_function   | getitem_297                         | <built-in function getitem>
[2026-01-15 09:35:57]        args: (%size_101, 2
[2026-01-15 09:35:57]       call_function   | getitem_298                         | <built-in function getitem>
[2026-01-15 09:35:57]        args: (%size_101, 3
[2026-01-15 09:35:57]       call_function   | getitem_299                         | <built-in function getitem>
[2026-01-15 09:35:57]        args: (%transpose_55, (slice(None, None, None), slic
[2026-01-15 09:35:57]       call_method     | expand_28                           | expand
[2026-01-15 09:35:57]        args: (%getitem_299, %getitem_295, %getitem_296, 4, %getitem_297, %getitem_298
[2026-01-15 09:35:57]       call_function   | mul_152                             | <built-in function mul>
[2026-01-15 09:35:57]        args: (%getitem_296, 4
[2026-01-15 09:35:57]       call_method     | reshape_27                          | reshape
[2026-01-15 09:35:57]        args: (%expand_28, %getitem_295, %mul_152, %getitem_297, %getitem_298
[2026-01-15 09:35:57]       call_function   | getattr_57                          | <built-in function getattr>
[2026-01-15 09:35:57]        args: (%add_81, device
[2026-01-15 09:35:57]       call_function   | getattr_58                          | <built-in function getattr>
[2026-01-15 09:35:57]        args: (%getattr_57, type
[2026-01-15 09:35:57]       call_function   | eq_16                               | <built-in function eq>
[2026-01-15 09:35:57]        args: (%getattr_58, cuda
[2026-01-15 09:35:57]       call_function   | gt_13                               | <built-in function gt>
[2026-01-15 09:35:57]        args: (%getitem_280, 1
[2026-01-15 09:35:57]       call_function   | scaled_dot_product_attention_13     | <built-in function scaled_dot_product_attention>
[2026-01-15 09:35:57]        args: (%add_81, %reshape_26, %reshape_27
[2026-01-15 09:35:57]       call_method     | transpose_56                        | transpose
[2026-01-15 09:35:57]        args: (%scaled_dot_product_attention_13, 1, 2
[2026-01-15 09:35:57]       call_method     | contiguous_13                       | contiguous
[2026-01-15 09:35:57]        args: (%transpose_56
[2026-01-15 09:35:57]       call_method     | view_55                             | view
[2026-01-15 09:35:57]        args: (%contiguous_13, %getitem_279, %getitem_280, -1
[2026-01-15 09:35:57] [108] call_module     | model_layers_13_self_attn_o_proj    | model.layers.13.self_attn.o_proj
[2026-01-15 09:35:57]        args: (%view_55
[2026-01-15 09:35:57]       call_function   | add_83                              | <built-in function add>
[2026-01-15 09:35:57]        args: (%add_79, %model_layers_13_self_attn_o_proj
[2026-01-15 09:35:57]       call_method     | to_56                               | to
[2026-01-15 09:35:57]        args: (%add_83, torch.float32
[2026-01-15 09:35:57]       call_method     | pow_28                              | pow
[2026-01-15 09:35:57]        args: (%to_56, 2
[2026-01-15 09:35:57]       call_method     | mean_27                             | mean
[2026-01-15 09:35:57]        args: (%pow_28, -1
[2026-01-15 09:35:57]       call_function   | add_84                              | <built-in function add>
[2026-01-15 09:35:57]        args: (%mean_27, 1e-05
[2026-01-15 09:35:57]       call_function   | rsqrt_27                            | <built-in method rsqrt of type object at 0x7f607045f240>
[2026-01-15 09:35:57]        args: (%add_84
[2026-01-15 09:35:57]       call_function   | mul_153                             | <built-in function mul>
[2026-01-15 09:35:57]        args: (%to_56, %rsqrt_27
[2026-01-15 09:35:57]       get_attr        | model_layers_13_post_attention_layernorm_weight | model.layers.13.post_attention_layernorm.weight
[2026-01-15 09:35:57]        args: (
[2026-01-15 09:35:57]       call_function   | getattr_59                          | <built-in function getattr>
[2026-01-15 09:35:57]        args: (%add_83, dtype
[2026-01-15 09:35:57]       call_method     | to_57                               | to
[2026-01-15 09:35:57]        args: (%mul_153, %getattr_59
[2026-01-15 09:35:57]       call_function   | mul_154                             | <built-in function mul>
[2026-01-15 09:35:57]        args: (%model_layers_13_post_attention_layernorm_weight, %to_57
[2026-01-15 09:35:57] [109] call_module     | model_layers_13_mlp_gate_proj       | model.layers.13.mlp.gate_proj
[2026-01-15 09:35:57]        args: (%mul_154
[2026-01-15 09:35:57] [110] call_module     | model_layers_13_mlp_act_fn          | model.layers.13.mlp.act_fn
[2026-01-15 09:35:57]        args: (%model_layers_13_mlp_gate_proj
[2026-01-15 09:35:57] [111] call_module     | model_layers_13_mlp_up_proj         | model.layers.13.mlp.up_proj
[2026-01-15 09:35:57]        args: (%mul_154
[2026-01-15 09:35:57]       call_function   | mul_155                             | <built-in function mul>
[2026-01-15 09:35:57]        args: (%model_layers_13_mlp_act_fn, %model_layers_13_mlp_up_proj
[2026-01-15 09:35:57] [112] call_module     | model_layers_13_mlp_down_proj       | model.layers.13.mlp.down_proj
[2026-01-15 09:35:57]        args: (%mul_155
[2026-01-15 09:35:57]       call_function   | add_85                              | <built-in function add>
[2026-01-15 09:35:57]        args: (%add_83, %model_layers_13_mlp_down_proj
[2026-01-15 09:35:57]       call_method     | to_58                               | to
[2026-01-15 09:35:57]        args: (%add_85, torch.float32
[2026-01-15 09:35:57]       call_method     | pow_29                              | pow
[2026-01-15 09:35:57]        args: (%to_58, 2
[2026-01-15 09:35:57]       call_method     | mean_28                             | mean
[2026-01-15 09:35:57]        args: (%pow_29, -1
[2026-01-15 09:35:57]       call_function   | add_86                              | <built-in function add>
[2026-01-15 09:35:57]        args: (%mean_28, 1e-05
[2026-01-15 09:35:57]       call_function   | rsqrt_28                            | <built-in method rsqrt of type object at 0x7f607045f240>
[2026-01-15 09:35:57]        args: (%add_86
[2026-01-15 09:35:57]       call_function   | mul_156                             | <built-in function mul>
[2026-01-15 09:35:57]        args: (%to_58, %rsqrt_28
[2026-01-15 09:35:57]       get_attr        | model_layers_14_input_layernorm_weight | model.layers.14.input_layernorm.weight
[2026-01-15 09:35:57]        args: (
[2026-01-15 09:35:57]       call_function   | getattr_60                          | <built-in function getattr>
[2026-01-15 09:35:57]        args: (%add_85, dtype
[2026-01-15 09:35:57]       call_method     | to_59                               | to
[2026-01-15 09:35:57]        args: (%mul_156, %getattr_60
[2026-01-15 09:35:57]       call_function   | mul_157                             | <built-in function mul>
[2026-01-15 09:35:57]        args: (%model_layers_14_input_layernorm_weight, %to_59
[2026-01-15 09:35:57]       call_method     | size_102                            | size
[2026-01-15 09:35:57]        args: (%mul_157
[2026-01-15 09:35:57]       call_function   | getitem_300                         | <built-in function getitem>
[2026-01-15 09:35:57]        args: (%size_102, 0
[2026-01-15 09:35:57]       call_function   | getitem_301                         | <built-in function getitem>
[2026-01-15 09:35:57]        args: (%size_102, 1
[2026-01-15 09:35:57]       call_function   | getitem_302                         | <built-in function getitem>
[2026-01-15 09:35:57]        args: (%size_102, 2
[2026-01-15 09:35:57] [113] call_module     | model_layers_14_self_attn_q_proj    | model.layers.14.self_attn.q_proj
[2026-01-15 09:35:57]        args: (%mul_157
[2026-01-15 09:35:57] [114] call_module     | model_layers_14_self_attn_k_proj    | model.layers.14.self_attn.k_proj
[2026-01-15 09:35:57]        args: (%mul_157
[2026-01-15 09:35:57] [115] call_module     | model_layers_14_self_attn_v_proj    | model.layers.14.self_attn.v_proj
[2026-01-15 09:35:57]        args: (%mul_157
[2026-01-15 09:35:57]       call_method     | view_56                             | view
[2026-01-15 09:35:57]        args: (%model_layers_14_self_attn_q_proj, %getitem_300, %getitem_301, 32, 64
[2026-01-15 09:35:57]       call_method     | transpose_57                        | transpose
[2026-01-15 09:35:57]        args: (%view_56, 1, 2
[2026-01-15 09:35:57]       call_method     | view_57                             | view
[2026-01-15 09:35:57]        args: (%model_layers_14_self_attn_k_proj, %getitem_300, %getitem_301, 8, 64
[2026-01-15 09:35:57]       call_method     | transpose_58                        | transpose
[2026-01-15 09:35:57]        args: (%view_57, 1, 2
[2026-01-15 09:35:57]       call_method     | view_58                             | view
[2026-01-15 09:35:57]        args: (%model_layers_14_self_attn_v_proj, %getitem_300, %getitem_301, 8, 64
[2026-01-15 09:35:57]       call_method     | transpose_59                        | transpose
[2026-01-15 09:35:57]        args: (%view_58, 1, 2
[2026-01-15 09:35:57]       call_method     | unsqueeze_29                        | unsqueeze
[2026-01-15 09:35:57]        args: (%to, 1
[2026-01-15 09:35:57]       call_method     | unsqueeze_30                        | unsqueeze
[2026-01-15 09:35:57]        args: (%to_1, 1
[2026-01-15 09:35:57]       call_function   | mul_158                             | <built-in function mul>
[2026-01-15 09:35:57]        args: (%transpose_57, %unsqueeze_29
[2026-01-15 09:35:57]       call_method     | size_103                            | size
[2026-01-15 09:35:57]        args: (%transpose_57
[2026-01-15 09:35:57]       call_function   | getitem_303                         | <built-in function getitem>
[2026-01-15 09:35:57]        args: (%size_103, -1
[2026-01-15 09:35:57]       call_function   | floordiv_56                         | <built-in function floordiv>
[2026-01-15 09:35:57]        args: (%getitem_303, 2
[2026-01-15 09:35:57]       call_function   | getitem_304                         | <built-in function getitem>
[2026-01-15 09:35:57]        args: (%transpose_57, (Ellipsis, slice(None, floordi
[2026-01-15 09:35:57]       call_method     | size_104                            | size
[2026-01-15 09:35:57]        args: (%transpose_57
[2026-01-15 09:35:57]       call_function   | getitem_305                         | <built-in function getitem>
[2026-01-15 09:35:57]        args: (%size_104, -1
[2026-01-15 09:35:57]       call_function   | floordiv_57                         | <built-in function floordiv>
[2026-01-15 09:35:57]        args: (%getitem_305, 2
[2026-01-15 09:35:57]       call_function   | getitem_306                         | <built-in function getitem>
[2026-01-15 09:35:57]        args: (%transpose_57, (Ellipsis, slice(floordiv_57, 
[2026-01-15 09:35:57]       call_function   | neg_28                              | <built-in function neg>
[2026-01-15 09:35:57]        args: (%getitem_306
[2026-01-15 09:35:57]       call_function   | cat_29                              | <built-in method cat of type object at 0x7f607045f240>
[2026-01-15 09:35:57]        args: ((neg_28, getitem_304)
[2026-01-15 09:35:57]       call_function   | mul_159                             | <built-in function mul>
[2026-01-15 09:35:57]        args: (%cat_29, %unsqueeze_30
[2026-01-15 09:35:57]       call_function   | add_87                              | <built-in function add>
[2026-01-15 09:35:57]        args: (%mul_158, %mul_159
[2026-01-15 09:35:57]       call_function   | mul_160                             | <built-in function mul>
[2026-01-15 09:35:57]        args: (%transpose_58, %unsqueeze_29
[2026-01-15 09:35:57]       call_method     | size_105                            | size
[2026-01-15 09:35:57]        args: (%transpose_58
[2026-01-15 09:35:57]       call_function   | getitem_307                         | <built-in function getitem>
[2026-01-15 09:35:57]        args: (%size_105, -1
[2026-01-15 09:35:57]       call_function   | floordiv_58                         | <built-in function floordiv>
[2026-01-15 09:35:57]        args: (%getitem_307, 2
[2026-01-15 09:35:57]       call_function   | getitem_308                         | <built-in function getitem>
[2026-01-15 09:35:57]        args: (%transpose_58, (Ellipsis, slice(None, floordi
[2026-01-15 09:35:57]       call_method     | size_106                            | size
[2026-01-15 09:35:57]        args: (%transpose_58
[2026-01-15 09:35:57]       call_function   | getitem_309                         | <built-in function getitem>
[2026-01-15 09:35:57]        args: (%size_106, -1
[2026-01-15 09:35:57]       call_function   | floordiv_59                         | <built-in function floordiv>
[2026-01-15 09:35:57]        args: (%getitem_309, 2
[2026-01-15 09:35:57]       call_function   | getitem_310                         | <built-in function getitem>
[2026-01-15 09:35:57]        args: (%transpose_58, (Ellipsis, slice(floordiv_59, 
[2026-01-15 09:35:57]       call_function   | neg_29                              | <built-in function neg>
[2026-01-15 09:35:57]        args: (%getitem_310
[2026-01-15 09:35:57]       call_function   | cat_30                              | <built-in method cat of type object at 0x7f607045f240>
[2026-01-15 09:35:57]        args: ((neg_29, getitem_308)
[2026-01-15 09:35:57]       call_function   | mul_161                             | <built-in function mul>
[2026-01-15 09:35:57]        args: (%cat_30, %unsqueeze_30
[2026-01-15 09:35:57]       call_function   | add_88                              | <built-in function add>
[2026-01-15 09:35:57]        args: (%mul_160, %mul_161
[2026-01-15 09:35:57]       call_method     | size_107                            | size
[2026-01-15 09:35:57]        args: (%add_88
[2026-01-15 09:35:57]       call_function   | getitem_311                         | <built-in function getitem>
[2026-01-15 09:35:57]        args: (%size_107, 0
[2026-01-15 09:35:57]       call_function   | getitem_312                         | <built-in function getitem>
[2026-01-15 09:35:57]        args: (%size_107, 1
[2026-01-15 09:35:57]       call_function   | getitem_313                         | <built-in function getitem>
[2026-01-15 09:35:57]        args: (%size_107, 2
[2026-01-15 09:35:57]       call_function   | getitem_314                         | <built-in function getitem>
[2026-01-15 09:35:57]        args: (%size_107, 3
[2026-01-15 09:35:57]       call_function   | getitem_315                         | <built-in function getitem>
[2026-01-15 09:35:57]        args: (%add_88, (slice(None, None, None), slic
[2026-01-15 09:35:57]       call_method     | expand_29                           | expand
[2026-01-15 09:35:57]        args: (%getitem_315, %getitem_311, %getitem_312, 4, %getitem_313, %getitem_314
[2026-01-15 09:35:57]       call_function   | mul_162                             | <built-in function mul>
[2026-01-15 09:35:57]        args: (%getitem_312, 4
[2026-01-15 09:35:57]       call_method     | reshape_28                          | reshape
[2026-01-15 09:35:57]        args: (%expand_29, %getitem_311, %mul_162, %getitem_313, %getitem_314
[2026-01-15 09:35:57]       call_method     | size_108                            | size
[2026-01-15 09:35:57]        args: (%transpose_59
[2026-01-15 09:35:57]       call_function   | getitem_316                         | <built-in function getitem>
[2026-01-15 09:35:57]        args: (%size_108, 0
[2026-01-15 09:35:57]       call_function   | getitem_317                         | <built-in function getitem>
[2026-01-15 09:35:57]        args: (%size_108, 1
[2026-01-15 09:35:57]       call_function   | getitem_318                         | <built-in function getitem>
[2026-01-15 09:35:57]        args: (%size_108, 2
[2026-01-15 09:35:57]       call_function   | getitem_319                         | <built-in function getitem>
[2026-01-15 09:35:57]        args: (%size_108, 3
[2026-01-15 09:35:57]       call_function   | getitem_320                         | <built-in function getitem>
[2026-01-15 09:35:57]        args: (%transpose_59, (slice(None, None, None), slic
[2026-01-15 09:35:57]       call_method     | expand_30                           | expand
[2026-01-15 09:35:57]        args: (%getitem_320, %getitem_316, %getitem_317, 4, %getitem_318, %getitem_319
[2026-01-15 09:35:57]       call_function   | mul_163                             | <built-in function mul>
[2026-01-15 09:35:57]        args: (%getitem_317, 4
[2026-01-15 09:35:57]       call_method     | reshape_29                          | reshape
[2026-01-15 09:35:57]        args: (%expand_30, %getitem_316, %mul_163, %getitem_318, %getitem_319
[2026-01-15 09:35:57]       call_function   | getattr_61                          | <built-in function getattr>
[2026-01-15 09:35:57]        args: (%add_87, device
[2026-01-15 09:35:57]       call_function   | getattr_62                          | <built-in function getattr>
[2026-01-15 09:35:57]        args: (%getattr_61, type
[2026-01-15 09:35:57]       call_function   | eq_17                               | <built-in function eq>
[2026-01-15 09:35:57]        args: (%getattr_62, cuda
[2026-01-15 09:35:57]       call_function   | gt_14                               | <built-in function gt>
[2026-01-15 09:35:57]        args: (%getitem_301, 1
[2026-01-15 09:35:57]       call_function   | scaled_dot_product_attention_14     | <built-in function scaled_dot_product_attention>
[2026-01-15 09:35:57]        args: (%add_87, %reshape_28, %reshape_29
[2026-01-15 09:35:57]       call_method     | transpose_60                        | transpose
[2026-01-15 09:35:57]        args: (%scaled_dot_product_attention_14, 1, 2
[2026-01-15 09:35:57]       call_method     | contiguous_14                       | contiguous
[2026-01-15 09:35:57]        args: (%transpose_60
[2026-01-15 09:35:57]       call_method     | view_59                             | view
[2026-01-15 09:35:57]        args: (%contiguous_14, %getitem_300, %getitem_301, -1
[2026-01-15 09:35:57] [116] call_module     | model_layers_14_self_attn_o_proj    | model.layers.14.self_attn.o_proj
[2026-01-15 09:35:57]        args: (%view_59
[2026-01-15 09:35:57]       call_function   | add_89                              | <built-in function add>
[2026-01-15 09:35:57]        args: (%add_85, %model_layers_14_self_attn_o_proj
[2026-01-15 09:35:57]       call_method     | to_60                               | to
[2026-01-15 09:35:57]        args: (%add_89, torch.float32
[2026-01-15 09:35:57]       call_method     | pow_30                              | pow
[2026-01-15 09:35:57]        args: (%to_60, 2
[2026-01-15 09:35:57]       call_method     | mean_29                             | mean
[2026-01-15 09:35:57]        args: (%pow_30, -1
[2026-01-15 09:35:57]       call_function   | add_90                              | <built-in function add>
[2026-01-15 09:35:57]        args: (%mean_29, 1e-05
[2026-01-15 09:35:57]       call_function   | rsqrt_29                            | <built-in method rsqrt of type object at 0x7f607045f240>
[2026-01-15 09:35:57]        args: (%add_90
[2026-01-15 09:35:57]       call_function   | mul_164                             | <built-in function mul>
[2026-01-15 09:35:57]        args: (%to_60, %rsqrt_29
[2026-01-15 09:35:57]       get_attr        | model_layers_14_post_attention_layernorm_weight | model.layers.14.post_attention_layernorm.weight
[2026-01-15 09:35:57]        args: (
[2026-01-15 09:35:57]       call_function   | getattr_63                          | <built-in function getattr>
[2026-01-15 09:35:57]        args: (%add_89, dtype
[2026-01-15 09:35:57]       call_method     | to_61                               | to
[2026-01-15 09:35:57]        args: (%mul_164, %getattr_63
[2026-01-15 09:35:57]       call_function   | mul_165                             | <built-in function mul>
[2026-01-15 09:35:57]        args: (%model_layers_14_post_attention_layernorm_weight, %to_61
[2026-01-15 09:35:57] [117] call_module     | model_layers_14_mlp_gate_proj       | model.layers.14.mlp.gate_proj
[2026-01-15 09:35:57]        args: (%mul_165
[2026-01-15 09:35:57] [118] call_module     | model_layers_14_mlp_act_fn          | model.layers.14.mlp.act_fn
[2026-01-15 09:35:57]        args: (%model_layers_14_mlp_gate_proj
[2026-01-15 09:35:57] [119] call_module     | model_layers_14_mlp_up_proj         | model.layers.14.mlp.up_proj
[2026-01-15 09:35:57]        args: (%mul_165
[2026-01-15 09:35:57]       call_function   | mul_166                             | <built-in function mul>
[2026-01-15 09:35:57]        args: (%model_layers_14_mlp_act_fn, %model_layers_14_mlp_up_proj
[2026-01-15 09:35:57] [120] call_module     | model_layers_14_mlp_down_proj       | model.layers.14.mlp.down_proj
[2026-01-15 09:35:57]        args: (%mul_166
[2026-01-15 09:35:57]       call_function   | add_91                              | <built-in function add>
[2026-01-15 09:35:57]        args: (%add_89, %model_layers_14_mlp_down_proj
[2026-01-15 09:35:57]       call_method     | to_62                               | to
[2026-01-15 09:35:57]        args: (%add_91, torch.float32
[2026-01-15 09:35:57]       call_method     | pow_31                              | pow
[2026-01-15 09:35:57]        args: (%to_62, 2
[2026-01-15 09:35:57]       call_method     | mean_30                             | mean
[2026-01-15 09:35:57]        args: (%pow_31, -1
[2026-01-15 09:35:57]       call_function   | add_92                              | <built-in function add>
[2026-01-15 09:35:57]        args: (%mean_30, 1e-05
[2026-01-15 09:35:57]       call_function   | rsqrt_30                            | <built-in method rsqrt of type object at 0x7f607045f240>
[2026-01-15 09:35:57]        args: (%add_92
[2026-01-15 09:35:57]       call_function   | mul_167                             | <built-in function mul>
[2026-01-15 09:35:57]        args: (%to_62, %rsqrt_30
[2026-01-15 09:35:57]       get_attr        | model_layers_15_input_layernorm_weight | model.layers.15.input_layernorm.weight
[2026-01-15 09:35:57]        args: (
[2026-01-15 09:35:57]       call_function   | getattr_64                          | <built-in function getattr>
[2026-01-15 09:35:57]        args: (%add_91, dtype
[2026-01-15 09:35:57]       call_method     | to_63                               | to
[2026-01-15 09:35:57]        args: (%mul_167, %getattr_64
[2026-01-15 09:35:57]       call_function   | mul_168                             | <built-in function mul>
[2026-01-15 09:35:57]        args: (%model_layers_15_input_layernorm_weight, %to_63
[2026-01-15 09:35:57]       call_method     | size_109                            | size
[2026-01-15 09:35:57]        args: (%mul_168
[2026-01-15 09:35:57]       call_function   | getitem_321                         | <built-in function getitem>
[2026-01-15 09:35:57]        args: (%size_109, 0
[2026-01-15 09:35:57]       call_function   | getitem_322                         | <built-in function getitem>
[2026-01-15 09:35:57]        args: (%size_109, 1
[2026-01-15 09:35:57]       call_function   | getitem_323                         | <built-in function getitem>
[2026-01-15 09:35:57]        args: (%size_109, 2
[2026-01-15 09:35:57] [121] call_module     | model_layers_15_self_attn_q_proj    | model.layers.15.self_attn.q_proj
[2026-01-15 09:35:57]        args: (%mul_168
[2026-01-15 09:35:57] [122] call_module     | model_layers_15_self_attn_k_proj    | model.layers.15.self_attn.k_proj
[2026-01-15 09:35:57]        args: (%mul_168
[2026-01-15 09:35:57] [123] call_module     | model_layers_15_self_attn_v_proj    | model.layers.15.self_attn.v_proj
[2026-01-15 09:35:57]        args: (%mul_168
[2026-01-15 09:35:57]       call_method     | view_60                             | view
[2026-01-15 09:35:57]        args: (%model_layers_15_self_attn_q_proj, %getitem_321, %getitem_322, 32, 64
[2026-01-15 09:35:57]       call_method     | transpose_61                        | transpose
[2026-01-15 09:35:57]        args: (%view_60, 1, 2
[2026-01-15 09:35:57]       call_method     | view_61                             | view
[2026-01-15 09:35:57]        args: (%model_layers_15_self_attn_k_proj, %getitem_321, %getitem_322, 8, 64
[2026-01-15 09:35:57]       call_method     | transpose_62                        | transpose
[2026-01-15 09:35:57]        args: (%view_61, 1, 2
[2026-01-15 09:35:57]       call_method     | view_62                             | view
[2026-01-15 09:35:57]        args: (%model_layers_15_self_attn_v_proj, %getitem_321, %getitem_322, 8, 64
[2026-01-15 09:35:57]       call_method     | transpose_63                        | transpose
[2026-01-15 09:35:57]        args: (%view_62, 1, 2
[2026-01-15 09:35:57]       call_method     | unsqueeze_31                        | unsqueeze
[2026-01-15 09:35:57]        args: (%to, 1
[2026-01-15 09:35:57]       call_method     | unsqueeze_32                        | unsqueeze
[2026-01-15 09:35:57]        args: (%to_1, 1
[2026-01-15 09:35:57]       call_function   | mul_169                             | <built-in function mul>
[2026-01-15 09:35:57]        args: (%transpose_61, %unsqueeze_31
[2026-01-15 09:35:57]       call_method     | size_110                            | size
[2026-01-15 09:35:57]        args: (%transpose_61
[2026-01-15 09:35:57]       call_function   | getitem_324                         | <built-in function getitem>
[2026-01-15 09:35:57]        args: (%size_110, -1
[2026-01-15 09:35:57]       call_function   | floordiv_60                         | <built-in function floordiv>
[2026-01-15 09:35:57]        args: (%getitem_324, 2
[2026-01-15 09:35:57]       call_function   | getitem_325                         | <built-in function getitem>
[2026-01-15 09:35:57]        args: (%transpose_61, (Ellipsis, slice(None, floordi
[2026-01-15 09:35:57]       call_method     | size_111                            | size
[2026-01-15 09:35:57]        args: (%transpose_61
[2026-01-15 09:35:57]       call_function   | getitem_326                         | <built-in function getitem>
[2026-01-15 09:35:57]        args: (%size_111, -1
[2026-01-15 09:35:57]       call_function   | floordiv_61                         | <built-in function floordiv>
[2026-01-15 09:35:57]        args: (%getitem_326, 2
[2026-01-15 09:35:57]       call_function   | getitem_327                         | <built-in function getitem>
[2026-01-15 09:35:57]        args: (%transpose_61, (Ellipsis, slice(floordiv_61, 
[2026-01-15 09:35:57]       call_function   | neg_30                              | <built-in function neg>
[2026-01-15 09:35:57]        args: (%getitem_327
[2026-01-15 09:35:57]       call_function   | cat_31                              | <built-in method cat of type object at 0x7f607045f240>
[2026-01-15 09:35:57]        args: ((neg_30, getitem_325)
[2026-01-15 09:35:57]       call_function   | mul_170                             | <built-in function mul>
[2026-01-15 09:35:57]        args: (%cat_31, %unsqueeze_32
[2026-01-15 09:35:57]       call_function   | add_93                              | <built-in function add>
[2026-01-15 09:35:57]        args: (%mul_169, %mul_170
[2026-01-15 09:35:57]       call_function   | mul_171                             | <built-in function mul>
[2026-01-15 09:35:57]        args: (%transpose_62, %unsqueeze_31
[2026-01-15 09:35:57]       call_method     | size_112                            | size
[2026-01-15 09:35:57]        args: (%transpose_62
[2026-01-15 09:35:57]       call_function   | getitem_328                         | <built-in function getitem>
[2026-01-15 09:35:57]        args: (%size_112, -1
[2026-01-15 09:35:57]       call_function   | floordiv_62                         | <built-in function floordiv>
[2026-01-15 09:35:57]        args: (%getitem_328, 2
[2026-01-15 09:35:57]       call_function   | getitem_329                         | <built-in function getitem>
[2026-01-15 09:35:57]        args: (%transpose_62, (Ellipsis, slice(None, floordi
[2026-01-15 09:35:57]       call_method     | size_113                            | size
[2026-01-15 09:35:57]        args: (%transpose_62
[2026-01-15 09:35:57]       call_function   | getitem_330                         | <built-in function getitem>
[2026-01-15 09:35:57]        args: (%size_113, -1
[2026-01-15 09:35:57]       call_function   | floordiv_63                         | <built-in function floordiv>
[2026-01-15 09:35:57]        args: (%getitem_330, 2
[2026-01-15 09:35:57]       call_function   | getitem_331                         | <built-in function getitem>
[2026-01-15 09:35:57]        args: (%transpose_62, (Ellipsis, slice(floordiv_63, 
[2026-01-15 09:35:57]       call_function   | neg_31                              | <built-in function neg>
[2026-01-15 09:35:57]        args: (%getitem_331
[2026-01-15 09:35:57]       call_function   | cat_32                              | <built-in method cat of type object at 0x7f607045f240>
[2026-01-15 09:35:57]        args: ((neg_31, getitem_329)
[2026-01-15 09:35:57]       call_function   | mul_172                             | <built-in function mul>
[2026-01-15 09:35:57]        args: (%cat_32, %unsqueeze_32
[2026-01-15 09:35:57]       call_function   | add_94                              | <built-in function add>
[2026-01-15 09:35:57]        args: (%mul_171, %mul_172
[2026-01-15 09:35:57]       call_method     | size_114                            | size
[2026-01-15 09:35:57]        args: (%add_94
[2026-01-15 09:35:57]       call_function   | getitem_332                         | <built-in function getitem>
[2026-01-15 09:35:57]        args: (%size_114, 0
[2026-01-15 09:35:57]       call_function   | getitem_333                         | <built-in function getitem>
[2026-01-15 09:35:57]        args: (%size_114, 1
[2026-01-15 09:35:57]       call_function   | getitem_334                         | <built-in function getitem>
[2026-01-15 09:35:57]        args: (%size_114, 2
[2026-01-15 09:35:57]       call_function   | getitem_335                         | <built-in function getitem>
[2026-01-15 09:35:57]        args: (%size_114, 3
[2026-01-15 09:35:57]       call_function   | getitem_336                         | <built-in function getitem>
[2026-01-15 09:35:57]        args: (%add_94, (slice(None, None, None), slic
[2026-01-15 09:35:57]       call_method     | expand_31                           | expand
[2026-01-15 09:35:57]        args: (%getitem_336, %getitem_332, %getitem_333, 4, %getitem_334, %getitem_335
[2026-01-15 09:35:57]       call_function   | mul_173                             | <built-in function mul>
[2026-01-15 09:35:57]        args: (%getitem_333, 4
[2026-01-15 09:35:57]       call_method     | reshape_30                          | reshape
[2026-01-15 09:35:57]        args: (%expand_31, %getitem_332, %mul_173, %getitem_334, %getitem_335
[2026-01-15 09:35:57]       call_method     | size_115                            | size
[2026-01-15 09:35:57]        args: (%transpose_63
[2026-01-15 09:35:57]       call_function   | getitem_337                         | <built-in function getitem>
[2026-01-15 09:35:57]        args: (%size_115, 0
[2026-01-15 09:35:57]       call_function   | getitem_338                         | <built-in function getitem>
[2026-01-15 09:35:57]        args: (%size_115, 1
[2026-01-15 09:35:57]       call_function   | getitem_339                         | <built-in function getitem>
[2026-01-15 09:35:57]        args: (%size_115, 2
[2026-01-15 09:35:57]       call_function   | getitem_340                         | <built-in function getitem>
[2026-01-15 09:35:57]        args: (%size_115, 3
[2026-01-15 09:35:57]       call_function   | getitem_341                         | <built-in function getitem>
[2026-01-15 09:35:57]        args: (%transpose_63, (slice(None, None, None), slic
[2026-01-15 09:35:57]       call_method     | expand_32                           | expand
[2026-01-15 09:35:57]        args: (%getitem_341, %getitem_337, %getitem_338, 4, %getitem_339, %getitem_340
[2026-01-15 09:35:57]       call_function   | mul_174                             | <built-in function mul>
[2026-01-15 09:35:57]        args: (%getitem_338, 4
[2026-01-15 09:35:57]       call_method     | reshape_31                          | reshape
[2026-01-15 09:35:57]        args: (%expand_32, %getitem_337, %mul_174, %getitem_339, %getitem_340
[2026-01-15 09:35:57]       call_function   | getattr_65                          | <built-in function getattr>
[2026-01-15 09:35:57]        args: (%add_93, device
[2026-01-15 09:35:57]       call_function   | getattr_66                          | <built-in function getattr>
[2026-01-15 09:35:57]        args: (%getattr_65, type
[2026-01-15 09:35:57]       call_function   | eq_18                               | <built-in function eq>
[2026-01-15 09:35:57]        args: (%getattr_66, cuda
[2026-01-15 09:35:57]       call_function   | gt_15                               | <built-in function gt>
[2026-01-15 09:35:57]        args: (%getitem_322, 1
[2026-01-15 09:35:57]       call_function   | scaled_dot_product_attention_15     | <built-in function scaled_dot_product_attention>
[2026-01-15 09:35:57]        args: (%add_93, %reshape_30, %reshape_31
[2026-01-15 09:35:57]       call_method     | transpose_64                        | transpose
[2026-01-15 09:35:57]        args: (%scaled_dot_product_attention_15, 1, 2
[2026-01-15 09:35:57]       call_method     | contiguous_15                       | contiguous
[2026-01-15 09:35:57]        args: (%transpose_64
[2026-01-15 09:35:57]       call_method     | view_63                             | view
[2026-01-15 09:35:57]        args: (%contiguous_15, %getitem_321, %getitem_322, -1
[2026-01-15 09:35:57] [124] call_module     | model_layers_15_self_attn_o_proj    | model.layers.15.self_attn.o_proj
[2026-01-15 09:35:57]        args: (%view_63
[2026-01-15 09:35:57]       call_function   | add_95                              | <built-in function add>
[2026-01-15 09:35:57]        args: (%add_91, %model_layers_15_self_attn_o_proj
[2026-01-15 09:35:57]       call_method     | to_64                               | to
[2026-01-15 09:35:57]        args: (%add_95, torch.float32
[2026-01-15 09:35:57]       call_method     | pow_32                              | pow
[2026-01-15 09:35:57]        args: (%to_64, 2
[2026-01-15 09:35:57]       call_method     | mean_31                             | mean
[2026-01-15 09:35:57]        args: (%pow_32, -1
[2026-01-15 09:35:57]       call_function   | add_96                              | <built-in function add>
[2026-01-15 09:35:57]        args: (%mean_31, 1e-05
[2026-01-15 09:35:57]       call_function   | rsqrt_31                            | <built-in method rsqrt of type object at 0x7f607045f240>
[2026-01-15 09:35:57]        args: (%add_96
[2026-01-15 09:35:57]       call_function   | mul_175                             | <built-in function mul>
[2026-01-15 09:35:57]        args: (%to_64, %rsqrt_31
[2026-01-15 09:35:57]       get_attr        | model_layers_15_post_attention_layernorm_weight | model.layers.15.post_attention_layernorm.weight
[2026-01-15 09:35:57]        args: (
[2026-01-15 09:35:57]       call_function   | getattr_67                          | <built-in function getattr>
[2026-01-15 09:35:57]        args: (%add_95, dtype
[2026-01-15 09:35:57]       call_method     | to_65                               | to
[2026-01-15 09:35:57]        args: (%mul_175, %getattr_67
[2026-01-15 09:35:57]       call_function   | mul_176                             | <built-in function mul>
[2026-01-15 09:35:57]        args: (%model_layers_15_post_attention_layernorm_weight, %to_65
[2026-01-15 09:35:57] [125] call_module     | model_layers_15_mlp_gate_proj       | model.layers.15.mlp.gate_proj
[2026-01-15 09:35:57]        args: (%mul_176
[2026-01-15 09:35:57] [126] call_module     | model_layers_15_mlp_act_fn          | model.layers.15.mlp.act_fn
[2026-01-15 09:35:57]        args: (%model_layers_15_mlp_gate_proj
[2026-01-15 09:35:57] [127] call_module     | model_layers_15_mlp_up_proj         | model.layers.15.mlp.up_proj
[2026-01-15 09:35:57]        args: (%mul_176
[2026-01-15 09:35:57]       call_function   | mul_177                             | <built-in function mul>
[2026-01-15 09:35:57]        args: (%model_layers_15_mlp_act_fn, %model_layers_15_mlp_up_proj
[2026-01-15 09:35:57] [128] call_module     | model_layers_15_mlp_down_proj       | model.layers.15.mlp.down_proj
[2026-01-15 09:35:57]        args: (%mul_177
[2026-01-15 09:35:57]       call_function   | add_97                              | <built-in function add>
[2026-01-15 09:35:57]        args: (%add_95, %model_layers_15_mlp_down_proj
[2026-01-15 09:35:57]       call_method     | to_66                               | to
[2026-01-15 09:35:57]        args: (%add_97, torch.float32
[2026-01-15 09:35:57]       call_method     | pow_33                              | pow
[2026-01-15 09:35:57]        args: (%to_66, 2
[2026-01-15 09:35:57]       call_method     | mean_32                             | mean
[2026-01-15 09:35:57]        args: (%pow_33, -1
[2026-01-15 09:35:57]       call_function   | add_98                              | <built-in function add>
[2026-01-15 09:35:57]        args: (%mean_32, 1e-05
[2026-01-15 09:35:57]       call_function   | rsqrt_32                            | <built-in method rsqrt of type object at 0x7f607045f240>
[2026-01-15 09:35:57]        args: (%add_98
[2026-01-15 09:35:57]       call_function   | mul_178                             | <built-in function mul>
[2026-01-15 09:35:57]        args: (%to_66, %rsqrt_32
[2026-01-15 09:35:57]       get_attr        | model_norm_weight                   | model.norm.weight
[2026-01-15 09:35:57]        args: (
[2026-01-15 09:35:57]       call_function   | getattr_68                          | <built-in function getattr>
[2026-01-15 09:35:57]        args: (%add_97, dtype
[2026-01-15 09:35:57]       call_method     | to_67                               | to
[2026-01-15 09:35:57]        args: (%mul_178, %getattr_68
[2026-01-15 09:35:57]       call_function   | mul_179                             | <built-in function mul>
[2026-01-15 09:35:57]        args: (%model_norm_weight, %to_67
[2026-01-15 09:35:57]       call_function   | getitem_342                         | <built-in function getitem>
[2026-01-15 09:35:57]        args: (%mul_179, (slice(None, None, None), slic
[2026-01-15 09:35:57] [129] call_module     | lm_head                             | lm_head
[2026-01-15 09:35:57]        args: (%getitem_342
[2026-01-15 09:35:57]       output          | output                              | output
[2026-01-15 09:35:57]        args: ({'logits': lm_head}
[2026-01-15 09:35:57] [rank:0] clean_module_memory
[2026-01-15 09:35:57] [rank:0] PARALLEL MODE PROCESSING
[2026-01-15 09:35:57] [local_rank:1] Rank 0 finished
[2026-01-15 09:36:11] [rank:1] GPU mode is used.
[2026-01-15 09:36:11] [rank:1] Communication already initialized
[2026-01-15 09:36:11] [rank:1] before init_device_mesh
[2026-01-15 09:36:11] [rank:1] after init_device_mesh
[2026-01-15 09:36:11] [rank:1] pp group:DeviceMesh('cuda', [0, 1], mesh_dim_names=('pp',))
[2026-01-15 09:36:11] [rank:1] tp group:DeviceMesh('cuda', [1], mesh_dim_names=('tp',))
[2026-01-15 09:36:11] [rank:1] dp group:DeviceMesh('cuda', [1], mesh_dim_names=('dp',))
[2026-01-15 09:36:11] [rank:1] Using GPU ... cuda:1
[2026-01-15 09:36:11] [rank:1] model class name: LlamaForCausalLM
[2026-01-15 09:36:11] [rank:1] split method: simple
length:1569, modcnt:130, num_stage:2, segment:65
[2026-01-15 09:36:12] [rank:1] second metadata_range
[2026-01-15 09:36:12] [rank:1] last_node[stage#0] = submod_0
[2026-01-15 09:36:12] [rank:1] last_node[stage#1] = submod_1
 ### Rank:1, name:submod_1, move submod_1 to cuda:1
[2026-01-15 09:36:12] [rank:1] clean_module_memory
[2026-01-15 09:36:12] [rank:1] PARALLEL MODE PROCESSING
[2026-01-15 09:36:12]  special_nodes | total=1 far=0 max_span=0 dropped_submod_adj=1
[2026-01-15 09:36:12] [rank:1] Optimus_p initialized
[2026-01-15 09:36:12]  special_nodes by rank | world_size=2 | far=span>=2 | topk=5
[2026-01-15 09:36:12]  special_nodes | total=1 far=0 max_span=0 dropped_submod_adj=1
[2026-01-15 09:36:12] [rank:0] Optimus_p initialized
[2026-01-15 09:36:12] ===> Model loading completed
[2026-01-15 09:36:12] [2026-01-15 09:36:12] ========== PROFILE MODE ==========
[LayerBlockProfiler] Embedding hooks: model_embed_tokens
[LayerBlockProfiler] layer_0: q_proj start → next_q_proj start (model_layers_0_self_attn_q_proj)
[LayerBlockProfiler] layer_1: q_proj start → next_q_proj start (model_layers_1_self_attn_q_proj)
[LayerBlockProfiler] layer_2: q_proj start → next_q_proj start (model_layers_2_self_attn_q_proj)
[LayerBlockProfiler] layer_3: q_proj start → next_q_proj start (model_layers_3_self_attn_q_proj)
Using the latest cached version of the dataset since squad couldn't be found on the Hugging Face Hub (offline mode is enabled).
[LayerBlockProfiler] layer_4: q_proj start → next_q_proj start (model_layers_4_self_attn_q_proj)
WARNING:datasets.load:Using the latest cached version of the dataset since squad couldn't be found on the Hugging Face Hub (offline mode is enabled).
[LayerBlockProfiler] layer_5: q_proj start → next_q_proj start (model_layers_5_self_attn_q_proj)
[LayerBlockProfiler] layer_6: q_proj start → next_q_proj start (model_layers_6_self_attn_q_proj)
[LayerBlockProfiler] layer_7: q_proj start → lm_head start (model_layers_7_self_attn_q_proj)
[LayerBlockProfiler] LAYER PROFILING (q_proj boundary-based)
[LayerBlockProfiler] Embedding: embed_tokens pre → post
[LayerBlockProfiler] Layer N: q_proj_N start → q_proj_(N+1) start
[LayerBlockProfiler] Last Layer: q_proj start → lm_head start (includes model_norm)
[LayerBlockProfiler] LM Head: lm_head start → lm_head end
[LayerBlockProfiler] Registered layers: [0, 1, 2, 3, 4, 5, 6, 7]
[LayerBlockProfiler] num_mb=32 (times will be per-forward-pass average)
Found the latest cached dataset configuration 'plain_text' at /root/.cache/huggingface/datasets/squad/plain_text/0.0.0/7b6d24c440a36b6815f21b70d25016731768db1f (last modified on Wed Nov 12 05:58:19 2025).
WARNING:datasets.packaged_modules.cache.cache:Found the latest cached dataset configuration 'plain_text' at /root/.cache/huggingface/datasets/squad/plain_text/0.0.0/7b6d24c440a36b6815f21b70d25016731768db1f (last modified on Wed Nov 12 05:58:19 2025).
Using the latest cached version of the dataset since squad couldn't be found on the Hugging Face Hub (offline mode is enabled).
WARNING:datasets.load:Using the latest cached version of the dataset since squad couldn't be found on the Hugging Face Hub (offline mode is enabled).
Found the latest cached dataset configuration 'plain_text' at /root/.cache/huggingface/datasets/squad/plain_text/0.0.0/7b6d24c440a36b6815f21b70d25016731768db1f (last modified on Wed Nov 12 05:58:19 2025).
WARNING:datasets.packaged_modules.cache.cache:Found the latest cached dataset configuration 'plain_text' at /root/.cache/huggingface/datasets/squad/plain_text/0.0.0/7b6d24c440a36b6815f21b70d25016731768db1f (last modified on Wed Nov 12 05:58:19 2025).
[2026-01-15 09:36:12] [rank:1] Profile: 10 steps (50 warmup)
[2026-01-15 09:36:12] [rank:0] Profile: 10 steps (50 warmup)
[2026-01-15 09:36:25] [rank:0] Profile step 5/10
[2026-01-15 09:36:36] [rank:0] Profile step 10/10

==========================================================================================
 Layer Block Profile (Stage 0, Rank 0)
 Measures: q_proj_N → q_proj_(N+1) (last layer → lm_head)
 Includes: attn + post_attn_norm + mlp + residuals + next_input_layernorm
 Warmup: 50 steps, Measured: 10 steps
 Values: per-forward-pass average (num_mb=32)
==========================================================================================

[Summary - Per Forward Pass]
Component            Median(ms)   Min(ms)      Max(ms)      Mean(ms)     %       
--------------------------------------------------------------------------------
Embedding            0.0202       0.0146       1.2800       0.1459       0.22    
Transformer (total)  9.1787       -            -            9.3248       99.78   
--------------------------------------------------------------------------------
TOTAL                9.1989      

[Per-Layer Breakdown (q_proj → next_q_proj)]
Layer           Mean(ms)     Min(ms)      Max(ms)      Std(ms)      %       
---------------------------------------------------------------------------
layer_0         1.4138       1.2970       1.9906       0.2092       15.37   
layer_1         1.3103       1.2740       1.3493       0.0194       14.24   
layer_2         1.3514       1.2721       1.7418       0.1321       14.69   
layer_3         1.3070       1.2735       1.3787       0.0287       14.21   
layer_4         1.3050       1.2769       1.3418       0.0204       14.19   
layer_5         1.3402       1.2705       1.7193       0.1276       14.57   
layer_6         1.2971       1.2732       1.3255       0.0176       14.10   
---------------------------------------------------------------------------
Avg per layer   1.3321      
Avg (excl last) 1.3379        (last layer includes model_norm)

==========================================================================================


==========================================================================================
 COMBINED PROFILE (All Stages/Ranks)
 PP=2 stages, 15 transformer layers
 Values: per-forward-pass average
==========================================================================================

[Combined Summary - Per Forward Pass (Median values for stability)]
Component                 Median(ms)   Min(ms)      Max(ms)      %       
---------------------------------------------------------------------------
Embedding                 0.0202       0.0146       1.2800       0.08    
Transformer (total)       19.8417      -            -            82.69   
  └ Avg per layer         1.3228      
LM Head                   4.1324       4.0037       4.5397       17.22   
---------------------------------------------------------------------------
TOTAL                     23.9943     

[Per-Layer Breakdown]
Layer           Median(ms)   Min(ms)      Max(ms)      Mean(ms)     %       
---------------------------------------------------------------------------
layer_0         1.3356       1.2970       1.9906       1.4138       5.57    
layer_1         1.3144       1.2740       1.3493       1.3103       5.48    
layer_2         1.3124       1.2721       1.7418       1.3514       5.47    
layer_3         1.3075       1.2735       1.3787       1.3070       5.45    
layer_4         1.3114       1.2769       1.3418       1.3050       5.47    
layer_5         1.3004       1.2705       1.7193       1.3402       5.42    
layer_6         1.2971       1.2732       1.3255       1.2971       5.41    
layer_8         1.5678       1.5358       5.8685       1.9869       6.53    
layer_9         1.3084       1.2704       1.3178       1.2986       5.45    
layer_10        1.2896       1.2739       1.3678       1.2975       5.37    
layer_11        1.3033       1.2698       1.3682       1.3027       5.43    
layer_12        1.2899       1.2535       1.7354       1.3315       5.38    
layer_13        1.3080       1.2715       1.3288       1.2956       5.45    
layer_14        1.2932       1.2604       1.3124       1.2925       5.39    
layer_15        1.3027       1.2639       1.9430       1.3933       5.43    
---------------------------------------------------------------------------
Avg (excl 1st/last) 1.3233       -            -            1.3628      
  (excludes layer_0 warmup overhead and last layer boundary effect)

==========================================================================================

[2026-01-15 09:36:37][rank:0] Profile results saved to results/profile_Llama-3.2-1B-32-1-2-1-1.json
[rank:0] process group destroyed.
>>> EXIT_CODE: 0, ELAPSED_TIME: 24.035641193389893
[2026-01-15 09:36:38][rank:0] EXIT_CODE 0 saved to tmp/exitcode_Llama-3.2-1B-32-1-2-1-1.txt
[rank:1] process group destroyed.
>>> EXIT_CODE: 0, ELAPSED_TIME: None
SUCCESS → 24.036s

=================================================
 Completed!
=================================================
